Loan_ID,Gender,Married,Dependents,Education,Employment_Status,Applicant_Income,Coapplicant_Income,Loan_Amount,Loan_Term,Credit_History,Property_Area,Age,Loan_Status,Monthly_EMI,DTI_Ratio
LN03437,Female,Yes,3,Graduate,Salaried,34473.91166923328,13914.72157435152,240732.45836615388,180.0,1,Semiurban,40.08402835772523,Approved,1337.4025464786328,0.027638774993834755
LN04823,Female,Yes,1,Graduate,Self-Employed,59718.02068186657,18720.81478667386,122547.2784420567,180.0,1,Semiurban,47.24364357910529,Approved,680.8182135669817,0.008679606339133355
LN04186,Female,Yes,1,Not Graduate,Salaried,106981.51573401516,2229.154376688812,140550.9377743688,60.0,1,Rural,24.29206965825301,Approved,2342.5156295728134,0.021449512462456893
LN00380,Male,Yes,2,Graduate,Salaried,43205.56315638448,35578.11177097762,146135.73812668523,120.0,1,Semiurban,38.74224365810564,Approved,1217.797817722377,0.01545748937003988
LN04698,Female,Yes,0,Graduate,Salaried,62526.28398966401,20212.157911887247,203408.0517437992,180.0,1,Semiurban,41.16472074982296,Approved,1130.0447319099956,0.013658037375838093
LN00686,Male,Yes,0,Graduate,Salaried,55193.4920368373,9840.9468686766,26978.20889518973,240.0,1,Rural,38.59001637414981,Approved,112.40920372995721,0.001728456578110443
LN03978,Female,Yes,3,Graduate,Self-Employed,71362.06410257293,4873.144366315071,64638.70027147238,120.0,1,Urban,36.39973062520085,Approved,538.6558355956032,0.007065709485341429
LN04744,Female,No,0,Graduate,Salaried,92086.78216617192,31781.7992212487,81487.17053960571,120.0,0,Semiurban,30.35282210031861,Rejected,679.0597544967143,0.005482098421494279
LN01422,Male,No,2,Not Graduate,Self-Employed,52700.945409142296,3658.288547222095,118807.98756563698,180.0,1,Urban,34.940674987596864,Approved,660.0443753646499,0.011711379467571953
LN00381,Female,No,2,Graduate,Unemployed,48012.14709111956,615.8883320544082,268723.31416419963,240.0,1,Semiurban,29.123910461496703,Rejected,1119.6804756841652,0.023025410464157375
LN03806,Male,No,1,Not Graduate,Salaried,60694.27497505124,16573.465676730775,100456.96229916424,240.0,0,Urban,51.040872092653046,Rejected,418.5706762465177,0.005417146570039695
LN01917,Female,Yes,0,Not Graduate,Salaried,47583.04803497768,10427.81460680804,77767.93734657929,60.0,1,Semiurban,51.22812328044755,Approved,1296.1322891096547,0.02234292389536093
LN05809,Female,Yes,0,Graduate,Salaried,55386.76666720584,23695.72518653421,167720.32837371694,180.0,1,Semiurban,22.568192398043514,Approved,931.7796020762053,0.011782375342945628
LN05675,Male,No,1,Graduate,Salaried,60402.129337381964,6998.24701335896,119701.8508026245,240.0,0,Urban,33.77286810385638,Rejected,498.75771167760206,0.007399924728641656
LN01774,Female,Yes,2,Graduate,Self-Employed,45150.58828603904,23157.544866520693,141854.39033118825,180.0,1,Urban,37.32221441279998,Approved,788.0799462843792,0.01153713196237229
LN00346,Male,Yes,1,Graduate,Unemployed,31038.31317005352,10677.0482089267,160392.6619068823,240.0,1,Urban,34.2407973339632,Approved,668.3027579453429,0.0160205434126262
LN05235,Female,Yes,0,Graduate,Salaried,101364.52083011648,16814.610634806388,120417.70923287772,300.0,0,Urban,28.3256241842979,Rejected,401.3923641095924,0.0033964741417035287
LN04250,Male,No,0,Not Graduate,Salaried,81506.86803913795,9418.667403425494,150560.40765979496,180.0,1,Semiurban,35.52977797588484,Approved,836.4467092210831,0.009199249750357052
LN03283,Male,No,0,Graduate,Salaried,77529.11291005871,22020.303236673262,185813.12482342645,120.0,0,Semiurban,37.74645984881338,Rejected,1548.442706861887,0.01555451319352333
LN02365,Female,Yes,1,Graduate,Salaried,90674.55419832998,18516.62354974059,209806.6858545553,240.0,0,Urban,31.95981284506396,Rejected,874.1945243939805,0.00800609117350992
LN01916,Male,Yes,2,Graduate,Self-Employed,44244.32496183522,12253.562506337026,20000.0,240.0,1,Semiurban,41.81754458172553,Approved,83.33333333333333,0.0014749814031591655
LN02968,Male,No,0,Graduate,Self-Employed,23587.93398902965,20336.95248006193,165581.71494037125,300.0,1,Rural,33.11308543408386,Approved,551.9390498012375,0.01256552023622458
LN02309,Female,Yes,2,Graduate,Salaried,77753.10851747672,12349.350031114203,150632.72320743272,180.0,0,Rural,21.0,Rejected,836.8484622635151,0.009287742817941145
LN01881,Female,Yes,0,Graduate,Self-Employed,92311.65647096463,12612.473979365655,105969.67701091754,180.0,1,Rural,50.054788479158255,Approved,588.7204278384307,0.005610915480658887
LN00849,Male,Yes,1,Graduate,Salaried,49380.060899963646,5064.06996068552,93995.74337372326,120.0,1,Semiurban,24.346239927080003,Approved,783.2978614476939,0.01438718644352245
LN03965,Male,Yes,2,Graduate,Salaried,67262.31255489046,20011.292760645763,210933.26053944608,120.0,0,Urban,38.75574657596248,Rejected,1757.7771711620508,0.020140994116226062
LN02001,Male,Yes,2,Graduate,Salaried,57109.62658568964,9963.497396244036,139458.264067271,180.0,1,Rural,39.44971750004319,Approved,774.7681337070611,0.011551096589980615
LN01714,Male,No,1,Graduate,Self-Employed,49293.436280921545,27991.498205476677,134201.80243236508,360.0,0,Semiurban,35.54941273413164,Rejected,372.78278453434746,0.0048234858062790415
LN04944,Male,Yes,2,Graduate,Salaried,94962.74138241672,24177.721505515,203779.7454099165,300.0,1,Rural,35.96824824181808,Approved,679.265818033055,0.0057013864271452394
LN03949,Female,Yes,3,Graduate,Salaried,34419.38527560428,28006.254010559587,242940.13177902577,180.0,1,Semiurban,44.26405800190551,Approved,1349.6673987723655,0.021620401716438777
LN00804,Male,No,1,Not Graduate,Salaried,51310.07545135369,6360.201509239218,101982.34739289431,180.0,1,Semiurban,32.36194262608577,Approved,566.5685966271906,0.009824273897875272
LN04861,Male,Yes,2,Graduate,Salaried,43477.76016570916,1630.2204185944574,194931.39333652423,180.0,1,Rural,33.61469889396104,Approved,1082.9521852029125,0.024007995285422978
LN00421,Male,No,1,Graduate,Salaried,95106.81684886408,6781.851715786541,72962.10958423188,300.0,0,Urban,36.38322233429945,Rejected,243.2070319474396,0.0023869880269670944
LN00915,Male,No,2,Not Graduate,Salaried,65580.43051540678,2140.002934835064,167651.96242075006,300.0,1,Rural,33.00429883770696,Approved,558.8398747358335,0.008252160334243072
LN02272,Female,No,2,Graduate,Salaried,46485.838416767765,9678.56109826898,80849.10956277631,60.0,1,Urban,36.522043207967,Approved,1347.4851593796052,0.023991802120466837
LN04417,Male,No,1,Graduate,Salaried,21008.76564491266,17174.058527270034,139911.28118504208,60.0,1,Semiurban,57.507875413249806,Approved,2331.854686417368,0.06107077559014591
LN05229,Male,Yes,0,Graduate,Self-Employed,79158.64110431368,15094.263605637732,205650.03495693405,180.0,0,Semiurban,21.0,Rejected,1142.5001942051892,0.012121644396223704
LN02070,Male,No,2,Graduate,Unemployed,79307.94969182342,24475.119085755672,144432.27988072444,300.0,0,Semiurban,41.34536906805108,Rejected,481.44093293574815,0.004638915948491946
LN05862,Female,Yes,1,Not Graduate,Salaried,53303.94025110996,21232.35896638817,112586.26726111522,360.0,0,Urban,35.73687938145732,Rejected,312.73963128087564,0.004195803045819277
LN03961,Female,Yes,0,Graduate,Salaried,97808.81370311564,7156.790296997443,179068.6529669462,60.0,0,Urban,36.11349731129279,Rejected,2984.477549449103,0.028432909788675995
LN02585,Male,Yes,2,Not Graduate,Self-Employed,47486.45425007575,20568.747223681457,165785.9711148262,360.0,0,Urban,41.919433181014725,Rejected,460.51658643007283,0.006766809537808109
LN00845,Female,No,1,Graduate,Salaried,69849.02528016298,19371.26779731052,151830.18282815395,60.0,0,Urban,50.548453653314,Rejected,2530.503047135899,0.028362415767213
LN04907,Male,Yes,0,Graduate,Salaried,36930.151480304325,18366.01427562167,154736.92379164533,360.0,1,Rural,23.50747286035635,Approved,429.8247883101259,0.007773139103484084
LN02322,Male,No,1,Graduate,Unemployed,69155.45732303771,33076.308056706854,238164.9400149785,60.0,0,Urban,26.1541689961432,Rejected,3969.415666916308,0.03882761539108449
LN02548,Male,No,1,Graduate,Salaried,80427.66590858797,10649.22758423684,178302.87294160336,180.0,0,Rural,43.495865991653154,Rejected,990.5715163422409,0.010876211060276005
LN05031,Male,No,1,Graduate,Self-Employed,85086.76721514679,20735.58836877425,169727.2017158337,300.0,1,Urban,37.18071045417997,Approved,565.757339052779,0.005346293190422439
LN02362,Male,Yes,0,Graduate,Salaried,29552.816275642177,1763.5042915782103,110532.38170487114,60.0,0,Rural,25.67452727128211,Rejected,1842.2063617478523,0.05882576012700987
LN04566,Male,No,1,Not Graduate,Salaried,77049.372868659,27891.31835437445,111366.33046697716,300.0,1,Semiurban,37.2032795968457,Approved,371.22110155659055,0.003537437167891564
LN04291,Male,Yes,0,Graduate,Salaried,51393.81360090715,1080.167132029239,98698.237622238,120.0,0,Semiurban,25.49112928269077,Rejected,822.48531351865,0.015674155115173106
LN02780,Female,Yes,3,Graduate,Self-Employed,77490.34148265046,7653.289063231406,202801.5185782857,120.0,0,Urban,38.52209098528839,Rejected,1690.0126548190476,0.019848961619135328
LN01873,Male,Yes,0,Graduate,Salaried,75593.2106453868,5980.073505568025,139632.16156529976,360.0,0,Urban,44.55666918444399,Rejected,387.867115459166,0.004754830205700697
LN05450,Female,Yes,1,Graduate,Salaried,51163.02145518352,9184.19236772782,148091.52065167858,120.0,1,Rural,44.20884562246498,Approved,1234.096005430655,0.020449925145709372
LN04838,Male,Yes,0,Graduate,Salaried,87017.04661398011,9508.735190104226,156404.94421794932,240.0,0,Semiurban,42.09156718023568,Rejected,651.6872675747888,0.006751432160347586
LN04180,Male,No,2,Graduate,Salaried,65566.9726928934,806.1564420395935,149826.1395149032,300.0,1,Urban,36.17524464472043,Approved,499.4204650496773,0.007524437548128589
LN02605,Male,No,2,Graduate,Salaried,56309.49284688301,26377.76780668662,254987.62739979947,180.0,1,Urban,39.04866533209236,Approved,1416.597929998886,0.017131997345200857
LN04600,Male,No,3,Not Graduate,Salaried,55680.78959299535,26888.062411931565,173667.05916925718,240.0,0,Semiurban,49.556193669210494,Rejected,723.6127465385715,0.008763749634007183
LN01445,Male,No,2,Graduate,Salaried,46972.86212416342,30027.34326305588,217221.69540415023,60.0,1,Semiurban,48.15244258070658,Approved,3620.3615900691707,0.04701755757485406
LN04797,Male,Yes,0,Graduate,Unemployed,21012.56489355153,10171.222807088652,125001.87513956822,300.0,1,Semiurban,21.0,Approved,416.67291713189405,0.013361844338214886
LN03372,Male,No,2,Graduate,Salaried,89018.55096558423,9100.846037500669,158551.97463185736,240.0,0,Semiurban,24.96443946126582,Rejected,660.633227632739,0.0067329523805773955
LN04523,Male,No,1,Graduate,Self-Employed,101501.30078697082,14378.639335306914,139316.1414705892,180.0,1,Urban,33.29425705324955,Approved,773.9785637254956,0.006679141902462025
LN04429,Male,Yes,0,Graduate,Self-Employed,50343.448183861634,2497.8397410519883,85409.6273166442,360.0,0,Urban,32.44629464884645,Rejected,237.2489647684561,0.0044898406924824006
LN04007,Male,Yes,0,Graduate,Salaried,47402.30895272379,7183.279276531124,190239.37217636997,120.0,1,Rural,31.010840670451792,Approved,1585.3281014697498,0.02904297916167
LN00522,Male,Yes,0,Not Graduate,Self-Employed,46747.52482108307,11313.806342143003,102500.21482401525,240.0,1,Urban,33.783230007519855,Approved,427.08422843339685,0.00735574296828896
LN03619,Male,Yes,0,Graduate,Salaried,77892.94375147745,8521.277103534787,132058.68145282252,360.0,0,Rural,54.24788324663787,Rejected,366.8296707022848,0.004245015080535877
LN02961,Male,Yes,1,Graduate,Salaried,47828.20553520599,13604.579570720964,143641.86018529342,360.0,0,Urban,35.55248603492996,Rejected,399.0051671813706,0.006494987432091454
LN01569,Male,Yes,0,Not Graduate,Salaried,49418.9464530741,9162.778664373987,45646.53771452418,120.0,0,Urban,21.0,Rejected,380.3878142877015,0.00649328461265143
LN04945,Male,Yes,1,Graduate,Salaried,80801.23639805152,27101.66095365319,165714.46577393534,240.0,0,Urban,49.01421910671207,Rejected,690.4769407247306,0.00639905839112134
LN01403,Female,No,2,Graduate,Self-Employed,74379.06621330134,13159.131329840806,111405.48124070228,360.0,0,Rural,38.998834029566105,Rejected,309.4596701130619,0.0035351387028565266
LN04022,Male,No,0,Graduate,Salaried,22963.145368506823,28610.067047697736,191207.61817278192,240.0,1,Semiurban,37.15945830686178,Approved,796.698409053258,0.015447911264936668
LN02176,Male,Yes,2,Graduate,Salaried,27846.779457638822,31000.978468204783,224597.15295808204,120.0,0,Urban,41.71644823876057,Rejected,1871.6429413173503,0.031804830078248386
LN00103,Male,Yes,1,Graduate,Salaried,43954.45461556762,18499.237152493926,205614.6224945864,360.0,1,Rural,22.614906681421807,Approved,571.1517291516288,0.009145203637805004
LN02856,Male,Yes,0,Graduate,Self-Employed,45641.62218504796,17078.605010670806,141658.01661530396,300.0,1,Urban,41.62368248605548,Approved,472.19338871767985,0.007528566298782658
LN05162,Male,Yes,1,Graduate,Salaried,58160.864347914685,0.0,159968.99603270038,300.0,1,Semiurban,32.40800752731792,Approved,533.229986775668,0.009168192267328065
LN04697,Male,No,0,Not Graduate,Salaried,85451.40325857139,36487.06293937052,149222.64231782127,120.0,0,Urban,31.795271054014886,Rejected,1243.5220193151772,0.01019794703089488
LN00736,Male,No,1,Graduate,Salaried,65120.59468627752,23117.05571613265,111514.64503810724,60.0,0,Rural,32.3503353574818,Rejected,1858.5774173017874,0.021063314909516462
LN04313,Male,Yes,3,Graduate,Self-Employed,67668.70062807288,23109.137726156965,154891.32459261338,300.0,0,Semiurban,51.99589362014108,Rejected,516.3044153087113,0.005687560143192745
LN01759,Female,No,0,Graduate,Salaried,86298.28907168095,2018.960963128422,144940.1186341234,360.0,1,Rural,36.025636197016425,Approved,402.61144065034284,0.004558695390670085
LN04745,Female,No,2,Graduate,Salaried,54298.11485915972,14270.305681187216,149669.1877923256,300.0,0,Urban,27.313880848148266,Rejected,498.8972926410853,0.007275904690666235
LN01606,Female,No,0,Graduate,Self-Employed,62453.40631989591,6023.40614724946,184972.5045303271,120.0,0,Urban,30.107926367263964,Rejected,1541.4375377527258,0.022510357626419824
LN03098,Male,Yes,0,Graduate,Salaried,57409.65506273119,16072.292884191527,184193.0556965996,240.0,1,Urban,29.503258081486308,Approved,767.4710654024983,0.010444348399104172
LN02008,Female,Yes,0,Graduate,Salaried,73184.91336864811,11871.635269484776,109521.65989552138,300.0,1,Semiurban,45.82577994850917,Approved,365.07219965173795,0.004292111606890047
LN00341,Male,Yes,0,Graduate,Salaried,64873.744229838245,13863.333109185643,133618.32813450196,60.0,1,Urban,31.342052867951743,Approved,2226.9721355750326,0.028283652515906817
LN00623,Male,Yes,2,Graduate,Salaried,86908.40092309956,14608.378845572406,147771.6550287259,180.0,1,Semiurban,38.10442663041479,Approved,820.9536390484772,0.008086876287045339
LN02876,Female,Yes,1,Not Graduate,Self-Employed,41269.87250420808,12241.042785598262,194792.54400514028,60.0,1,Semiurban,61.15925389909553,Rejected,3246.5424000856715,0.06067065723886295
LN02246,Male,No,1,Graduate,Self-Employed,42024.31903353744,15199.954862064193,226033.2086490593,120.0,0,Urban,42.68427208010724,Rejected,1883.6100720754941,0.03291627737403711
LN02095,Female,Yes,2,Graduate,Salaried,58484.7142692908,41366.691419455885,118595.10824601084,300.0,1,Rural,29.745842221322743,Approved,395.31702748670284,0.003959053202705742
LN02698,Male,Yes,3,Graduate,Salaried,72441.39980612097,13961.87515597033,204853.76532063136,60.0,1,Rural,48.46793972385846,Approved,3414.2294220105227,0.03951504643207664
LN03565,Female,Yes,1,Graduate,Salaried,61033.2195370216,16033.819962120951,164300.79038173123,120.0,1,Urban,37.69715813889509,Approved,1369.1732531810935,0.017766002977139494
LN01434,Male,Yes,0,Graduate,Salaried,56657.56572427177,10490.059829706905,86673.0585527514,180.0,0,Rural,35.72177701582396,Rejected,481.51699195973003,0.00717102038958396
LN03824,Female,Yes,1,Graduate,Salaried,46597.69599091535,13238.658022892216,237488.3252940415,240.0,1,Semiurban,43.59569718737672,Approved,989.5346887251729,0.01653734932607746
LN00314,Female,No,0,Graduate,Self-Employed,86109.57614308658,26013.301648895504,130630.91274926426,240.0,0,Urban,48.94877202050203,Rejected,544.295469788601,0.004854455045280007
LN00375,Male,No,3,Graduate,Self-Employed,44653.04874223901,25984.848760518187,153086.73382301483,300.0,0,Rural,33.88659131261445,Rejected,510.28911274338276,0.007224013324058303
LN00365,Female,Yes,0,Graduate,Salaried,51975.59056228327,32873.464144298254,65656.15243134735,120.0,0,Rural,27.888173352272297,Rejected,547.1346035945612,0.006448328805625708
LN03205,Male,No,2,Graduate,Salaried,46460.09723082937,0.0,180321.23641955815,360.0,0,Rural,38.98384358820721,Rejected,500.8923233876615,0.010781129468994871
LN03228,Male,Yes,0,Graduate,Salaried,75586.98007810664,0.0,132999.01046882715,360.0,1,Rural,23.63241209804149,Approved,369.4416957467421,0.004887636671884301
LN00728,Male,Yes,1,Graduate,Self-Employed,49204.80639381277,4551.636860969287,152479.5913830793,120.0,0,Urban,38.48536053758917,Rejected,1270.6632615256608,0.02363741320279082
LN00297,Male,No,0,Graduate,Salaried,66145.99041753219,3659.798140650418,118187.15825069818,360.0,0,Urban,24.462578294374392,Rejected,328.29766180749493,0.004703014872955147
LN05370,Male,No,1,Graduate,Self-Employed,35155.069329015416,7351.507716918969,128335.79131860728,120.0,1,Urban,33.2689043896831,Approved,1069.4649276550606,0.02515998704151953
LN01377,Female,Yes,3,Graduate,Salaried,80798.09374792152,21091.35519053513,125670.71651496734,60.0,1,Semiurban,36.17529887207575,Approved,2094.5119419161224,0.020556710863960517
LN02130,Male,Yes,1,Graduate,Self-Employed,68769.51477619454,12269.932519774156,184684.89775065728,360.0,1,Urban,53.19171051751721,Approved,513.0136048629369,0.006330418357733008
LN01213,Male,Yes,0,Graduate,Salaried,77898.48753888882,10930.256336266288,74792.57345260105,180.0,1,Rural,43.3900402022128,Approved,415.5142969588947,0.004677700920131008
LN05530,Female,No,1,Graduate,Salaried,85841.20668653045,2818.2393319268103,177712.72380132606,180.0,1,Urban,26.657244993039065,Approved,987.292910007367,0.011135789296515916
LN04340,Male,No,0,Graduate,Self-Employed,78823.63732839939,10492.597226972484,142590.5354798179,300.0,1,Urban,39.35536128879955,Approved,475.3017849327263,0.0053215609379284965
LN02251,Male,No,2,Graduate,Self-Employed,90223.09860494696,4438.884308129134,157238.27455588203,120.0,1,Semiurban,32.40340782748802,Approved,1310.3189546323504,0.01384208226269207
LN04320,Male,Yes,0,Graduate,Salaried,59602.52729263377,17520.037612019285,196442.5623025112,60.0,0,Rural,44.31987287415101,Rejected,3274.0427050418534,0.042452461339811065
LN01950,Male,Yes,3,Graduate,Salaried,24539.35063586237,844.7593308629348,118505.68812136423,180.0,1,Semiurban,25.579060460635432,Approved,658.3649340075791,0.025936104707653528
LN02932,Female,Yes,0,Not Graduate,Self-Employed,42215.18343543352,15223.505549663656,145729.0583583467,60.0,1,Urban,33.01308203835604,Approved,2428.8176393057784,0.0422853947786996
LN00599,Male,Yes,0,Not Graduate,Salaried,67546.00986089704,32409.41486596991,172116.81299880985,240.0,1,Semiurban,25.53614511751148,Approved,717.1533874950411,0.007174732031349949
LN01792,Female,No,2,Graduate,Salaried,56797.34408866719,5749.153795213648,195317.1617698576,120.0,0,Semiurban,46.96111472673478,Rejected,1627.6430147488134,0.026022928058587292
LN04987,Male,Yes,1,Not Graduate,Salaried,61387.39605316139,13212.931154365042,181809.0244342018,60.0,1,Urban,57.58741522327842,Approved,3030.1504072366965,0.04061846000765241
LN05742,Male,Yes,1,Graduate,Salaried,60408.34334425836,13913.833450616576,102819.91420403346,60.0,1,Semiurban,30.223059420840183,Approved,1713.6652367338909,0.023057253038531306
LN04330,Male,Yes,0,Not Graduate,Salaried,73627.24653150611,7251.978218644709,196641.94461811183,360.0,1,Rural,42.49139480276773,Approved,546.2276239391995,0.006753620915959396
LN02137,Male,Yes,1,Not Graduate,Salaried,90980.40302990374,21041.07455439044,106735.03624325743,120.0,0,Semiurban,44.48475054302778,Rejected,889.4586353604786,0.007940072337388844
LN00356,Male,Yes,0,Graduate,Unemployed,59629.7372801522,36458.249250764886,125189.70621292463,180.0,0,Urban,24.737033996722275,Rejected,695.4983678495813,0.007238140718307164
LN05628,Male,No,1,Graduate,Salaried,43782.12127599501,40083.06273056564,185189.7941875409,180.0,0,Semiurban,46.35672787016448,Rejected,1028.8321899307828,0.012267691320516255
LN03983,Male,Yes,1,Graduate,Salaried,37530.119335208045,17438.909416204508,132172.87856786072,60.0,1,Urban,33.99673473360534,Approved,2202.8813094643456,0.040074954196962005
LN00630,Male,No,1,Not Graduate,Unemployed,26150.70740570361,0.0,246463.4998310641,360.0,0,Urban,40.0567538637065,Rejected,684.620832864067,0.026179820769007094
LN01427,Female,No,1,Not Graduate,Self-Employed,37935.83268556633,3290.751061925462,97137.42689899485,240.0,0,Urban,48.47898928592605,Rejected,404.7392787458119,0.009817434333749181
LN01271,Male,No,0,Not Graduate,Salaried,72182.76241814354,17361.42409879101,140917.74305468833,180.0,0,Urban,21.0,Rejected,782.876350303824,0.008742905382872253
LN01935,Male,Yes,0,Not Graduate,Salaried,29940.59343209693,23495.84531046617,130070.39805431204,300.0,0,Semiurban,38.89019407893655,Rejected,433.5679935143735,0.00811371423165273
LN01688,Female,No,3,Not Graduate,Salaried,65665.75743092284,12661.02199546406,116545.16199311434,120.0,1,Semiurban,44.7862762142489,Approved,971.2096832759528,0.012399458912883242
LN01635,Female,Yes,1,Graduate,Self-Employed,51927.030735160064,10822.169874863812,168787.3440859829,120.0,1,Rural,40.464495889974216,Approved,1406.5612007165244,0.022415603498410673
LN01025,Male,No,0,Graduate,Salaried,68726.47339348064,18994.69372602185,203089.23834791605,180.0,0,Semiurban,43.135493892278745,Rejected,1128.2735463773113,0.012862044400757515
LN03723,Male,Yes,2,Graduate,Self-Employed,24272.49069290627,15239.80019015593,127663.65671385857,180.0,0,Semiurban,35.40505919785728,Rejected,709.2425372992143,0.017949921947027537
LN05813,Male,Yes,1,Graduate,Salaried,43163.56736263695,30677.91509795664,174970.73039695347,180.0,1,Urban,23.73659250105226,Approved,972.0596133164082,0.013164140005384637
LN00568,Male,No,2,Graduate,Salaried,22584.161579482883,17183.889875441742,66401.37641037241,180.0,1,Rural,37.04727576443712,Approved,368.89653561318005,0.009276203437608915
LN04408,Female,Yes,1,Graduate,Self-Employed,70818.1703712198,26549.975605416177,162828.86979246538,180.0,1,Urban,36.830098319817225,Approved,904.6048321803632,0.009290562361097316
LN03145,Male,Yes,0,Not Graduate,Salaried,69400.88374736405,0.0,100984.31270247014,180.0,1,Urban,30.81808734202165,Approved,561.0239594581674,0.008083815783966525
LN05611,Female,No,2,Graduate,Salaried,95330.23600655267,41024.79874874313,109376.5083853833,60.0,0,Semiurban,45.222887984201066,Rejected,1822.9418064230551,0.013369083214965445
LN02096,Female,Yes,0,Graduate,Salaried,73409.61234482424,26535.02849781544,184338.77445238325,180.0,1,Semiurban,27.388691632026976,Approved,1024.1043025132403,0.010246715520501663
LN02874,Male,Yes,0,Graduate,Self-Employed,59378.82134258196,19633.01510234231,180705.2902644842,360.0,1,Rural,25.27262703857523,Approved,501.95913962356724,0.006352961305657808
LN01549,Male,Yes,3,Graduate,Salaried,84538.66447768615,31797.47382221529,188207.9149965947,360.0,1,Rural,27.271746745346167,Approved,522.7997638794297,0.004493872424505882
LN04796,Female,Yes,0,Graduate,Self-Employed,69723.69583123877,0.0,79578.83078969957,300.0,1,Semiurban,33.44243106382633,Approved,265.26276929899853,0.003804485206020176
LN00041,Male,No,1,Graduate,Salaried,63427.36562379941,27184.802148716863,144929.6085139068,300.0,0,Rural,25.30533737616407,Rejected,483.098695046356,0.005331499145447941
LN05295,Male,Yes,1,Graduate,Salaried,56617.54628714368,2701.1688471345933,187903.2853086984,180.0,1,Urban,23.067959874583057,Approved,1043.90714060388,0.017598276332196572
LN00282,Female,Yes,1,Not Graduate,Salaried,91720.33632290704,24198.7151595443,182805.81009301357,300.0,0,Urban,22.274630043308814,Rejected,609.3527003100452,0.005256708819794763
LN00577,Male,Yes,1,Graduate,Salaried,75417.30387773934,4921.320867778699,147561.18677496916,120.0,0,Semiurban,34.34552843523049,Rejected,1229.6765564580762,0.015306168861531052
LN01746,Female,No,1,Graduate,Self-Employed,79503.95259564859,29190.35611367264,31121.508503644876,180.0,1,Urban,33.56713447138045,Approved,172.89726946469375,0.0015906745396124563
LN04487,Male,Yes,1,Graduate,Self-Employed,48441.58446334579,24622.105785810974,145110.25014578985,360.0,1,Urban,21.0,Approved,403.0840281827496,0.005516885703530443
LN00729,Male,No,0,Graduate,Salaried,44433.90549195375,32839.22595201769,170393.95254487454,360.0,1,Urban,38.33751178221596,Approved,473.3165348468737,0.006125240766126607
LN02652,Male,Yes,0,Graduate,Salaried,70215.8417705519,20628.544804571306,30091.845237455116,60.0,0,Rural,32.12455114696218,Rejected,501.53075395758526,0.005520767687091458
LN04651,Male,Yes,3,Graduate,Salaried,72532.27274526142,17349.281250881155,208012.40659148092,360.0,0,Urban,33.98369508938003,Rejected,577.8122405318915,0.00642859646771004
LN04781,Male,No,0,Not Graduate,Salaried,65831.27353363945,0.0,157299.795715632,300.0,0,Urban,38.40150298559335,Rejected,524.33265238544,0.007964795821814212
LN05404,Female,Yes,0,Graduate,Salaried,42969.20040441363,18800.67440573832,134861.2727437231,60.0,1,Urban,44.591865220556215,Approved,2247.6878790620517,0.036388091864687444
LN04078,Male,Yes,1,Graduate,Salaried,52233.061233976834,18589.175837406598,146476.3213061272,240.0,0,Urban,25.08001741034323,Rejected,610.3180054421967,0.008617604168970864
LN00898,Female,Yes,0,Not Graduate,Salaried,84130.17933016713,14587.086382153386,87566.82876186863,360.0,1,Rural,31.791262395989428,Approved,243.24119100519064,0.002464018723067536
LN02445,Male,Yes,1,Graduate,Self-Employed,65269.74430662119,6488.19517552515,102762.3573995555,120.0,0,Semiurban,49.01650931753133,Rejected,856.3529783296292,0.011933912602698035
LN05900,Female,Yes,2,Not Graduate,Self-Employed,58595.59276964767,21325.827996421973,119192.5935553686,120.0,1,Semiurban,38.80119950293414,Approved,993.271612961405,0.012428102546734193
LN04972,Male,No,3,Not Graduate,Salaried,39831.025349053,33307.43824831262,166191.9633163725,120.0,1,Urban,36.626702858096166,Approved,1384.9330276364376,0.018935768671059717
LN02909,Male,Yes,3,Graduate,Salaried,85142.98433725146,21844.86133552996,108739.35622271418,360.0,0,Semiurban,49.158117127272114,Rejected,302.0537672853172,0.0028232531030593705
LN00017,Female,Yes,2,Graduate,Self-Employed,66284.94665190548,16943.334633382332,113627.30376384407,240.0,0,Semiurban,38.56143994692213,Rejected,473.447099016017,0.005688536296852591
LN03156,Female,Yes,3,Graduate,Self-Employed,35251.46723554855,18128.222367668463,132923.97924973475,120.0,1,Urban,42.084874128307725,Approved,1107.699827081123,0.020751335111067516
LN01326,Female,Yes,2,Graduate,Self-Employed,41213.29212362491,26782.528475480023,32076.792889626755,120.0,1,Urban,24.09121601644319,Approved,267.30660741355626,0.00393122114062809
LN04105,Male,Yes,1,Not Graduate,Salaried,64862.46917025786,9537.359908225351,261060.16971359804,360.0,0,Urban,29.752301169343053,Rejected,725.1671380933278,0.009746892527513209
LN01103,Male,No,0,Graduate,Self-Employed,57208.207436896526,12022.0384377604,78676.80442881274,60.0,1,Urban,46.81374172484517,Approved,1311.2800738135456,0.018940855362375147
LN04971,Female,Yes,0,Graduate,Salaried,58379.08070556512,13179.595689143442,140525.02118039355,240.0,1,Semiurban,22.130759615187777,Approved,585.5209215849732,0.008182388930104216
LN05816,Male,No,0,Graduate,Salaried,43704.87994352904,23898.569517854947,126027.02945247709,180.0,0,Semiurban,40.00471614956063,Rejected,700.1501636248727,0.01035672246317561
LN03834,Male,No,0,Graduate,Self-Employed,40597.51479240713,36655.214522065566,129138.25823808428,360.0,1,Urban,34.60371897746918,Approved,358.7173839946785,0.004643426674732068
LN01961,Female,Yes,1,Graduate,Self-Employed,65711.08149715314,31370.824079927424,168006.54756387812,180.0,0,Urban,41.84380784964752,Rejected,933.3697086882117,0.009614249979334615
LN03687,Male,Yes,0,Graduate,Salaried,65295.5062195596,0.0,164687.36758369993,60.0,1,Urban,21.0,Approved,2744.789459728332,0.042036422085446924
LN05695,Female,Yes,0,Graduate,Self-Employed,70479.21024153469,4863.941576455312,114125.06989577891,360.0,1,Urban,36.49128595940678,Approved,317.01408304383034,0.004207603151639531
LN01380,Male,Yes,1,Graduate,Salaried,73558.51742678539,24316.65966868095,191347.30304714,300.0,1,Semiurban,30.428528379990333,Approved,637.8243434904667,0.006516712024626429
LN02097,Female,Yes,1,Not Graduate,Salaried,38562.85533919689,26625.736681878403,195970.42143768235,360.0,1,Urban,35.04864985641037,Approved,544.3622817713399,0.008350575843014818
LN02620,Male,No,0,Not Graduate,Salaried,74090.13079649446,7099.829031847919,241448.73781271765,180.0,1,Rural,40.49057944569725,Approved,1341.3818767373202,0.016521524084669656
LN01778,Male,Yes,2,Graduate,Salaried,51413.9555096548,12722.290208763654,118163.47204459716,360.0,1,Urban,21.088672585904213,Approved,328.23186679054766,0.005117728097643966
LN03379,Male,No,2,Graduate,Self-Employed,45434.55595186774,16571.457837025344,93525.7211202298,300.0,0,Semiurban,34.43288025229297,Rejected,311.75240373409935,0.005027776899116557
LN03134,Female,Yes,0,Graduate,Salaried,60826.51264541237,0.0,167936.8071998308,120.0,1,Rural,31.198186156575385,Approved,1399.4733933319233,0.023007621717361003
LN02034,Male,No,0,Graduate,Self-Employed,81204.1981499776,11733.862193387877,123908.4729255926,60.0,1,Semiurban,37.35259308916674,Approved,2065.1412154265436,0.022220618848690733
LN03460,Male,No,1,Graduate,Salaried,93914.4575562173,18812.44655162099,72586.91658845823,120.0,1,Urban,38.56105944735759,Approved,604.8909715704852,0.005365985843023122
LN00452,Female,Yes,2,Graduate,Salaried,40285.47907328913,4015.907820374474,177456.33377791825,120.0,1,Urban,21.0,Approved,1478.802781482652,0.03338050759070399
LN01794,Male,No,1,Graduate,Self-Employed,64263.93256475378,15738.634344108805,109938.98200935584,300.0,1,Semiurban,30.42054337892682,Approved,366.46327336451947,0.004580643940862391
LN05102,Male,Yes,2,Not Graduate,Salaried,64966.50285031764,5341.732291040358,56297.22486343898,300.0,0,Urban,38.90077602646488,Rejected,187.65741621146327,0.002669067369336881
LN00233,Male,Yes,0,Graduate,Salaried,46967.99304788366,0.0,146376.11402029824,300.0,1,Rural,34.72402960060788,Approved,487.9203800676608,0.010388359144284239
LN02962,Male,No,2,Not Graduate,Salaried,49420.445838719694,17567.83257324723,164363.39645603963,240.0,0,Semiurban,37.57309174562643,Rejected,684.8474852334984,0.010223392830336657
LN05163,Female,Yes,1,Graduate,Salaried,60320.505645903206,38596.14259100104,107718.5756005298,300.0,0,Urban,42.08455864439064,Rejected,359.06191866843267,0.00362994425173489
LN04393,Female,Yes,2,Graduate,Salaried,49345.49003566193,11407.146956935834,150558.4004753164,60.0,1,Urban,28.82394188587396,Approved,2509.3066745886067,0.041303666783951226
LN03829,Female,No,0,Graduate,Self-Employed,69618.16185497791,8468.626100700592,134587.16851233068,360.0,1,Rural,33.86227066296864,Approved,373.8532458675852,0.0047876632610343965
LN03031,Female,No,2,Graduate,Salaried,46835.03175332303,12604.441410629004,66815.50109018086,180.0,1,Urban,45.85369671698202,Approved,371.1972282787825,0.00624496161422744
LN04808,Male,Yes,1,Not Graduate,Salaried,88546.10728578432,8598.534949063003,199214.82225985228,360.0,1,Urban,22.27864781947845,Approved,553.3745062773675,0.005696397593802278
LN01748,Male,Yes,0,Graduate,Self-Employed,63791.63233197487,22298.193622676303,261016.0929002441,180.0,1,Semiurban,43.317640677445695,Approved,1450.0894050013562,0.016843911448551515
LN01455,Female,No,3,Graduate,Salaried,24784.74481688365,4499.452101768138,157560.81106687736,180.0,0,Semiurban,42.6447511213632,Rejected,875.3378392604297,0.029891133490599724
LN01989,Female,Yes,0,Graduate,Salaried,68638.45089347882,20805.676870356147,83529.7448337459,180.0,0,Rural,26.39992509195193,Rejected,464.05413796525505,0.0051882012779030815
LN04696,Male,Yes,0,Graduate,Salaried,70203.14937830367,28779.74333925414,148889.98882823376,360.0,0,Urban,39.26025768004338,Rejected,413.58330230064934,0.004178331133247301
LN01002,Female,No,0,Graduate,Self-Employed,61192.60739840348,22147.45649888945,69449.86160574162,240.0,0,Urban,32.683803655473994,Rejected,289.3744233572568,0.003472212640895951
LN02697,Male,No,0,Not Graduate,Self-Employed,33755.61613137188,999.2876559826128,111351.32829166896,360.0,0,Semiurban,27.631560604791872,Rejected,309.30924525463604,0.008899729579086841
LN00489,Female,Yes,2,Graduate,Salaried,77632.79513898901,28209.9578954071,196807.67970641053,300.0,0,Urban,42.45441182428154,Rejected,656.0255990213684,0.006198115413798594
LN02612,Female,Yes,2,Graduate,Salaried,55970.16932104964,17187.182661414878,199904.20863018275,240.0,1,Semiurban,37.05515062945377,Approved,832.9342026257615,0.011385516015197106
LN04236,Male,Yes,0,Not Graduate,Salaried,88701.74798444471,26615.03048481976,152435.83396969037,120.0,1,Urban,45.96464170390165,Approved,1270.2986164140864,0.011015731043446213
LN02916,Male,Yes,0,Not Graduate,Salaried,56488.72109001569,32629.79652537399,199819.4212821505,360.0,0,Urban,30.84917861571192,Rejected,555.0539480059736,0.006228267287854017
LN00886,Male,Yes,0,Not Graduate,Unemployed,71678.56370651929,237.37455998220685,168445.86014541233,240.0,0,Urban,27.5323410104623,Rejected,701.8577506058847,0.00975941867023948
LN04997,Male,Yes,1,Graduate,Salaried,122258.20402087682,26792.631585792293,256505.21331604797,180.0,0,Semiurban,46.2076742218328,Rejected,1425.0289628669332,0.009560690868097165
LN00315,Male,Yes,1,Graduate,Self-Employed,60420.076832655184,22163.400805404108,187660.67232080785,360.0,1,Rural,28.89392716921799,Approved,521.2796453355774,0.006312154201354936
LN02482,Female,No,1,Graduate,Salaried,99850.30706336236,34126.881343567955,91065.44341018726,120.0,1,Urban,35.54114495541794,Approved,758.8786950848938,0.005664238099846846
LN03803,Female,No,3,Graduate,Salaried,63189.250136082585,4844.18620349455,112017.4119583311,180.0,0,Urban,23.339063553471902,Rejected,622.3189553240617,0.009147251539931985
LN00963,Male,No,0,Graduate,Self-Employed,74180.07515177024,11578.51348872761,229932.3796795555,240.0,1,Urban,21.0,Approved,958.051581998148,0.011171494274635561
LN02551,Male,Yes,2,Graduate,Self-Employed,22401.512297219106,7576.719871234282,157025.44521428028,120.0,1,Urban,31.046213473182767,Rejected,1308.545376785669,0.04364985131320298
LN02651,Female,No,0,Graduate,Salaried,90385.67847283537,20614.72629826133,92249.57513000489,180.0,1,Rural,52.38807170636518,Approved,512.4976396111383,0.004617079015774789
LN01522,Male,Yes,0,Graduate,Salaried,55470.31802300336,16764.84183662953,213893.8260520986,360.0,1,Semiurban,32.782669335656465,Approved,594.149516811385,0.008225212181518449
LN00861,Female,No,1,Graduate,Salaried,29685.11770005536,33463.95920599248,124832.16309752634,60.0,1,Rural,32.586088754536426,Approved,2080.536051625439,0.03294642065347726
LN03217,Female,Yes,2,Graduate,Salaried,49511.03727474697,17690.52693015707,125638.9529165889,120.0,1,Urban,45.1441980684282,Approved,1046.9912743049074,0.015579864645896193
LN03623,Female,Yes,2,Graduate,Salaried,60938.69804120739,23918.776345702747,151478.11434360506,180.0,1,Semiurban,39.81591464971397,Approved,841.5450796866947,0.009917159163253496
LN03337,Male,Yes,2,Graduate,Salaried,57020.61380465406,12877.556901600694,169311.30320522908,60.0,1,Urban,46.16740953823485,Approved,2821.8550534204846,0.040370942828808175
LN04533,Male,No,0,Graduate,Salaried,42430.5239731588,23155.942445961628,253957.8349233402,240.0,0,Semiurban,31.406527966649183,Rejected,1058.1576455139175,0.016133780386214443
LN00797,Male,Yes,0,Graduate,Salaried,73630.01394745249,30723.98210270327,118318.00670447112,120.0,1,Urban,43.048422150550095,Approved,985.983389203926,0.009448448804299087
LN03599,Male,No,1,Graduate,Unemployed,55450.47480093184,11758.231389593588,74522.41887650226,300.0,1,Urban,36.72790002554602,Approved,248.40806292167417,0.0036960697058723148
LN00806,Male,Yes,2,Graduate,Salaried,64442.67543267426,5896.756580717161,139482.1198111544,240.0,0,Semiurban,50.02696833558895,Rejected,581.1754992131433,0.008262442311198895
LN04472,Male,Yes,0,Not Graduate,Salaried,85899.71169633912,10029.693093340911,181261.4235436551,240.0,0,Urban,38.034029692754345,Rejected,755.2559314318963,0.007873038856936031
LN00323,Male,Yes,0,Graduate,Salaried,101847.7455137092,28060.72203871629,129328.05988117449,300.0,0,Semiurban,36.04991273186569,Rejected,431.0935329372483,0.0033184405994418913
LN01433,Male,No,0,Not Graduate,Salaried,48338.45122862123,5756.426663696244,170304.25549372146,120.0,0,Semiurban,35.57156078870003,Rejected,1419.2021291143456,0.02623542531955507
LN01814,Male,No,0,Graduate,Salaried,54629.38704188336,16175.886298872025,135645.88984424953,60.0,1,Rural,21.22176869169153,Approved,2260.764830737492,0.03192932848175589
LN00045,Male,Yes,0,Graduate,Self-Employed,45603.11583210583,10835.615667519744,162574.68349709958,240.0,0,Urban,42.08663263495282,Rejected,677.3945145712482,0.012002298715302314
LN04717,Male,Yes,0,Graduate,Salaried,83685.13290392346,22489.361138059267,182186.7000596055,360.0,0,Semiurban,47.411121647656216,Rejected,506.0741668322375,0.004766438224157014
LN05471,Male,Yes,2,Graduate,Salaried,67634.68337925019,13754.515203135765,159422.00402103784,180.0,1,Rural,43.64267709790053,Approved,885.6778001168768,0.010882006648835008
LN00598,Female,No,3,Graduate,Salaried,51114.13479847777,0.0,189183.02371133535,360.0,1,Semiurban,33.98969123877459,Approved,525.5083991981537,0.01028107785194877
LN05999,Female,Yes,1,Not Graduate,Salaried,36594.38587206451,5536.861772522036,201570.7953217004,240.0,1,Rural,38.562251852147874,Approved,839.8783138404183,0.019934807554846633
LN04683,Female,Yes,3,Graduate,Salaried,46010.09559664714,22791.306255883523,80095.89800406084,360.0,1,Semiurban,35.19753753061066,Approved,222.48860556683567,0.0032337801204068354
LN00248,Female,Yes,2,Graduate,Salaried,95309.08480562194,0.0,172643.71633974457,240.0,1,Semiurban,48.30699116551017,Approved,719.3488180822691,0.007547536727997594
LN01411,Male,Yes,0,Not Graduate,Salaried,71124.6001880132,15974.34110297303,170910.75391330986,240.0,1,Urban,32.56155986154121,Approved,712.1281413054578,0.0081760826337295
LN03280,Female,No,0,Graduate,Self-Employed,42765.93859487484,26435.66044928613,164161.24793053593,240.0,0,Semiurban,33.41802892863001,Rejected,684.0051997105663,0.009884239803101496
LN02599,Female,Yes,1,Graduate,Salaried,50161.9510498759,18454.141816438536,172485.6303748254,120.0,0,Urban,30.039992944109365,Rejected,1437.3802531235451,0.020948150690013937
LN00978,Male,Yes,1,Not Graduate,Salaried,28321.94353028553,30602.555295309307,176239.62877506608,60.0,0,Urban,53.39683517493314,Rejected,2937.3271462511016,0.04984899667869936
LN01670,Female,Yes,0,Graduate,Self-Employed,55221.35801660612,22497.45475438348,239155.72599962528,180.0,1,Semiurban,27.46547190296165,Approved,1328.6429222201405,0.01709551233284006
LN02737,Male,Yes,1,Not Graduate,Salaried,66846.75668979243,12607.268528481489,109808.76758786272,60.0,0,Urban,32.84199720373619,Rejected,1830.1461264643788,0.023034026551035664
LN01308,Male,Yes,0,Not Graduate,Salaried,81717.91131663157,4498.134626383306,224736.5503634652,300.0,0,Urban,30.602226173032207,Rejected,749.121834544884,0.008688891103171462
LN00505,Male,Yes,2,Graduate,Salaried,50257.49232470608,12419.544843888383,208509.6167035281,60.0,1,Rural,41.29366927063378,Approved,3475.160278392135,0.05544550979722173
LN01305,Male,Yes,0,Graduate,Salaried,42030.64036417926,0.0,123261.3871971098,300.0,1,Urban,21.0,Approved,410.87129065703266,0.009775518219493962
LN04947,Male,Yes,1,Graduate,Salaried,33307.78786179535,22932.624959550307,132782.70475331458,300.0,1,Semiurban,21.24060821996592,Approved,442.60901584438193,0.007869946069748491
LN01238,Male,No,0,Graduate,Salaried,71379.66158370551,5668.939228128907,185275.6693030123,180.0,0,Urban,24.76383343963788,Rejected,1029.309273905624,0.013359220843209983
LN03530,Male,Yes,1,Not Graduate,Unemployed,89948.63366359253,23092.586281232987,217917.85832153025,240.0,0,Urban,21.0,Rejected,907.9910763397094,0.008032389218577898
LN05676,Male,Yes,3,Graduate,Salaried,63592.44545263847,15167.008672675503,143692.92250613408,60.0,0,Urban,33.31681068118283,Rejected,2394.882041768901,0.0304075500314973
LN04479,Male,Yes,0,Graduate,Salaried,81077.83104591767,18932.951381664807,198186.89385865536,120.0,1,Semiurban,21.0,Approved,1651.557448822128,0.016513793900352854
LN03022,Male,Yes,3,Not Graduate,Salaried,51771.46785767995,4643.959439546057,215574.0409480148,60.0,1,Urban,38.09388240753808,Approved,3592.900682466913,0.06368649241168788
LN05849,Female,Yes,1,Not Graduate,Salaried,48692.14059429197,12865.673029120757,75519.51938244986,360.0,1,Rural,35.68058099986367,Approved,209.77644272902737,0.0034077955401788603
LN04877,Male,Yes,1,Graduate,Salaried,68644.33381518508,24837.36043903564,105780.98923188978,240.0,0,Urban,21.0,Rejected,440.7541217995407,0.004714870920085411
LN05734,Female,Yes,0,Graduate,Self-Employed,48518.34845825461,7271.662691110362,167206.68524140326,240.0,0,Semiurban,50.49617050635982,Rejected,696.6945218391803,0.012487800369387639
LN02897,Female,No,1,Not Graduate,Self-Employed,94493.93299522216,18044.922016801447,117414.79258908832,300.0,0,Rural,36.6294522315102,Rejected,391.38264196362775,0.0034777556775552106
LN00307,Male,Yes,0,Graduate,Self-Employed,48168.5722232834,23569.75536982786,202086.64263272984,300.0,0,Urban,29.04828054496629,Rejected,673.6221421090995,0.009389989489715742
LN04662,Female,Yes,1,Graduate,Salaried,48688.4726425202,24496.41498616534,162222.7224802775,360.0,0,Rural,33.76229520382999,Rejected,450.61867355632637,0.006157263994755414
LN02113,Female,Yes,1,Not Graduate,Salaried,39956.250884370544,2310.174227455016,125502.79895130188,60.0,1,Semiurban,21.0,Approved,2091.7133158550314,0.049488768220187114
LN05170,Male,No,1,Not Graduate,Salaried,66197.89558761269,23944.58843105129,108343.34331598268,60.0,0,Rural,23.042116580837902,Rejected,1805.7223885997114,0.020031868527450796
LN05744,Male,Yes,1,Graduate,Salaried,24618.993925212024,23730.660663321,212653.18634644564,360.0,1,Rural,31.238464363492948,Approved,590.7032954067935,0.012217321931952109
LN03817,Male,Yes,0,Graduate,Unemployed,57525.42107450328,15018.035063564144,66996.59252971518,300.0,1,Urban,44.465146194394606,Approved,223.3219750990506,0.003078457892521909
LN01684,Male,Yes,2,Graduate,Salaried,36419.20417680395,24943.51519815424,184809.4857913123,120.0,1,Urban,44.718423551248655,Approved,1540.079048260936,0.025097959542018506
LN02274,Male,Yes,2,Graduate,Salaried,38255.081222743946,3761.2159487440586,225404.14250720103,300.0,0,Semiurban,46.99854344976577,Rejected,751.3471416906701,0.017882278836330433
LN02047,Male,No,2,Graduate,Salaried,59813.99357722771,7932.932316269943,147691.90280150142,60.0,1,Urban,30.546312097560143,Approved,2461.531713358357,0.03633422005343884
LN00990,Male,Yes,0,Not Graduate,Salaried,64167.65615895105,20880.76675167832,137885.59509108058,360.0,1,Semiurban,29.49056056045284,Approved,383.0155419196683,0.0045034996395188764
LN05097,Male,Yes,2,Graduate,Salaried,37564.97794288224,16860.684324705468,162486.27435267984,300.0,1,Semiurban,31.28920947433211,Approved,541.6209145089329,0.009951572327149912
LN05268,Female,Yes,2,Not Graduate,Salaried,33282.751916627734,25945.624546137955,189696.7560455255,300.0,1,Urban,30.490685252425635,Approved,632.3225201517516,0.010676006298252416
LN03257,Female,Yes,1,Graduate,Salaried,45755.58472701898,4041.291892012827,203392.83386472,120.0,0,Urban,42.04127783495976,Rejected,1694.9402822060001,0.034037080180209796
LN05841,Male,Yes,2,Graduate,Salaried,36068.841427666266,5244.67064385368,130112.9857877234,300.0,0,Rural,29.27687343249631,Rejected,433.7099526257447,0.010498017013778133
LN03211,Female,Yes,1,Graduate,Self-Employed,36439.18265247239,5757.315974049285,126450.50948679984,240.0,0,Urban,32.11725026468744,Rejected,526.877122861666,0.012486275876228959
LN02581,Female,Yes,3,Not Graduate,Salaried,67783.18391335857,8818.249578998311,20000.0,300.0,0,Semiurban,21.88674254199656,Rejected,66.66666666666667,0.0008703057322461011
LN04059,Male,Yes,0,Not Graduate,Self-Employed,55259.760599747446,603.9186920117263,103147.11617669332,120.0,1,Semiurban,42.553567216032526,Approved,859.5593014724443,0.015386729130088709
LN03364,Male,No,0,Graduate,Self-Employed,45819.58084739019,26109.11144734433,77630.19539705297,120.0,1,Rural,42.70300009009035,Approved,646.9182949754414,0.00899388372479557
LN05623,Male,Yes,2,Not Graduate,Salaried,69533.02081601115,5288.101308620084,224307.9618509266,300.0,1,Rural,41.85717574664692,Approved,747.6932061697553,0.00999307661978533
LN05445,Female,No,0,Graduate,Unemployed,55562.23457415462,20930.54050283021,211117.26282339875,60.0,1,Urban,49.25560409754961,Approved,3518.6210470566457,0.04599939070736276
LN03631,Female,Yes,1,Not Graduate,Salaried,47314.28304621194,14026.888492984088,123620.13287104743,120.0,1,Urban,44.92951570218136,Approved,1030.1677739253953,0.016794067476639807
LN01259,Male,Yes,2,Graduate,Salaried,58884.61844684588,39523.69912868724,176982.73871725352,360.0,0,Rural,50.69943531282255,Rejected,491.61871865903754,0.004995702911816336
LN01233,Male,No,0,Graduate,Self-Employed,111594.18675308635,22267.94046401804,226756.08699063255,60.0,1,Semiurban,29.522050720362493,Approved,3779.2681165105428,0.028232541907698312
LN02442,Male,Yes,0,Graduate,Salaried,34154.746097887626,12634.626166314649,206220.70749854445,120.0,0,Urban,28.425082965318094,Rejected,1718.5058958212037,0.036728552076258615
LN00554,Female,No,2,Graduate,Salaried,66752.05324150404,12194.979465883824,128263.25159379044,180.0,0,Urban,36.21481527530776,Rejected,712.5736199655024,0.009025970901358777
LN05541,Male,Yes,0,Graduate,Salaried,93398.45562809278,26106.77684054092,116531.68804406232,240.0,0,Semiurban,46.35100213187393,Rejected,485.548700183593,0.004062991135647839
LN01237,Male,Yes,2,Not Graduate,Salaried,48928.23516584011,17775.525134935317,196052.65640239627,120.0,0,Rural,37.52246182851557,Rejected,1633.7721366866356,0.024492954060157283
LN01381,Male,No,0,Graduate,Salaried,50241.77183708595,18953.73681185666,211305.22926670345,360.0,0,Urban,41.198690416941126,Rejected,586.9589701852874,0.008482616598183746
LN05504,Male,Yes,3,Graduate,Self-Employed,50327.65720889127,33628.69121400177,123827.37850827716,180.0,1,Urban,39.4800828917892,Approved,687.9298806015398,0.00819389949091636
LN04079,Female,Yes,1,Graduate,Self-Employed,53887.61777863374,4602.067754717653,124428.12356087302,120.0,1,Urban,45.47346030511444,Approved,1036.9010296739418,0.017727929637828033
LN00868,Female,No,0,Graduate,Salaried,73170.8854534566,9734.44866863298,174726.12460243862,360.0,0,Semiurban,28.290112461969308,Rejected,485.35034611788507,0.005854271637131809
LN05040,Male,No,0,Graduate,Salaried,69981.91632275499,9939.107088081117,136319.67217329156,120.0,1,Rural,21.0,Approved,1135.9972681107631,0.014213998014904533
LN03090,Male,No,1,Graduate,Self-Employed,23640.415492256907,21972.38046390313,109289.7661307312,240.0,1,Semiurban,41.2956001556571,Approved,455.37402554471333,0.009983470997532981
LN00768,Female,Yes,1,Not Graduate,Salaried,47460.65884424465,31505.72963232848,137829.676260244,120.0,0,Semiurban,48.65994794596138,Rejected,1148.5806355020334,0.014545183813778966
LN02464,Male,Yes,3,Graduate,Salaried,77383.12128778547,24886.087934991745,241123.16714968957,300.0,0,Semiurban,31.83035781492667,Rejected,803.7438904989652,0.007859099494434703
LN04955,Male,No,0,Not Graduate,Self-Employed,32214.025395780194,13486.025080585909,178704.06410532675,180.0,0,Rural,42.68303183795966,Rejected,992.8003561407041,0.02172427263847626
LN01248,Male,No,0,Not Graduate,Unemployed,64675.71823581495,0.0,214687.657793298,60.0,0,Semiurban,31.30242061632972,Rejected,3578.1276298883004,0.05532412669685467
LN01894,Male,Yes,3,Not Graduate,Salaried,58232.740815893296,0.0,173213.18716178965,180.0,1,Rural,43.01405286154687,Approved,962.2954842321648,0.016524990422046703
LN03367,Male,Yes,1,Not Graduate,Self-Employed,63555.00212536063,28355.704555367563,103019.52414510753,240.0,1,Rural,40.302773545566026,Approved,429.24801727128136,0.004670272188879665
LN01489,Female,Yes,1,Graduate,Self-Employed,85251.68206854364,23085.710068901168,120150.64844772342,300.0,0,Urban,34.47003021744339,Rejected,400.5021614924114,0.0036968045251108204
LN00195,Male,Yes,1,Graduate,Self-Employed,67706.34759457674,13505.443068350112,175326.71956929588,180.0,1,Urban,32.868020550727,Approved,974.0373309405327,0.011993792071194661
LN04435,Female,No,1,Graduate,Salaried,73917.27678187571,16794.141710488413,159016.06245886494,60.0,1,Urban,37.966838099369625,Approved,2650.267707647749,0.029216472983176225
LN01044,Male,Yes,2,Graduate,Salaried,56547.45400118361,22979.75254581905,82943.49836721446,180.0,0,Rural,42.46341177100993,Rejected,460.79721315119144,0.005794208462217873
LN04685,Male,No,2,Graduate,Salaried,73307.3787006566,6498.022541853443,93509.24848677184,120.0,0,Rural,29.37660573508505,Rejected,779.2437373897653,0.009764298221142012
LN05485,Male,Yes,1,Graduate,Salaried,74903.01728569635,14766.060397560535,116181.77484821972,300.0,1,Urban,21.0,Approved,387.27258282739905,0.004318908957616178
LN04491,Female,Yes,1,Graduate,Self-Employed,40848.62089969576,15849.729626358272,193009.2605390922,360.0,0,Rural,29.19887287995694,Rejected,536.1368348308117,0.00945595118476059
LN00105,Male,Yes,2,Graduate,Unemployed,68081.01713629077,25628.536930332164,91624.95880596428,300.0,0,Semiurban,37.00583737575304,Rejected,305.4165293532143,0.003259182400292696
LN02632,Female,Yes,0,Graduate,Self-Employed,63945.84531262413,30154.13815348209,139574.67845231248,180.0,1,Semiurban,27.769368441532198,Approved,775.4148802906249,0.008240329612490535
LN04164,Male,No,2,Not Graduate,Self-Employed,51344.52232823223,0.0,126065.39055304044,240.0,1,Semiurban,37.1749455635283,Rejected,525.2724606376685,0.010230350518790255
LN01826,Male,Yes,1,Not Graduate,Salaried,38192.01845114308,14411.671458684776,207658.48492274224,300.0,1,Semiurban,36.04481567819572,Approved,692.1949497424741,0.013158676718857941
LN03235,Female,Yes,2,Graduate,Salaried,63789.596424421616,1875.3269655145011,159701.05022528998,60.0,1,Urban,38.44864787822139,Approved,2661.6841704214994,0.04053433755820741
LN04968,Male,No,3,Graduate,Salaried,54110.88484823932,21102.35005693996,114302.35439202232,120.0,0,Semiurban,26.48092079574448,Rejected,952.5196199335193,0.012664255448317747
LN05560,Female,No,0,Graduate,Salaried,39089.41028651893,16711.87143745663,232816.12539017788,360.0,1,Rural,27.186927461652864,Approved,646.7114594171608,0.011589544889240331
LN03695,Female,Yes,1,Graduate,Salaried,53698.26537611783,7030.133311861226,139662.27982853644,120.0,1,Semiurban,40.91203956312876,Approved,1163.8523319044702,0.01916487766924851
LN00104,Female,Yes,1,Graduate,Salaried,56774.285766679815,6046.456263407999,173186.15287785573,300.0,1,Urban,33.76317924643005,Approved,577.2871762595191,0.009189435807412607
LN04770,Male,No,2,Graduate,Self-Employed,60303.65885080866,27374.645917335387,105701.87160000554,180.0,0,Rural,33.46974275236591,Rejected,587.2326200000308,0.006697581819731861
LN02398,Female,Yes,2,Graduate,Salaried,64145.34658797888,21763.57047674908,163081.2631790385,360.0,1,Urban,31.88341937170209,Approved,453.0035088306625,0.005273067387048397
LN05983,Male,Yes,2,Graduate,Salaried,67858.27021096433,11990.647070298668,120853.52522003662,120.0,0,Rural,55.86477158316429,Rejected,1007.1127101669719,0.012612728443386127
LN03412,Male,No,0,Graduate,Salaried,99831.06604409468,20586.952829218197,128307.6238323714,60.0,0,Urban,24.98273415494033,Rejected,2138.46039720619,0.017758641249994166
LN05101,Female,Yes,3,Not Graduate,Salaried,70033.70090337576,5086.656077657497,148554.92382510696,360.0,0,Urban,29.663518299201577,Rejected,412.65256618085266,0.005493218919141201
LN00818,Female,Yes,2,Graduate,Salaried,61645.67978550848,14976.31083867192,93582.43312446112,120.0,0,Semiurban,37.31572993840317,Rejected,779.8536093705094,0.0101779345983789
LN02226,Male,Yes,3,Graduate,Self-Employed,88392.06009027275,10673.624836664718,240220.5413349213,300.0,1,Urban,30.344932598302677,Approved,800.735137783071,0.008082870858598778
LN04798,Female,Yes,0,Not Graduate,Salaried,18992.85085431599,15437.10396991984,185552.3051272652,180.0,0,Semiurban,40.97835895275738,Rejected,1030.8461395959177,0.029940386063773968
LN05601,Male,No,2,Graduate,Salaried,57928.26293188439,19862.873047408943,139265.27263065815,240.0,0,Rural,37.481931614177206,Rejected,580.2719692944089,0.007459358473038205
LN01330,Female,Yes,1,Graduate,Self-Employed,90615.01664687396,44430.48335268621,108579.83891258744,360.0,0,Rural,28.74444918557529,Rejected,301.6106636460762,0.0022334003254240865
LN01008,Female,Yes,1,Graduate,Self-Employed,80991.05430638671,28465.716626102963,182479.06658230865,240.0,1,Semiurban,31.801910340767343,Approved,760.3294440929527,0.006946390228905124
LN02055,Female,Yes,0,Graduate,Salaried,43614.84280557005,19664.44596840261,197185.08171999207,240.0,0,Urban,37.01611267554798,Rejected,821.6045071666337,0.01298378226249229
LN02799,Male,Yes,0,Graduate,Unemployed,66022.14678383485,26877.13384138455,132077.69053466624,120.0,1,Urban,38.22010511116461,Approved,1100.6474211222187,0.01184774966732547
LN04012,Male,Yes,2,Not Graduate,Salaried,40300.137483659695,1842.025917818588,87935.03636295216,120.0,1,Semiurban,36.35961579240646,Approved,732.791969691268,0.017388570271301328
LN01228,Female,Yes,0,Not Graduate,Salaried,79277.58233589819,16606.499403531165,120685.7475223924,180.0,0,Semiurban,35.23089777670297,Rejected,670.4763751244022,0.006992572311913685
LN02456,Male,No,0,Graduate,Salaried,48398.93517259914,25073.043574732623,173543.44296876903,360.0,0,Rural,47.66847794373411,Rejected,482.06511935769174,0.006561210512860982
LN03511,Male,Yes,0,Not Graduate,Salaried,42464.5243757631,4801.986663054064,234293.50761107617,300.0,0,Semiurban,29.770239125867874,Rejected,780.9783587035872,0.016522868761398874
LN00635,Male,Yes,3,Graduate,Self-Employed,26902.86656268461,11063.884179669902,219347.99451366405,180.0,0,Urban,53.26980285428042,Rejected,1218.599969520356,0.03209650406456627
LN00870,Male,No,2,Graduate,Salaried,56461.05545011901,19090.64938334057,159868.630271983,120.0,1,Semiurban,39.59037763972001,Approved,1332.2385855998584,0.017633468212749717
LN04002,Male,No,3,Graduate,Salaried,60360.33744088893,9026.18938954857,104383.7242966821,360.0,1,Urban,34.05227682349524,Approved,289.9547897130059,0.004178834176576952
LN03154,Female,Yes,3,Graduate,Salaried,39229.12358312056,12049.43810194358,95265.39779863144,120.0,0,Semiurban,30.94339576252379,Rejected,793.8783149885953,0.015481680626385967
LN05073,Female,No,1,Graduate,Self-Employed,28892.525323175152,15732.19450312465,130703.3436742218,120.0,1,Urban,21.714463668847607,Approved,1089.194530618515,0.024407873816534146
LN05052,Female,No,2,Graduate,Salaried,66833.20463905252,18871.483160609067,271304.2806926526,240.0,1,Urban,34.59798528953245,Approved,1130.4345028860525,0.013189879479270632
LN03690,Male,Yes,0,Graduate,Salaried,70667.18489410898,19847.34647968924,189186.56983764388,180.0,0,Semiurban,34.89443850430157,Rejected,1051.0364990980215,0.01161179849407331
LN03830,Female,No,0,Graduate,Unemployed,55949.5154587034,4811.948024092864,148403.30549745946,300.0,0,Semiurban,32.599770282035855,Rejected,494.6776849915315,0.008141306292459405
LN01109,Male,Yes,0,Graduate,Salaried,98280.62707733572,18537.706308913894,100607.09631838796,60.0,0,Urban,35.248584335028234,Rejected,1676.7849386397995,0.014353782407558037
LN04379,Male,No,0,Graduate,Salaried,44470.01719014,13533.682259563975,116532.19518748524,300.0,1,Urban,25.2078522123586,Approved,388.4406506249508,0.006696825449241811
LN03237,Male,No,0,Graduate,Self-Employed,34901.54663995415,0.0,158035.22756392308,60.0,1,Urban,36.1458354354846,Approved,2633.920459398718,0.07546715584184147
LN03515,Male,No,1,Graduate,Salaried,69508.61365053247,1532.1433788456543,244190.5515592401,180.0,0,Urban,36.07284852178925,Rejected,1356.6141753291117,0.019096279826636687
LN02528,Male,Yes,1,Graduate,Salaried,101130.87129659083,25103.793132832638,217177.32533110256,120.0,0,Urban,45.46977881750812,Rejected,1809.8110444258548,0.014336878484258988
LN00131,Male,Yes,0,Graduate,Self-Employed,61371.25949612055,9525.92477233127,165662.08468468083,120.0,0,Rural,37.11005124435127,Rejected,1380.5173723723403,0.019472104380690473
LN01226,Male,Yes,0,Graduate,Unemployed,60876.2294395822,14426.025362132064,155757.6157220238,120.0,0,Urban,30.038489413026507,Rejected,1297.980131016865,0.01723693579209153
LN05077,Male,Yes,1,Graduate,Salaried,80743.17797316486,4418.535687055884,189878.2811342977,180.0,0,Rural,29.38281168403639,Rejected,1054.8793396349872,0.01238677915575722
LN01416,Female,Yes,2,Graduate,Salaried,61140.26249794169,22820.27387574128,48077.67375589136,240.0,1,Rural,39.01923987119455,Approved,200.32364064954734,0.002385926166049814
LN02924,Male,Yes,1,Not Graduate,Salaried,61835.049688967454,3814.7651578836776,148212.11778132428,360.0,0,Semiurban,23.297419554590743,Rejected,411.70032717034525,0.006271157475931439
LN02450,Male,No,2,Not Graduate,Salaried,41676.16169037515,0.0,141593.01769754165,240.0,1,Urban,21.0,Approved,589.9709070730902,0.014156075875128883
LN01246,Female,No,0,Not Graduate,Self-Employed,60681.66936518452,13823.45068397836,281265.2790134456,300.0,1,Semiurban,31.51989706230325,Approved,937.5509300448186,0.012583711420452273
LN01493,Female,Yes,0,Graduate,Salaried,63691.02606394074,15017.830411046089,145995.85008754538,240.0,1,Urban,23.599905804386275,Approved,608.3160420314391,0.007728686062473263
LN02518,Female,No,0,Graduate,Salaried,55404.00738849613,8657.252831826863,216755.2308634312,120.0,0,Urban,45.55247454995629,Rejected,1806.2935905285933,0.02819634806303044
LN03007,Male,Yes,2,Graduate,Salaried,29053.92022123269,24800.04236133894,126867.76290593507,180.0,1,Semiurban,54.46709607703451,Approved,704.8209050329726,0.013087633132887955
LN03642,Female,Yes,3,Graduate,Self-Employed,40200.84414895972,17644.81684951374,122717.23028187078,300.0,1,Rural,39.2326783640907,Approved,409.0574342729026,0.0070715318523838396
LN04204,Male,Yes,2,Graduate,Salaried,62210.7063494788,14993.915176777104,153928.6610480563,180.0,1,Urban,40.099073231682496,Approved,855.1592280447572,0.011076528984135138
LN03669,Male,Yes,0,Not Graduate,Self-Employed,66773.7463584338,17687.757891486413,226365.4112097299,180.0,1,Semiurban,23.003089842495896,Approved,1257.585617831833,0.014889453236715483
LN03592,Male,Yes,0,Graduate,Self-Employed,106072.77504209576,27523.46362298008,116742.9850357794,120.0,1,Urban,35.49227893376525,Approved,972.858208631495,0.007282077836565734
LN02348,Male,Yes,1,Not Graduate,Salaried,73869.57823827988,20838.830222840013,202852.17095826828,120.0,0,Urban,36.68338399536869,Rejected,1690.434757985569,0.017848835023761736
LN01053,Male,Yes,3,Graduate,Unemployed,65213.47531647814,18246.582355025184,258347.96336234827,300.0,0,Urban,34.56602372791131,Rejected,861.1598778744942,0.010318227687596356
LN05227,Male,Yes,1,Not Graduate,Salaried,68316.73672572122,30018.791337963183,162181.0010744912,180.0,0,Rural,46.731326935493264,Rejected,901.0055615249512,0.009162563920350728
LN03693,Male,No,3,Not Graduate,Salaried,81147.3661075645,12721.07441234166,177792.92296587033,240.0,1,Urban,30.91235205547836,Approved,740.8038456911264,0.007891937285716685
LN04459,Male,Yes,0,Graduate,Self-Employed,73241.03669516946,31776.254421561345,230477.08285191847,120.0,0,Urban,38.26930026814092,Rejected,1920.6423570993206,0.018288820218800465
LN02171,Female,Yes,2,Graduate,Salaried,58480.979527149546,27638.559390963885,222944.26943162343,60.0,1,Semiurban,28.445965364152347,Approved,3715.7378238603906,0.04314628097804253
LN03476,Female,Yes,0,Not Graduate,Salaried,79556.31099372401,17716.835845000307,150831.0490681207,360.0,0,Urban,30.453146921681306,Rejected,418.97513630033524,0.0043072024491505575
LN00670,Female,Yes,1,Graduate,Self-Employed,84921.70384995258,17408.767572004075,144332.26029463502,300.0,1,Rural,27.087003255873867,Approved,481.1075343154501,0.004701508041838462
LN05645,Male,No,0,Not Graduate,Self-Employed,25141.0493902667,22177.387066589792,144351.4762025466,60.0,0,Rural,31.85925317673992,Rejected,2405.8579367091097,0.05084398633717954
LN01145,Female,Yes,1,Not Graduate,Self-Employed,60311.58095162935,19757.51991831532,171536.99669909253,300.0,0,Urban,24.926398209677632,Rejected,571.7899889969751,0.007141206567633713
LN04490,Male,Yes,2,Not Graduate,Salaried,67908.41970776077,4918.934932395719,219829.89231115888,180.0,1,Rural,41.03756107428738,Approved,1221.2771795064382,0.0167694842898088
LN01240,Male,Yes,0,Graduate,Salaried,52417.44518025026,21882.053064528827,63488.89369272572,360.0,0,Urban,30.02378767177404,Rejected,176.3580380353492,0.002373610080842526
LN04152,Male,Yes,0,Graduate,Self-Employed,61722.21736517956,10430.081661747685,125490.4546885656,180.0,1,Urban,25.49156752831195,Approved,697.1691927142533,0.00966246678368585
LN02283,Female,Yes,0,Not Graduate,Self-Employed,40376.68937720636,0.0,130195.80169603656,180.0,0,Urban,35.01327062386449,Rejected,723.3100094224253,0.017914049432461682
LN00529,Female,Yes,2,Graduate,Self-Employed,41913.66749791183,6975.699601351632,151025.08646838344,240.0,0,Urban,32.340570677531225,Rejected,629.2711936182643,0.012871330331207019
LN05272,Male,Yes,2,Not Graduate,Salaried,36005.49469819573,7815.160148388835,162818.04918692328,240.0,0,Urban,44.09109221681787,Rejected,678.408538278847,0.015481478783325916
LN03836,Female,No,0,Graduate,Salaried,84753.07515023997,25247.74112281728,153543.24985275682,60.0,1,Rural,30.76570802127324,Approved,2559.0541642126136,0.023263956131563804
LN01928,Female,Yes,1,Graduate,Self-Employed,82019.19269997142,18137.23182896907,216094.0496079901,120.0,0,Urban,30.981883804252284,Rejected,1800.7837467332508,0.017979712786301682
LN04360,Female,No,1,Not Graduate,Salaried,66148.07139439377,15873.574252602635,102077.5309372596,180.0,0,Rural,27.02833412127257,Rejected,567.0973940958867,0.006913996782465843
LN01375,Male,Yes,1,Graduate,Salaried,55813.526456962674,34723.444790822,170632.06807214828,180.0,0,Urban,37.32635737229459,Rejected,947.9559337341572,0.010470373822642674
LN05588,Female,Yes,3,Not Graduate,Salaried,83722.90948084598,11924.226104362562,155751.27831714036,360.0,0,Urban,36.52155830586498,Rejected,432.6424397698343,0.004523318310817672
LN04021,Male,Yes,2,Graduate,Self-Employed,31526.34726232154,21040.974263555672,273765.69004680513,360.0,1,Urban,32.71764716876914,Approved,760.4602501300143,0.014466406658282256
LN03984,Male,Yes,1,Graduate,Self-Employed,64857.6402630055,3070.266289808633,115315.1753767798,60.0,0,Semiurban,36.21133601650077,Rejected,1921.9195896129968,0.02829352010309193
LN05979,Female,Yes,3,Graduate,Self-Employed,69726.19986700443,37369.71077061629,203542.8798956241,240.0,1,Urban,37.437346837206,Approved,848.0953328984338,0.007919026299408619
LN04255,Male,Yes,1,Not Graduate,Salaried,80708.8683283389,1482.9246797535343,137292.27345628064,180.0,0,Rural,41.98813224257226,Rejected,762.7348525348924,0.00927993932994983
LN05009,Male,No,0,Graduate,Salaried,57169.40725324305,14214.092040311803,201300.70628536487,120.0,1,Urban,49.99213155534271,Approved,1677.5058857113738,0.023499911076267935
LN05336,Male,Yes,1,Not Graduate,Salaried,49749.317787069,17295.726410742533,216120.2162405865,300.0,0,Urban,35.66494421267447,Rejected,720.400720801955,0.010745025667765466
LN02039,Male,Yes,3,Graduate,Salaried,24618.48190221764,37540.3810892112,176792.8471244319,300.0,0,Urban,42.73404177784873,Rejected,589.309490414773,0.009480699325147461
LN05262,Female,Yes,2,Graduate,Self-Employed,65448.4279330722,14520.14205149419,154334.7285742767,180.0,1,Semiurban,36.659214461908846,Approved,857.4151587459817,0.010721901853583968
LN01575,Male,Yes,1,Not Graduate,Salaried,59287.17035405033,1007.7174077536874,142765.71196288284,120.0,0,Urban,21.0,Rejected,1189.714266357357,0.019731594344405176
LN00311,Female,No,3,Graduate,Salaried,81975.5370397438,27121.292042334862,172051.79174253813,180.0,0,Semiurban,32.85614062338895,Rejected,955.8432874585452,0.008761421349280643
LN00766,Male,Yes,1,Graduate,Salaried,59300.23019006076,36355.86730077367,150719.09981221327,120.0,0,Rural,53.196094208364,Rejected,1255.9924984351105,0.013130292071087858
LN00471,Male,No,0,Graduate,Self-Employed,15000.0,11853.091712119076,97669.0445953249,120.0,1,Semiurban,30.368820043753708,Approved,813.9087049610408,0.030309683282901664
LN01942,Male,No,1,Not Graduate,Self-Employed,65382.53882490215,560.7445292624307,20000.0,180.0,0,Semiurban,21.0,Rejected,111.11111111111111,0.001684949633374511
LN02057,Male,Yes,1,Graduate,Salaried,77487.78361425456,12118.439694888824,113704.09570031108,120.0,1,Urban,24.7699861324148,Approved,947.5341308359257,0.010574423246998288
LN02195,Female,Yes,0,Not Graduate,Self-Employed,46760.35644406782,24982.1765597173,138732.59331434962,360.0,0,Urban,37.85516301832652,Rejected,385.36831476208226,0.005371545980147513
LN02519,Male,No,1,Graduate,Salaried,42971.87131479372,26288.47487549389,196930.55393127463,240.0,1,Semiurban,21.0,Approved,820.5439747136443,0.011847240446348061
LN01701,Female,Yes,0,Graduate,Salaried,69783.74260295327,3867.051658853688,75553.88719647117,240.0,0,Urban,40.59178285969425,Rejected,314.80786331862987,0.004274330867357389
LN05687,Male,No,3,Graduate,Salaried,50046.54953141921,0.0,103779.5715885001,360.0,1,Rural,46.15745811182813,Approved,288.2765877458336,0.0057601690914746
LN01138,Male,No,3,Graduate,Salaried,71948.00139699716,9720.059782343864,180495.4561327322,360.0,1,Semiurban,36.53937224538746,Approved,501.37626703536716,0.006139196398140975
LN04009,Male,Yes,1,Not Graduate,Salaried,72666.53652142477,23185.946183432134,155523.43779430678,60.0,1,Semiurban,30.827427344532158,Approved,2592.0572965717797,0.027042150849165628
LN03818,Male,No,3,Graduate,Salaried,52046.40612770792,4106.573622878937,191297.61044629727,120.0,1,Semiurban,30.456424775237792,Approved,1594.146753719144,0.028389352814397768
LN04577,Male,Yes,3,Graduate,Salaried,96410.8781588363,10206.460573439155,272696.9336462695,240.0,0,Urban,34.362756848120654,Rejected,1136.237223526123,0.01065715236411316
LN00837,Male,Yes,0,Graduate,Salaried,40032.91918522418,0.0,120034.86056881372,60.0,1,Urban,21.0,Approved,2000.5810094802287,0.04997339814825762
LN03589,Male,Yes,0,Graduate,Salaried,52075.4064379648,22985.013379072203,76342.7061676735,120.0,0,Urban,35.70256213440972,Rejected,636.1892180639459,0.008475694908377603
LN03816,Male,Yes,1,Graduate,Self-Employed,52343.65620774063,16143.087530592478,248055.2145645733,240.0,0,Rural,42.99280415439706,Rejected,1033.5633940190555,0.015091437227151358
LN01491,Male,Yes,0,Graduate,Self-Employed,111163.98571336504,7257.961816470995,187972.10869112916,180.0,0,Semiurban,27.88113964217896,Rejected,1044.2894927284954,0.008818377965498244
LN02074,Male,Yes,0,Not Graduate,Salaried,47646.962091313,0.0,263128.4404167659,180.0,0,Urban,37.82891724497241,Rejected,1461.824668982033,0.030680333117156972
LN00463,Male,No,0,Graduate,Self-Employed,64279.59821468444,20991.033318635946,141906.76173211346,300.0,0,Urban,35.34424321367963,Rejected,473.02253910704485,0.005547308969116834
LN01773,Male,Yes,1,Not Graduate,Salaried,63892.14910474485,19441.45171087257,178170.49754110663,180.0,1,Urban,45.54872072957904,Approved,989.8360974505923,0.011877995043568172
LN03997,Female,No,0,Graduate,Self-Employed,53594.04390926716,7946.832760841517,135860.33949453375,180.0,0,Urban,39.41635273186621,Rejected,754.7796638585208,0.012264688199106021
LN02970,Male,No,0,Not Graduate,Unemployed,21754.900491604465,11089.753331344236,171901.18026640484,300.0,1,Urban,31.965684311828618,Rejected,573.0039342213495,0.01744588136961849
LN00679,Male,Yes,1,Not Graduate,Salaried,85431.10189988317,9502.106403619666,160076.4802891251,120.0,0,Urban,21.5747409400855,Rejected,1333.9706690760424,0.014051675835196878
LN02107,Female,Yes,0,Graduate,Self-Employed,72767.83851216765,23187.65970848816,173378.74562410786,180.0,1,Urban,41.66375976086359,Approved,963.2152534672659,0.01003814550837192
LN05492,Male,Yes,1,Graduate,Salaried,52424.803267938136,17265.42750930996,169106.56379454018,300.0,1,Urban,39.56006183024192,Approved,563.6885459818006,0.008088487291475996
LN00631,Male,No,3,Graduate,Salaried,90591.00638921229,19572.13063692514,144861.62692562002,180.0,1,Rural,38.68007733168838,Approved,804.7868162534445,0.00730540939536335
LN02699,Female,Yes,1,Graduate,Self-Employed,86578.6663907082,3195.395147679179,77730.0081609621,120.0,0,Urban,38.26551172721787,Rejected,647.7500680080175,0.007215336556105793
LN02891,Female,Yes,1,Graduate,Salaried,17388.67040385599,20308.67162067149,60190.11223327243,180.0,1,Urban,45.06233830034556,Approved,334.38951240706905,0.008870373730580293
LN03423,Male,No,1,Graduate,Self-Employed,68364.11511775944,16148.45090277753,109076.2456934916,180.0,0,Urban,25.618763216680485,Rejected,605.97914274162,0.007170284506500063
LN05281,Female,Yes,2,Graduate,Salaried,73181.0868782684,11634.550787908893,177927.9076640786,120.0,1,Semiurban,40.40176876803765,Approved,1482.7325638673217,0.017481830057131133
LN01581,Female,No,0,Graduate,Salaried,82972.7469885743,21672.45147429242,103507.60258036749,300.0,1,Urban,40.449184493319024,Approved,345.0253419345583,0.003297096732603458
LN00603,Female,Yes,2,Graduate,Salaried,87112.75717609902,19217.16933003097,132656.80060376946,240.0,1,Semiurban,60.34591990050089,Approved,552.7366691823728,0.005198317043419635
LN05948,Male,Yes,0,Not Graduate,Salaried,26664.731864216046,6750.393134087592,115148.42653175692,300.0,1,Rural,40.32452801389272,Approved,383.82808843918974,0.011486657268487705
LN00301,Female,Yes,0,Not Graduate,Salaried,48796.37919606061,590.1836547508137,146138.9144200787,240.0,0,Semiurban,30.586873787459584,Rejected,608.9121434169946,0.012329510463330211
LN03431,Male,No,0,Graduate,Salaried,86924.51512405496,6699.295048707631,179325.7578809,240.0,1,Rural,36.79551562564762,Approved,747.1906578370833,0.00798077600621363
LN03129,Male,Yes,1,Graduate,Salaried,51770.1371087564,24944.14528207584,71906.07141377847,300.0,0,Urban,24.39344689498917,Rejected,239.6869047125949,0.0031244104388733584
LN02588,Male,No,0,Graduate,Unemployed,43999.22871204707,8003.991912976361,102759.27548791398,360.0,1,Urban,28.19128671677205,Approved,285.4424319108722,0.005488937578868339
LN03473,Female,No,1,Graduate,Self-Employed,38787.89867206798,9923.058716102893,216148.6654172772,240.0,1,Urban,40.88691895578123,Approved,900.619439238655,0.018489052310381487
LN00666,Male,Yes,2,Graduate,Self-Employed,54900.455651582895,2464.939876282384,156837.32513242317,240.0,1,Urban,21.71369680929237,Approved,653.4888547184298,0.011391690908868522
LN02919,Female,No,2,Graduate,Self-Employed,85917.43563726029,23259.23583030653,99455.92517051994,300.0,0,Rural,31.296538659629935,Rejected,331.5197505683998,0.003036543852382279
LN01441,Female,Yes,1,Graduate,Salaried,83469.4771497065,42922.088679099616,146845.1223522827,180.0,1,Semiurban,29.51535694416869,Approved,815.8062352904594,0.006454593943360481
LN05984,Male,No,2,Graduate,Salaried,91808.07137147278,21427.17152631484,204728.6645610284,240.0,1,Urban,51.50245857111824,Approved,853.0361023376183,0.00753330924637673
LN01509,Male,Yes,1,Graduate,Salaried,89550.60162110523,10010.127440208882,233389.8966502257,120.0,1,Urban,40.43394807132023,Approved,1944.9158054185475,0.019534969498071656
LN05115,Male,Yes,1,Graduate,Self-Employed,70387.17491275776,19892.11824664301,119756.28004954084,120.0,1,Semiurban,30.06013383021024,Approved,997.9690004128404,0.011054240296839563
LN05828,Male,Yes,1,Graduate,Salaried,63211.7886634352,6819.978152582537,194381.14816901984,360.0,0,Urban,32.772442233930384,Rejected,539.9476338028329,0.007710038720304505
LN05011,Male,Yes,0,Graduate,Salaried,74670.95627011731,13707.02542964492,143267.79540876023,360.0,1,Urban,36.501745660832114,Approved,397.9660983576673,0.004503000529132224
LN03670,Male,Yes,0,Graduate,Salaried,80589.14963196714,16871.07100125092,125893.78578392652,360.0,1,Semiurban,39.34164102592384,Approved,349.704960510907,0.003588181498449374
LN01095,Female,Yes,3,Not Graduate,Self-Employed,58385.66839782836,0.0,181855.95202056135,240.0,0,Semiurban,28.18147271982661,Rejected,757.7331334190056,0.01297806729308916
LN04888,Female,Yes,2,Graduate,Salaried,64549.91751464107,28158.21840016223,134221.6153732739,240.0,1,Urban,27.291449199846245,Approved,559.2567307219746,0.006032444997447893
LN02435,Male,No,0,Graduate,Salaried,52609.46142333283,16504.74498773901,256607.32300718507,60.0,1,Urban,32.983535773823576,Approved,4276.788716786418,0.06188002349834248
LN04793,Female,Yes,1,Graduate,Self-Employed,65285.36543291273,19414.197598929502,244490.69519469215,240.0,1,Urban,48.17884022590352,Approved,1018.7112299778839,0.012027349298070242
LN04865,Male,Yes,0,Not Graduate,Salaried,26306.648455472263,29717.088983618905,179757.8661942364,180.0,0,Urban,33.773874992206714,Rejected,998.6548121902023,0.017825565694825993
LN01957,Male,No,0,Graduate,Salaried,122754.97067319987,36591.21154603292,191233.4312345715,360.0,1,Urban,34.13781852192371,Approved,531.2039756515875,0.0033336473347114317
LN02971,Male,Yes,0,Graduate,Salaried,58627.31907829063,29794.81761860873,136859.15883514704,360.0,0,Urban,32.339113691529754,Rejected,380.1643300976307,0.004299424830693574
LN01383,Male,No,2,Graduate,Salaried,47885.70153993323,7040.11089991246,196419.43395680856,240.0,1,Rural,30.860003619261523,Approved,818.414308153369,0.014900358716581385
LN04274,Female,Yes,1,Not Graduate,Self-Employed,19564.02720076105,7393.993355748609,172369.31482367136,300.0,0,Semiurban,37.50163085279772,Rejected,574.5643827455712,0.02131330011938984
LN00922,Male,No,0,Graduate,Salaried,62659.39348293752,19323.5271420034,124016.27608981825,240.0,0,Urban,21.0,Rejected,516.734483707576,0.0063029528561388505
LN02811,Female,Yes,2,Not Graduate,Salaried,47288.84317191193,18307.83806538236,184180.91559681663,60.0,0,Urban,29.88142005535066,Rejected,3069.6819266136104,0.04679629927479281
LN05642,Male,Yes,1,Graduate,Self-Employed,15000.0,30095.239926988543,173316.0824591646,180.0,0,Rural,28.30005838367844,Rejected,962.8671247731368,0.021351857232206038
LN01666,Male,Yes,1,Graduate,Salaried,40013.95535410178,4703.037603669396,237818.8993813996,240.0,1,Semiurban,31.50252599896671,Approved,990.9120807558317,0.022159631388711822
LN02716,Male,Yes,1,Graduate,Salaried,72510.16033662071,21443.105001082004,139365.51328474405,60.0,1,Rural,36.52793847468804,Approved,2322.7585547457343,0.024722488850141427
LN02324,Male,Yes,1,Graduate,Salaried,59888.07962341907,15657.886486489626,20000.0,180.0,1,Urban,35.37676214351848,Approved,111.11111111111111,0.001470774904770695
LN01279,Male,Yes,0,Graduate,Salaried,53817.67071594997,22699.687313352224,151083.27058517816,240.0,0,Rural,27.80238808810121,Rejected,629.5136274382423,0.008227069565015184
LN03033,Male,Yes,0,Graduate,Salaried,40354.119314906406,3202.232506254913,237200.5117037866,300.0,1,Urban,21.0,Approved,790.6683723459553,0.01815276852369024
LN00116,Male,No,1,Graduate,Salaried,59305.764605895136,23223.50470895754,158484.65789856418,240.0,1,Urban,35.476565435900206,Approved,660.3527412440175,0.008001436905066293
LN05232,Male,Yes,0,Graduate,Self-Employed,38879.38400066664,16926.191475869364,94105.28306398964,60.0,0,Semiurban,38.31006936234086,Rejected,1568.4213843998273,0.028105101882862676
LN04552,Female,Yes,3,Graduate,Self-Employed,77456.48702011269,2022.716243187675,73744.71794928197,180.0,1,Semiurban,47.63981012179501,Approved,409.69287749601096,0.005154717972433265
LN04675,Male,Yes,1,Graduate,Self-Employed,40746.97976162048,9897.088404369368,133832.31652806423,120.0,1,Rural,30.08937268863476,Approved,1115.2693044005352,0.02202171635866917
LN03189,Female,No,3,Not Graduate,Unemployed,96592.40403432176,31102.92980482871,149852.72943337023,120.0,0,Urban,24.520512320340497,Rejected,1248.7727452780853,0.009779313838131966
LN03165,Male,No,0,Graduate,Unemployed,24963.423864965614,14361.221671686531,111632.62570309178,300.0,0,Urban,28.80250416549661,Rejected,372.10875234363925,0.0094624820456886
LN03041,Male,Yes,0,Graduate,Salaried,63139.45921936869,17956.655514819995,84354.35116208805,360.0,1,Urban,42.59586273394001,Approved,234.31764211691123,0.002889381851213731
LN03761,Female,Yes,0,Not Graduate,Self-Employed,59778.15992102796,6425.575704527833,135053.13014900847,120.0,0,Semiurban,35.485631921045254,Rejected,1125.4427512417374,0.016999686507226292
LN03157,Female,Yes,1,Graduate,Salaried,62188.1694366594,20737.671099019008,194653.87172828455,120.0,0,Semiurban,33.25511404958432,Rejected,1622.1155977357046,0.019561038962731984
LN02828,Male,Yes,1,Not Graduate,Salaried,79028.98554116173,20163.96667786579,205060.97903638543,60.0,0,Rural,45.63485555798951,Rejected,3417.682983939757,0.034454897323684716
LN02852,Male,No,1,Graduate,Salaried,37902.74413874959,0.0,186784.03818798668,300.0,1,Rural,37.60952126642686,Approved,622.6134606266222,0.016426606431118478
LN01833,Male,Yes,1,Graduate,Self-Employed,65742.48330403649,12297.32395636111,201359.739412143,240.0,0,Urban,29.46892881598478,Rejected,838.9989142172625,0.010750909614855293
LN02016,Female,Yes,0,Not Graduate,Self-Employed,54709.70317378778,7670.739618914649,196154.3646225065,360.0,1,Urban,39.82931026662962,Approved,544.873235062518,0.008734680465048895
LN03533,Male,Yes,2,Graduate,Self-Employed,35218.94594946715,9030.279720988843,76219.362680853,240.0,0,Semiurban,40.06321887783903,Rejected,317.5806778368875,0.007177090062593513
LN01646,Male,No,1,Graduate,Salaried,56257.11469990903,0.0,151103.38504684318,120.0,1,Semiurban,25.39231678295572,Approved,1259.1948753903598,0.022382855610481495
LN05415,Male,No,2,Graduate,Salaried,72891.90864830354,8577.675215560106,125675.36922272574,240.0,1,Rural,41.911293950807305,Approved,523.6473717613572,0.006427519902843452
LN00659,Male,No,2,Graduate,Salaried,57112.79176152115,17990.85734021106,180819.714526518,180.0,1,Urban,42.26740170910426,Approved,1004.5539695917666,0.013375568053038816
LN03038,Male,No,3,Graduate,Self-Employed,40745.34869430776,22740.227740710525,93424.73493239188,120.0,0,Urban,27.880406529453243,Rejected,778.5394577699323,0.012263249410152544
LN00279,Male,Yes,1,Not Graduate,Salaried,52293.7280627648,15567.416832968194,89783.50864105197,300.0,1,Semiurban,22.287795875864184,Approved,299.2783621368399,0.004410157868640057
LN03781,Male,Yes,0,Graduate,Salaried,53466.07573627272,25714.7593025456,145913.1661984253,300.0,0,Urban,24.35535060492576,Rejected,486.3772206614176,0.00614261292423819
LN01200,Female,Yes,0,Graduate,Salaried,62504.49005295814,16396.516742158965,158348.38116670816,240.0,0,Urban,34.040188921418995,Rejected,659.7849215279507,0.008362186343720804
LN04066,Male,No,2,Graduate,Self-Employed,63786.56614584748,12236.647049557829,196199.1339560075,120.0,0,Rural,21.0,Rejected,1634.9927829667292,0.021506494059442688
LN00327,Male,Yes,0,Graduate,Self-Employed,75833.25387925871,21190.329465885326,28493.881213632198,300.0,0,Urban,26.538790783712244,Rejected,94.97960404544065,0.0009789331703774298
LN03459,Male,Yes,1,Graduate,Salaried,36566.913053648765,12985.800999230263,176873.1043362601,300.0,0,Urban,37.601736832325024,Rejected,589.5770144542003,0.011897976240515239
LN04138,Male,Yes,1,Not Graduate,Salaried,77826.07373739511,25179.570524293595,174635.77097307006,360.0,1,Semiurban,21.14086923745512,Approved,485.0993638140835,0.0047094444900677
LN03339,Male,Yes,2,Not Graduate,Salaried,95927.21645853927,15212.226508342585,139015.647748808,300.0,0,Semiurban,39.14960795449509,Rejected,463.38549249602664,0.004169406289305495
LN04756,Male,No,0,Graduate,Salaried,30054.847096427107,13549.663084715776,204386.33756694265,180.0,0,Rural,31.507771266306,Rejected,1135.4796531496813,0.026040417572233812
LN04441,Male,Yes,1,Graduate,Unemployed,64463.06109495394,9583.792366908125,216772.65308508716,60.0,0,Urban,40.53661341351008,Rejected,3612.8775514181193,0.04879177686164527
LN05220,Male,Yes,0,Graduate,Salaried,95695.5007837019,5769.276036844225,215288.82891437603,300.0,1,Semiurban,36.64300445310952,Approved,717.6294297145868,0.007072695098751455
LN02421,Male,Yes,2,Graduate,Salaried,83391.79984855547,24437.15505756044,104888.08986426168,300.0,1,Semiurban,35.43173672753899,Approved,349.6269662142056,0.0032424219127285187
LN00082,Male,No,0,Graduate,Self-Employed,89557.88089483032,27212.94945685148,109639.216125778,300.0,0,Urban,32.73777608061808,Rejected,365.4640537525933,0.003129754688323407
LN04928,Male,No,0,Graduate,Salaried,34188.77156107563,4543.050291220878,123815.72336615527,180.0,1,Semiurban,32.46038222494394,Approved,687.8651298119737,0.017759689498602516
LN03933,Male,Yes,0,Graduate,Self-Employed,75216.93308622956,7776.525953849706,184417.35185190095,300.0,0,Rural,30.622908256874684,Rejected,614.7245061730032,0.007406903065410733
LN05174,Female,No,0,Not Graduate,Salaried,70993.66372580519,21611.529286613462,109847.87994678775,240.0,1,Urban,31.79955681654664,Approved,457.6994997782823,0.004942482002244769
LN03202,Female,Yes,0,Graduate,Unemployed,64445.79711601708,10093.877659733473,85491.62927742716,240.0,0,Semiurban,44.755596039604505,Rejected,356.2151219892798,0.004778866061073353
LN05146,Male,Yes,0,Graduate,Self-Employed,57514.28445675127,8062.333925032495,186623.82646190497,300.0,1,Urban,32.04175445068363,Approved,622.0794215396833,0.009486299185450036
LN00483,Male,Yes,1,Not Graduate,Self-Employed,64069.27271734446,11674.20620150125,202852.95056782887,120.0,0,Urban,21.0,Rejected,1690.4412547319073,0.022317977453123153
LN00715,Male,Yes,0,Graduate,Salaried,82066.03764033043,19608.248654038653,154563.59490837867,300.0,0,Semiurban,33.198534657958625,Rejected,515.2119830279289,0.005067279071291227
LN04741,Male,Yes,1,Graduate,Salaried,69916.10042055142,16434.289370373244,125606.54559631024,360.0,1,Urban,39.85826559047788,Approved,348.9070711008618,0.004040596364945785
LN02000,Male,Yes,3,Graduate,Unemployed,46496.43450051237,14669.747362804394,138787.95222259068,360.0,0,Urban,26.942816596623416,Rejected,385.52208950719637,0.006302863408552984
LN04594,Male,Yes,3,Graduate,Salaried,59837.735967765,18360.754125053463,130486.62345341907,60.0,0,Urban,48.01812555800589,Rejected,2174.7770575569843,0.027810985288534488
LN04550,Male,Yes,1,Graduate,Self-Employed,87863.62515869812,8106.709319199281,213702.9821633398,360.0,0,Semiurban,26.39556143209879,Rejected,593.6193948981661,0.006185446764644553
LN05199,Male,No,3,Not Graduate,Self-Employed,78513.44419005443,14576.681043397872,151458.7213384048,240.0,0,Rural,38.75554556504535,Rejected,631.0780055766867,0.006779215346354549
LN02957,Female,Yes,1,Graduate,Salaried,55268.89425562108,11425.849518293002,124912.11194151398,120.0,0,Semiurban,32.35889263323816,Rejected,1040.9342661792832,0.015607440815844585
LN04308,Male,Yes,0,Graduate,Salaried,56061.56384006221,13453.096688654454,286424.9872648304,120.0,0,Urban,38.735909421068456,Rejected,2386.8748938735866,0.034336280659639604
LN03584,Female,Yes,1,Not Graduate,Self-Employed,61425.07499821785,26494.873640103684,82750.66656957954,360.0,1,Urban,40.98247606669097,Approved,229.8629626932765,0.0026144574269358306
LN02879,Male,Yes,0,Graduate,Salaried,56253.41963187251,8515.307999808625,126190.04198005064,180.0,0,Rural,21.0,Rejected,701.0557887780591,0.010823985809397666
LN02149,Male,Yes,1,Not Graduate,Salaried,27136.223776916653,9412.004279376592,159430.61709875058,360.0,0,Semiurban,44.70408788616432,Rejected,442.86282527430717,0.012117217409068086
LN01285,Female,Yes,0,Not Graduate,Self-Employed,33375.34092884444,4435.029293747399,153868.7141380417,240.0,1,Rural,24.111499487725723,Rejected,641.1196422418403,0.016956185259957304
LN01598,Male,Yes,1,Not Graduate,Salaried,60415.87415350816,24942.988266876237,218337.33683471987,360.0,0,Urban,41.738536328621606,Rejected,606.4926023186663,0.007105209525072477
LN03722,Male,No,0,Graduate,Salaried,27239.418851279665,16030.782215308482,97516.29421216024,300.0,1,Rural,31.116744129679645,Approved,325.0543140405341,0.007512197910527635
LN05029,Female,Yes,2,Graduate,Self-Employed,60290.17998525308,17448.973017127293,173554.02020484433,360.0,0,Urban,31.964179705207957,Rejected,482.09450056901204,0.006201437524721298
LN04062,Male,No,0,Not Graduate,Salaried,40981.78540625536,23855.770816950448,234253.2172666592,60.0,1,Semiurban,33.790187071651665,Approved,3904.220287777653,0.06021541395448685
LN05401,Male,No,2,Graduate,Salaried,52053.53494897277,7836.057062992539,140620.1499954194,300.0,0,Rural,41.61957248668301,Rejected,468.7338333180647,0.007826632601277642
LN02947,Female,No,0,Not Graduate,Unemployed,15000.0,16848.27033621654,133420.31105342277,120.0,0,Rural,27.186075654582908,Rejected,1111.8359254451898,0.03491040215709472
LN01527,Male,Yes,0,Graduate,Self-Employed,90864.87056544378,10966.202540313174,181255.52731244735,240.0,1,Urban,48.91383151472692,Approved,755.231363801864,0.007416511883533981
LN03522,Female,Yes,1,Graduate,Salaried,40686.70392953584,24537.602558113536,35916.89637897113,120.0,0,Urban,34.2348208117626,Rejected,299.3074698247594,0.004588894630584307
LN03171,Male,Yes,0,Graduate,Salaried,72164.92383369937,15445.696108892716,238532.09362313367,60.0,0,Urban,40.84829893597004,Rejected,3975.5348937188946,0.04537731722848111
LN02050,Female,Yes,1,Graduate,Salaried,76501.9652933527,4195.926707214983,164313.66683887213,180.0,1,Urban,48.58146589278957,Approved,912.8537046604007,0.011311989471224096
LN02116,Female,Yes,0,Not Graduate,Salaried,55428.00169319963,4858.357818730317,177182.70641403034,300.0,1,Urban,34.98075795722578,Approved,590.6090213801011,0.009796727255743926
LN01993,Male,No,3,Graduate,Salaried,74166.07694402128,24080.226625361916,79707.01570672673,180.0,1,Urban,32.48393022228271,Approved,442.8167539262596,0.004507210325867731
LN01184,Female,No,1,Not Graduate,Salaried,40207.43726859325,15430.309733212816,128393.94784352902,120.0,0,Urban,30.36245186140421,Rejected,1069.9495653627419,0.019230641480288736
LN04782,Female,No,0,Graduate,Self-Employed,26186.56744787096,7588.373313651708,219954.8739631707,360.0,1,Urban,41.772086496057454,Rejected,610.9857610088076,0.018089913623323337
LN01223,Male,Yes,2,Graduate,Salaried,68275.98194902997,46176.81129208047,141818.31645712542,300.0,1,Rural,46.6197651701863,Approved,472.72772152375137,0.004130329266214463
LN03518,Female,No,0,Graduate,Salaried,85590.37339520318,12993.147816246705,184787.28962363212,300.0,1,Urban,36.47198509639469,Approved,615.9576320787737,0.006248079035010508
LN00398,Male,Yes,3,Not Graduate,Unemployed,57709.20309494764,23800.659629573423,83624.62547312847,360.0,1,Urban,36.62413653612983,Approved,232.29062631424574,0.0028498468596287363
LN01937,Male,Yes,0,Graduate,Self-Employed,69353.86343530867,39187.77779313464,110771.65036987384,60.0,1,Urban,29.84117537200263,Approved,1846.1941728312306,0.017009086576695656
LN03084,Male,No,1,Graduate,Self-Employed,56283.08495614505,28755.969643042084,29231.83689607351,240.0,0,Urban,33.46260616104637,Rejected,121.79932040030629,0.0014322750996513375
LN00455,Female,No,3,Graduate,Self-Employed,44142.54335475312,4957.094365057468,124870.67430471577,120.0,1,Urban,42.91099831000624,Approved,1040.5889525392981,0.021193414063001202
LN03748,Male,No,0,Graduate,Salaried,88577.15415627134,8179.25201976217,199479.96647952357,60.0,0,Semiurban,23.919692571561733,Rejected,3324.6661079920596,0.03436119880210657
LN05643,Female,Yes,1,Graduate,Salaried,87183.7898832805,0.0,221112.92542881635,240.0,0,Rural,41.39339189116541,Rejected,921.3038559534015,0.010567375623230194
LN02562,Female,Yes,0,Not Graduate,Unemployed,41491.50747880826,24280.15659151687,224613.22547375291,180.0,1,Rural,31.44752351448435,Approved,1247.8512526319607,0.01897247500531109
LN00470,Male,No,0,Not Graduate,Salaried,54498.96605696712,15375.748593358656,223925.69392867712,60.0,1,Urban,32.793093401652904,Approved,3732.0948988112855,0.05341123634619216
LN05538,Male,Yes,2,Graduate,Self-Employed,35351.37521672,21259.320959729022,173039.44241307006,240.0,1,Rural,39.63378252062007,Approved,720.9976767211252,0.01273606801219788
LN05191,Male,Yes,1,Graduate,Self-Employed,59174.14625985434,12198.88992249994,164183.92248494262,180.0,1,Semiurban,23.39058956135014,Approved,912.1329026941257,0.012779796846020045
LN00532,Male,Yes,0,Graduate,Unemployed,58678.40402705367,30404.412397766733,163504.2205673882,180.0,0,Urban,45.38561720716025,Rejected,908.3567809299344,0.010196767652676578
LN01371,Female,Yes,0,Graduate,Salaried,94234.16960284689,15582.127270850564,118626.94167621492,360.0,0,Rural,38.28420787106647,Rejected,329.51928243393036,0.0030006409960528805
LN00880,Female,Yes,3,Graduate,Unemployed,110538.64851747244,16869.902097246642,165339.49812307258,360.0,1,Urban,45.54910101184784,Approved,459.2763836752016,0.003604753224640662
LN03516,Female,Yes,1,Graduate,Salaried,44088.85864118236,33478.66995702103,126151.20700229704,240.0,1,Urban,39.8643255967261,Approved,525.6300291762377,0.006776418414707778
LN03114,Male,Yes,0,Not Graduate,Self-Employed,67779.57458704368,15142.87211883989,103352.57649134895,300.0,1,Semiurban,21.0,Approved,344.5085883044965,0.004154587834659885
LN05006,Male,Yes,0,Graduate,Self-Employed,80969.65302101185,10333.810318243544,175652.39337051252,240.0,1,Urban,21.0,Approved,731.8849723771356,0.00801596068330593
LN02830,Male,Yes,0,Not Graduate,Salaried,25922.56826346562,11171.8251901325,181659.75893359576,180.0,1,Semiurban,38.57028951001206,Approved,1009.2208829644209,0.027206830709521346
LN02048,Male,No,0,Graduate,Self-Employed,53442.10566974164,2068.777495950295,110856.67448512543,300.0,0,Semiurban,39.72894558605812,Rejected,369.5222482837514,0.006656753184430179
LN04166,Male,Yes,1,Graduate,Salaried,54052.47841513787,30193.36351090644,148806.45158452736,300.0,0,Rural,44.65542929240135,Rejected,496.02150528175787,0.00588778619741486
LN02209,Male,Yes,1,Not Graduate,Salaried,59985.82810846708,18431.585541974167,179725.45013157348,180.0,0,Urban,21.0,Rejected,998.474722953186,0.012732818853272238
LN01525,Male,Yes,1,Graduate,Salaried,81774.97239408371,7092.290809146463,185347.75049602712,60.0,1,Semiurban,29.46286383974138,Approved,3089.129174933785,0.034761160224651776
LN00431,Female,Yes,2,Graduate,Salaried,19215.356444797988,0.0,226900.8140930817,180.0,1,Semiurban,41.82363634553101,Approved,1260.5600782948982,0.06560170153055678
LN03639,Female,No,0,Graduate,Salaried,69156.1121985157,12592.756960109493,91654.10993142784,240.0,0,Urban,32.68565939479884,Rejected,381.89212471428266,0.004671527920138696
LN01418,Female,Yes,0,Not Graduate,Salaried,90569.36852825063,14800.816037002687,158193.5700868228,300.0,0,Urban,33.15857511859237,Rejected,527.3119002894093,0.005004374837768812
LN00669,Male,Yes,2,Graduate,Salaried,81830.13703844923,22026.59998499306,68883.96933531173,60.0,1,Urban,42.98302174881525,Approved,1148.0661555885288,0.011054325299372636
LN03329,Male,Yes,1,Graduate,Salaried,76695.02652649765,21067.621502064078,189173.40531044587,240.0,0,Semiurban,26.493145854915653,Rejected,788.2225221268578,0.008062614280830197
LN05691,Male,Yes,1,Graduate,Salaried,25070.665488419327,32624.73164869612,147195.71368606627,120.0,0,Semiurban,35.457932238886954,Rejected,1226.6309473838855,0.021260464582100846
LN02344,Female,Yes,1,Not Graduate,Salaried,16933.14160257511,0.0,89203.10910120493,60.0,0,Urban,42.27078128947026,Rejected,1486.7184850200822,0.0877993298534744
LN01756,Male,Yes,0,Graduate,Salaried,57251.02970744616,5439.414483166056,234144.4194473916,120.0,0,Semiurban,37.07627890487751,Rejected,1951.20349539493,0.031124416497388913
LN05100,Female,Yes,1,Graduate,Salaried,80575.37982846961,18708.67792471025,174662.7088096516,180.0,0,Rural,37.46898161366849,Rejected,970.3483822758423,0.009773456124125467
LN04198,Male,Yes,1,Not Graduate,Self-Employed,15000.0,27914.688890653637,122297.780795596,180.0,1,Urban,34.76312672257218,Approved,679.4321155310889,0.015832157545456704
LN04498,Male,Yes,0,Not Graduate,Salaried,16606.451645485955,27473.03650664678,176814.5031282734,360.0,0,Urban,46.73173796432005,Rejected,491.1513975785373,0.011142402468091579
LN03792,Female,Yes,2,Graduate,Self-Employed,65143.97940711855,16803.05051337503,34177.75715362548,180.0,0,Rural,36.21073342669848,Rejected,189.87642863125268,0.0023170629712324416
LN00182,Male,No,1,Graduate,Salaried,38582.15003877775,0.0,144772.43057157367,180.0,1,Urban,33.53816943837192,Approved,804.2912809531871,0.020846201679917225
LN02103,Male,Yes,0,Not Graduate,Salaried,82508.69568829538,0.0,128828.17084103612,300.0,0,Urban,22.58238916040969,Rejected,429.42723613678703,0.005204630039954749
LN03629,Female,Yes,2,Graduate,Salaried,47344.89940229922,35401.33885996919,171599.8281684805,300.0,0,Semiurban,22.127543995303423,Rejected,571.9994272282684,0.00691269402985169
LN03439,Male,No,2,Graduate,Salaried,65854.30964283706,13959.90772275305,232733.4157933353,240.0,1,Urban,45.87097702286818,Approved,969.7225658055637,0.012149747223151187
LN05843,Female,Yes,1,Not Graduate,Self-Employed,17521.048345986703,9736.091348893222,216912.48153810375,300.0,1,Semiurban,31.853933874844905,Rejected,723.0416051270125,0.026526686703771462
LN05777,Female,Yes,0,Graduate,Salaried,52880.51831228334,14299.702231919557,141454.49732626285,60.0,1,Urban,31.06755764031502,Approved,2357.574955437714,0.03509328990497269
LN03416,Male,Yes,1,Graduate,Salaried,76814.68964259098,32340.41954422619,108312.6379640442,180.0,1,Rural,43.05256576383147,Approved,601.7368775780234,0.00551267716244194
LN00748,Male,Yes,1,Graduate,Self-Employed,47769.64394016103,9938.10938914664,157300.53048878635,300.0,1,Urban,38.62152588883041,Approved,524.3351016292878,0.009086042539850483
LN03880,Male,Yes,0,Not Graduate,Salaried,66034.00017803471,15459.609360489338,113980.5820599764,180.0,0,Urban,47.15520711657162,Rejected,633.2254558887578,0.007770246765047466
LN00831,Male,No,0,Not Graduate,Salaried,41626.96107031604,7492.703929944012,116439.44624330556,120.0,1,Semiurban,30.653034892973384,Approved,970.328718694213,0.019754383884521113
LN03370,Male,No,1,Not Graduate,Self-Employed,58451.13078548013,0.0,82578.62436095094,360.0,0,Urban,46.27393683590519,Rejected,229.38506766930817,0.003924390590682804
LN04309,Male,Yes,0,Not Graduate,Salaried,50708.37843768764,22138.774440901376,81829.7876331243,60.0,1,Urban,29.2314309924308,Approved,1363.829793885405,0.018721799548685684
LN02522,Male,Yes,2,Graduate,Salaried,67349.63330948609,10050.354491092992,165956.04209342707,120.0,0,Rural,32.83934961021735,Rejected,1382.9670174452256,0.01786779373930184
LN00236,Male,Yes,2,Not Graduate,Salaried,19497.148266847857,8685.974444334417,265083.7426025387,60.0,1,Urban,22.61593263732697,Approved,4418.062376708979,0.1567626987961847
LN05818,Female,Yes,1,Not Graduate,Salaried,35003.59320821272,16206.085476135786,175100.094453328,300.0,0,Urban,29.135098862189203,Rejected,583.6669815110934,0.01139759116843439
LN03540,Male,Yes,0,Graduate,Salaried,66617.02609231156,18286.44025804809,111892.076848689,240.0,1,Rural,37.87634612507435,Approved,466.2169868695375,0.00549114196286949
LN03163,Male,Yes,0,Graduate,Salaried,46107.99261673711,25679.97778058972,254604.92858089544,60.0,0,Urban,33.12497963875882,Rejected,4243.4154763482575,0.05911039764548448
LN01187,Male,Yes,2,Graduate,Salaried,55507.33700005951,36216.31307330204,208971.22340702137,180.0,1,Rural,34.29875224545884,Approved,1160.9512411501187,0.01265705453524339
LN00809,Male,No,0,Graduate,Self-Employed,42107.85395560992,1951.8310956705063,161135.80313004824,180.0,0,Urban,21.49196418894988,Rejected,895.1989062780458,0.020317868937014344
LN02986,Male,No,1,Graduate,Salaried,57545.82132808552,8216.653706645066,207165.21371650067,60.0,0,Urban,46.129825024580185,Rejected,3452.753561941678,0.052503400459277184
LN01728,Male,Yes,2,Not Graduate,Salaried,67345.7462680268,18726.481864800557,164100.02712772554,240.0,1,Semiurban,25.53163798887164,Approved,683.7501130321897,0.00794391092068653
LN04951,Male,No,1,Graduate,Salaried,85062.65649536486,25260.87440960004,142555.86019895584,120.0,1,Semiurban,28.49508592605605,Approved,1187.9655016579652,0.010768015598424824
LN03825,Male,Yes,0,Graduate,Salaried,83434.35829432319,0.0,72061.88734309291,120.0,0,Rural,40.74704674270439,Rejected,600.5157278591075,0.0071974632529769956
LN02053,Male,No,1,Graduate,Self-Employed,53925.47942446671,10108.43824815784,103047.34281490148,360.0,1,Semiurban,37.58297188611662,Approved,286.2426189302819,0.004470171892241646
LN00827,Male,Yes,0,Graduate,Salaried,49542.79945693464,14877.015506919424,76604.09111805997,120.0,0,Semiurban,27.334891769422928,Rejected,638.3674259838331,0.009909488661866242
LN03514,Male,Yes,0,Not Graduate,Salaried,68695.40129113782,17075.42294888742,167911.72970072264,360.0,0,Semiurban,32.31983260906068,Rejected,466.4214713908962,0.005437996842441897
LN02328,Female,No,0,Graduate,Salaried,73910.75515131555,15565.106484655564,216696.7819943974,180.0,0,Rural,44.17528762930674,Rejected,1203.8710110799855,0.013454701514670911
LN01148,Male,No,0,Not Graduate,Salaried,91890.10126449943,28663.894118544384,121043.5581496562,60.0,0,Semiurban,40.74137955492591,Rejected,2017.3926358276033,0.01673434903105131
LN02325,Male,No,2,Not Graduate,Salaried,73374.83311185025,31629.31447189837,139851.58284260574,240.0,1,Urban,42.051763445253854,Approved,582.7149285108572,0.005549446778243676
LN03182,Female,Yes,2,Not Graduate,Salaried,37926.60342939262,12839.985784268869,130434.844802977,300.0,1,Urban,44.27956440069052,Approved,434.7828160099233,0.008564349560299426
LN05556,Female,Yes,0,Graduate,Salaried,61511.52745340076,19226.28617192566,169645.36795071958,60.0,1,Semiurban,44.75115075034171,Approved,2827.4227991786597,0.03501980883826823
LN01004,Male,No,0,Graduate,Self-Employed,73964.46627227179,22074.57710864381,142591.07332508854,60.0,0,Semiurban,37.480923185417154,Rejected,2376.5178887514758,0.02474533070186459
LN00170,Male,No,1,Graduate,Salaried,42209.711407489536,6160.0114325355935,276225.4638303748,240.0,1,Semiurban,43.12357437933552,Approved,1150.9394326265617,0.02379462533686835
LN04670,Male,Yes,0,Not Graduate,Self-Employed,73046.1230322046,22796.961821794943,65671.48784592822,120.0,1,Semiurban,26.01497943913148,Approved,547.2623987160684,0.005709983141190922
LN05316,Female,Yes,0,Graduate,Self-Employed,29799.175760294955,24067.84266675429,124718.97070404058,120.0,0,Urban,39.78248803709712,Rejected,1039.3247558670048,0.019294269224767586
LN01478,Female,Yes,1,Graduate,Salaried,42250.156443958,34186.06333876208,167482.48785737366,180.0,1,Rural,33.48532763719861,Approved,930.4582658742981,0.012173002125422307
LN03203,Male,Yes,1,Graduate,Salaried,85577.31626626787,12172.406723706315,183149.68510263,240.0,0,Semiurban,23.32504866091636,Rejected,763.123687927625,0.007806914071827045
LN03935,Male,No,1,Graduate,Self-Employed,67766.24010846899,16237.54642524277,205039.99027113584,60.0,1,Semiurban,29.667385685963566,Approved,3417.3331711855976,0.04068070395629344
LN02375,Male,Yes,1,Not Graduate,Salaried,88969.98459785852,12941.60140078656,189169.236207712,300.0,1,Rural,31.55650225431931,Approved,630.5641206923733,0.006187364415079917
LN04591,Male,Yes,2,Graduate,Salaried,63924.81881333441,11290.688963923318,214585.780376062,120.0,1,Semiurban,38.66168538640676,Approved,1788.2148364671834,0.023774549814418337
LN01625,Male,Yes,2,Not Graduate,Salaried,81600.96131429297,23444.558720716657,219398.2791986684,360.0,1,Semiurban,32.775660905192154,Approved,609.4396644407456,0.00580167211545653
LN02827,Male,Yes,0,Graduate,Salaried,58759.91981267936,18358.47264720069,227883.9635911121,180.0,0,Semiurban,33.70905800638844,Rejected,1266.0220199506227,0.016416602830631566
LN04686,Female,Yes,0,Graduate,Salaried,44077.263936270094,0.0,124068.74993678083,300.0,1,Urban,37.238747768204064,Approved,413.56249978926945,0.00938267176445494
LN02020,Male,Yes,1,Graduate,Salaried,61198.65260532656,0.0,134046.854010765,180.0,1,Urban,39.54936744805358,Approved,744.70474450425,0.0121686460861629
LN05407,Male,Yes,0,Graduate,Salaried,83005.34791796592,30206.40096017045,154239.88645130716,300.0,1,Semiurban,30.309293245368195,Approved,514.1329548376906,0.0045413392155183
LN03026,Female,Yes,0,Graduate,Salaried,63808.47779850115,10634.851367344563,154708.8234586821,360.0,1,Rural,25.119503793128143,Approved,429.7467318296725,0.005772803777653169
LN00920,Male,Yes,1,Not Graduate,Salaried,81472.63499719545,17573.731064173495,93220.1367237238,240.0,1,Rural,40.60468413720664,Approved,388.41723634884914,0.00392156978387462
LN03351,Female,Yes,2,Graduate,Self-Employed,53181.8424530784,19799.397411482787,105553.75954701146,240.0,0,Semiurban,31.5086000393167,Rejected,439.80733144588106,0.006026306654450882
LN01405,Male,No,1,Not Graduate,Salaried,44864.09822861078,31656.032136865277,155253.79856041475,240.0,1,Semiurban,41.087352586549805,Approved,646.8908273350614,0.008453864679076948
LN00560,Female,Yes,1,Graduate,Salaried,65795.49713792827,11971.147562010068,145622.32267732802,120.0,1,Urban,37.155501597471,Approved,1213.5193556444,0.015604625354825966
LN02650,Male,No,0,Graduate,Salaried,41844.87639706159,4113.0658952365775,212316.4905537472,180.0,0,Urban,26.262548149909414,Rejected,1179.5360586319289,0.02566555419583267
LN04537,Female,Yes,1,Not Graduate,Salaried,53932.99865045732,3280.660707768053,196825.3303028504,300.0,1,Rural,39.91709578618181,Approved,656.0844343428347,0.011467269209874655
LN02498,Male,No,1,Graduate,Salaried,75807.43792103423,0.0,179170.24578990953,300.0,1,Urban,37.31352499319452,Approved,597.2341526330317,0.00787830546727022
LN03964,Female,Yes,0,Graduate,Salaried,47835.46985110482,30891.473016364573,127637.74476063464,180.0,0,Urban,36.61669792502661,Rejected,709.0985820035257,0.009007063607147014
LN02508,Female,Yes,0,Graduate,Salaried,32978.51267583958,8996.61340993513,150640.71522832476,180.0,1,Rural,30.143507487832284,Approved,836.892862379582,0.019937828433663797
LN02851,Male,Yes,0,Graduate,Salaried,76666.67823560614,7457.018673928573,64993.95655858691,180.0,0,Semiurban,42.56860085060381,Rejected,361.07753643659396,0.004292221451286086
LN01844,Female,Yes,0,Graduate,Salaried,63197.12783994801,30929.640960273813,239101.20563507365,360.0,0,Rural,42.97809194838834,Rejected,664.1700156529823,0.007056122547483189
LN01985,Male,No,0,Graduate,Self-Employed,70261.70840194586,6592.28110101375,117271.75292021348,120.0,0,Semiurban,37.22629436266927,Rejected,977.2646076684456,0.012715860477624413
LN00545,Male,No,2,Not Graduate,Self-Employed,44062.09489059047,11306.812298418112,112091.8090250036,300.0,1,Rural,45.73847115533195,Rejected,373.6393634166787,0.006748180204120964
LN02785,Male,No,0,Graduate,Salaried,52961.57364366982,17252.566819835996,194347.63037365855,360.0,0,Semiurban,52.51232634062734,Rejected,539.8545288157183,0.00768868671256199
LN05357,Male,No,1,Not Graduate,Salaried,41901.04334123868,21281.02969833705,113458.25501511645,240.0,0,Urban,36.04424339168457,Rejected,472.74272922965184,0.007482228842563257
LN03651,Female,Yes,2,Not Graduate,Salaried,71015.95144547327,21769.94097375054,159423.94955447433,360.0,1,Rural,22.669891441070934,Approved,442.8443043179842,0.004772754701944685
LN03209,Female,Yes,1,Graduate,Self-Employed,69024.50638637017,23865.79492757649,146190.71650240404,180.0,0,Urban,36.57515370337611,Rejected,812.170647235578,0.008743330958639465
LN02067,Female,Yes,1,Graduate,Self-Employed,57314.41675627392,24256.767577138693,102800.7492326056,180.0,1,Semiurban,51.15771719865462,Approved,571.1152735144756,0.007001434123845856
LN05111,Male,Yes,1,Graduate,Salaried,110787.63245565724,24661.253255303112,61968.17783312482,120.0,0,Urban,45.11407907076973,Approved,516.4014819427068,0.0038125192335998694
LN02575,Male,Yes,3,Graduate,Salaried,37760.65948451673,19058.240866738142,159129.3902107168,180.0,1,Urban,28.759817111263004,Approved,884.0521678373157,0.01555912139045456
LN05243,Male,Yes,0,Graduate,Salaried,73088.62054211242,17273.259068231902,229541.76669634852,120.0,1,Urban,35.78990962278471,Approved,1912.8480558029044,0.021168750185934913
LN03728,Male,No,2,Not Graduate,Self-Employed,36006.049432693835,10374.670336866213,111063.02423154235,120.0,1,Semiurban,31.95071659669422,Rejected,925.5252019295197,0.0199549555618787
LN02511,Female,Yes,0,Graduate,Salaried,70945.29594755934,20846.22952486741,135884.39790375353,60.0,1,Semiurban,51.17606219244857,Approved,2264.739965062559,0.02467264764809758
LN05637,Female,Yes,0,Graduate,Salaried,39841.76609143588,12482.213260736207,105019.0671227105,300.0,0,Urban,40.522800400198335,Rejected,350.0635570757017,0.006690308371226161
LN05341,Female,No,2,Graduate,Salaried,68556.28790305807,9845.307269161409,234708.7879095528,120.0,1,Rural,21.0,Approved,1955.90656591294,0.02494728023857847
LN00372,Male,Yes,3,Graduate,Salaried,89022.87215590084,26188.945979306693,176898.79849132444,180.0,1,Rural,38.52102397315976,Approved,982.7711027295802,0.008530124067448039
LN01971,Male,No,0,Graduate,Salaried,15000.0,21446.89803284233,186841.85620525896,180.0,1,Urban,35.46058096700604,Approved,1038.0103122514386,0.02848007288071776
LN02748,Male,Yes,0,Graduate,Salaried,67726.4663562312,0.0,155554.41756524166,180.0,1,Semiurban,35.562110986990305,Approved,864.191208695787,0.012760022118240585
LN03366,Female,No,2,Not Graduate,Salaried,49482.40648209592,11769.242573229754,240645.36103293745,120.0,0,Urban,30.715415930532924,Rejected,2005.378008607812,0.032739983976536706
LN05406,Male,Yes,3,Graduate,Self-Employed,29369.29369512714,7293.8204987466115,143378.72075283315,300.0,1,Urban,37.810138148942585,Approved,477.9290691761105,0.013035692130483842
LN04908,Male,Yes,2,Graduate,Salaried,65356.872757326666,9569.780536142103,169413.7127463217,120.0,1,Urban,31.52302601202242,Approved,1411.7809395526808,0.018842172678166895
LN00202,Male,No,1,Graduate,Salaried,81661.02486350553,37919.11266818686,84513.4012816184,60.0,0,Urban,43.36849574539434,Rejected,1408.5566880269732,0.01177918605130942
LN02944,Male,No,2,Not Graduate,Salaried,66481.14056443122,5119.971819970591,147935.96133038143,240.0,0,Rural,28.807214429132745,Rejected,616.3998388765892,0.008608802549984838
LN03676,Female,No,0,Graduate,Salaried,61463.93982003389,4736.463776101038,132257.46343240922,300.0,0,Urban,41.55034983188659,Rejected,440.85821144136406,0.006659448998693164
LN05167,Female,No,2,Graduate,Self-Employed,56987.71970740134,24632.265338939396,91052.92989463106,60.0,0,Rural,38.73327300997974,Rejected,1517.5488315771843,0.018592858485768866
LN01236,Male,Yes,2,Graduate,Salaried,93554.0162815288,12429.475911869353,41866.04947427353,240.0,1,Urban,36.56982083937826,Approved,174.44187280947304,0.001645934373356488
LN05306,Male,Yes,3,Graduate,Unemployed,57419.31769740432,12529.205631922803,121260.33863923416,180.0,1,Semiurban,33.68147868978108,Approved,673.6685479957454,0.00963091879472598
LN04101,Male,No,0,Graduate,Salaried,44423.259143591305,17007.385407583894,185344.8145459256,120.0,0,Rural,32.40950401932643,Rejected,1544.5401212160466,0.02514282785897448
LN01582,Male,Yes,0,Graduate,Self-Employed,39683.56362043206,14717.821210627702,20000.0,360.0,0,Urban,44.99732082845716,Rejected,55.55555555555556,0.0010212158335321793
LN00206,Female,No,0,Graduate,Salaried,70300.7053441732,11005.34509527147,191647.2721412521,120.0,1,Urban,23.60147518695961,Approved,1597.0606011771008,0.019642580011515427
LN05182,Male,No,2,Graduate,Self-Employed,55987.21402349136,22639.029085756443,176050.19483024516,360.0,1,Rural,21.0,Approved,489.0283189729032,0.00621965770758523
LN02540,Female,No,3,Not Graduate,Self-Employed,45808.40290501655,11792.16138148001,166319.05039227803,240.0,1,Urban,22.47389136222207,Approved,692.9960433011585,0.012031063443307607
LN01398,Male,Yes,2,Graduate,Salaried,84008.27815888851,18813.52834580285,120746.84143017002,60.0,0,Rural,33.3122069330487,Rejected,2012.4473571695005,0.019572184399207965
LN04701,Male,No,2,Graduate,Self-Employed,31095.89471175549,21128.25321669321,62188.48827602116,120.0,0,Urban,30.712645061773795,Rejected,518.2374023001763,0.009923329012666772
LN01106,Female,No,0,Graduate,Self-Employed,72255.4781012514,0.0,57420.658285470665,180.0,1,Urban,53.8176273903036,Approved,319.0036571415037,0.0044149407840674
LN00147,Male,Yes,1,Graduate,Salaried,33590.867738314475,11282.209884765116,190734.22186470343,120.0,1,Rural,39.56251252515911,Approved,1589.4518488725287,0.03542105719209741
LN01616,Male,Yes,0,Not Graduate,Salaried,65975.05816731372,16627.966180999127,168095.39181804942,60.0,0,Rural,39.95121866172356,Rejected,2801.589863634157,0.0339163110035859
LN03298,Male,Yes,3,Not Graduate,Salaried,36932.98978808081,16299.982258015953,35032.11518814693,360.0,1,Semiurban,36.42269585825535,Approved,97.3114310781859,0.0018280292709172742
LN00332,Male,Yes,3,Graduate,Salaried,61516.09116387453,10567.365351820972,175319.33736164472,300.0,0,Urban,33.594283741080126,Rejected,584.3977912054823,0.00810723874039302
LN02465,Female,No,0,Graduate,Salaried,77745.81674533484,11188.623033265812,102659.9952909334,360.0,0,Urban,33.17172111759533,Rejected,285.1666535859261,0.0032064816992813925
LN02150,Male,Yes,0,Not Graduate,Self-Employed,56482.91191135858,19672.5221518279,140916.95364070978,120.0,0,Semiurban,34.40554518770412,Rejected,1174.307947005915,0.015419883839564053
LN01393,Male,Yes,1,Graduate,Salaried,62730.70662165475,11548.9590318081,99057.8765312674,120.0,1,Semiurban,27.110356695271317,Approved,825.4823044272283,0.011113166667690098
LN00829,Female,Yes,0,Graduate,Salaried,54364.30782278986,10642.35503029381,94992.8791864482,360.0,1,Urban,42.84009291801672,Approved,263.869108851245,0.0040591086708695445
LN00205,Male,Yes,3,Not Graduate,Salaried,41243.499201697545,30821.167513035674,187942.38829193983,240.0,1,Urban,31.55738366447129,Approved,783.0932845497493,0.010866535852439463
LN02690,Male,Yes,0,Graduate,Salaried,39666.337428470055,20105.353784512365,163910.229801049,180.0,0,Rural,42.3307356828857,Rejected,910.6123877836055,0.015234843942073709
LN00035,Female,Yes,1,Graduate,Self-Employed,35583.12700057955,15693.37161715348,114334.45498598945,300.0,1,Semiurban,43.208953233201605,Approved,381.1148499532982,0.007432544347353246
LN02834,Male,No,1,Graduate,Self-Employed,55132.32041249964,22065.054635472527,80826.6343772007,120.0,1,Rural,27.12760092838804,Approved,673.5552864766724,0.00872510608110846
LN03832,Female,Yes,1,Graduate,Salaried,80721.75302092513,10446.575768546874,134984.09287172637,180.0,1,Urban,31.67076536985044,Approved,749.9116270651465,0.008225571720162379
LN03146,Female,Yes,1,Graduate,Salaried,45847.48210355948,12520.457926721105,86621.11477334611,60.0,0,Rural,33.091045947447256,Rejected,1443.6852462224351,0.024734216171985315
LN04730,Male,Yes,1,Not Graduate,Salaried,36220.73160930076,0.0,132594.63273993513,240.0,0,Urban,33.06285403094991,Rejected,552.4776364163964,0.01525307777810129
LN00775,Female,Yes,3,Graduate,Self-Employed,28595.50560219087,23220.660780325277,165941.35217897652,300.0,0,Urban,28.15417326046425,Rejected,553.1378405965884,0.010675005103874851
LN05036,Male,Yes,0,Graduate,Salaried,103701.89790072224,13861.752276925232,162129.796857673,120.0,1,Urban,37.57735187186936,Approved,1351.0816404806085,0.011492341709695326
LN04506,Male,Yes,1,Graduate,Unemployed,73809.45372243026,11083.293904959675,174400.6743188005,240.0,0,Urban,23.160700885619743,Rejected,726.6694763283355,0.008559853422554104
LN04052,Male,Yes,1,Not Graduate,Salaried,69205.43249964608,8289.851543375464,72623.44588627768,240.0,1,Urban,35.00609540549929,Approved,302.5976911928237,0.003904723944554309
LN00419,Male,Yes,0,Graduate,Unemployed,61350.36962820218,12709.189690782903,141491.3734299608,300.0,1,Semiurban,50.66158143445836,Approved,471.6379114332027,0.006368359679292595
LN04757,Male,Yes,0,Graduate,Self-Employed,85618.79153333456,13783.113143127304,166714.9981875504,120.0,0,Urban,26.633319940306748,Rejected,1389.29165156292,0.013976509364532336
LN05567,Female,Yes,0,Not Graduate,Salaried,73832.37150242776,12520.839742569911,127049.77698885452,360.0,0,Urban,53.184948039292735,Rejected,352.9160471912625,0.004086889672116351
LN00461,Male,Yes,3,Not Graduate,Unemployed,60705.27103943457,2305.34733987187,259211.5300877451,60.0,0,Urban,32.838414378449656,Rejected,4320.192168129085,0.06856292287313746
LN05796,Female,Yes,0,Not Graduate,Salaried,121965.98868142517,0.0,112248.30020447506,300.0,0,Semiurban,40.65844084531132,Rejected,374.1610006815835,0.0030677486791739214
LN04333,Female,Yes,1,Not Graduate,Unemployed,63988.47971973534,13496.7162623629,167200.0053152518,120.0,1,Semiurban,27.607126052402272,Approved,1393.3333776270983,0.017981930096027717
LN00661,Female,Yes,1,Graduate,Self-Employed,49062.82117519216,8697.507049955637,147244.92751338394,240.0,0,Semiurban,27.515099552261287,Rejected,613.5205313057664,0.01062183249572759
LN04390,Male,Yes,1,Graduate,Salaried,70297.67192152745,0.0,111022.77623203116,360.0,1,Urban,25.11200346603976,Approved,308.396600644531,0.004387010155738741
LN04930,Female,Yes,0,Graduate,Self-Employed,81930.94236460507,10929.841081932287,167339.1277297098,240.0,0,Urban,31.804343364891142,Rejected,697.2463655404575,0.0075085126321584655
LN04873,Male,Yes,1,Graduate,Salaried,64657.361748537965,21097.37723336705,217671.75314538757,360.0,0,Urban,40.178535737521706,Rejected,604.6437587371877,0.007050849503078456
LN01663,Male,Yes,2,Not Graduate,Self-Employed,47843.56025811135,21628.410930216327,40317.603687056326,240.0,1,Urban,28.03008216858328,Approved,167.99001536273468,0.0024180977232867045
LN05489,Male,No,2,Graduate,Salaried,52310.862420458165,27075.031949519205,153437.50283817865,120.0,0,Semiurban,28.69268564570793,Rejected,1278.645856984822,0.016106713505370397
LN01009,Male,Yes,1,Graduate,Salaried,49295.29576878864,29436.703191662386,132864.11115609278,60.0,1,Rural,24.01737647986916,Approved,2214.4018526015466,0.02812581773408159
LN02491,Male,Yes,1,Graduate,Self-Employed,46205.444518716526,5289.379708922668,144479.9418049206,240.0,1,Urban,36.70639342747595,Approved,601.9997575205026,0.011690490579388885
LN00910,Female,No,2,Not Graduate,Self-Employed,53844.43530093999,0.0,158269.23845119317,240.0,1,Semiurban,42.622576945102885,Rejected,659.4551602133049,0.012247415290504354
LN03611,Female,Yes,2,Graduate,Salaried,62227.45203680105,21357.265264405494,149775.91018116043,180.0,1,Urban,44.29354878984308,Approved,832.0883898953357,0.009955030258663379
LN04381,Female,Yes,1,Not Graduate,Unemployed,63523.79645005385,24498.89068249292,167858.12928506354,300.0,1,Urban,35.34319969853987,Approved,559.5270976168785,0.006356623682418699
LN02601,Male,Yes,1,Graduate,Salaried,72394.22891932272,7378.665514859021,244392.94939793192,300.0,0,Semiurban,44.1786189072433,Rejected,814.6431646597731,0.01021202966794581
LN04508,Male,Yes,2,Graduate,Salaried,73155.26352300748,19920.0405410296,165507.69130507536,120.0,1,Urban,44.336803147362765,Approved,1379.230760875628,0.014818439485587911
LN01311,Male,No,0,Graduate,Salaried,76355.32598400574,7439.959805433952,195398.98789025669,60.0,0,Urban,31.94245149711993,Rejected,3256.649798170945,0.03886435576285562
LN01895,Female,Yes,2,Graduate,Salaried,52599.779402357446,9508.410582362236,178399.72697621208,120.0,0,Urban,36.18752504306447,Rejected,1486.6643914684341,0.023936688411531463
LN04303,Male,No,0,Not Graduate,Salaried,74068.55833574617,5347.85923249452,134045.19828744882,300.0,1,Semiurban,38.77978879091656,Approved,446.8173276248294,0.005626258918578007
LN05196,Male,No,0,Graduate,Salaried,80588.81111854082,0.0,208060.5701205807,240.0,0,Urban,36.52612237249073,Rejected,866.9190421690862,0.010757312710494085
LN04645,Male,No,1,Graduate,Unemployed,92326.00085443832,17262.922672434364,194677.11029445543,60.0,1,Urban,30.23157246677499,Approved,3244.6185049075907,0.029607175620371583
LN05783,Male,Yes,0,Graduate,Salaried,101964.42949093494,10588.233092062395,206934.9473347324,360.0,0,Urban,41.5969516465608,Rejected,574.8192981520344,0.005107114171805199
LN03443,Male,Yes,0,Graduate,Salaried,91772.53856087192,15795.795465565609,171850.88110367095,60.0,1,Urban,31.49097348974577,Approved,2864.1813517278492,0.026626621836719225
LN05938,Male,Yes,0,Graduate,Salaried,84891.30320710511,8588.883458472304,202385.07844388048,180.0,0,Urban,37.180571035509104,Rejected,1124.361546910447,0.012027805966336128
LN04561,Male,Yes,2,Graduate,Salaried,94380.81225683642,21116.01561549683,126252.16477393112,120.0,0,Urban,41.822301344016445,Rejected,1052.1013731160926,0.009109352979625156
LN00413,Male,No,2,Not Graduate,Salaried,85553.53643797018,18314.708963308956,180195.85207416877,360.0,0,Semiurban,31.32159762877669,Rejected,500.5440335393577,0.0048190284875380554
LN02462,Male,Yes,0,Graduate,Salaried,69644.97905361315,19583.890099570683,157073.9476467337,360.0,0,Semiurban,25.34786607174665,Rejected,436.31652124092693,0.004889858241864298
LN00790,Female,Yes,3,Graduate,Self-Employed,68592.36438265172,14114.557854169872,172447.1359096499,180.0,1,Semiurban,52.44862882502282,Approved,958.0396439424994,0.011583548487021013
LN00238,Male,No,1,Graduate,Self-Employed,46764.27070463224,7440.492933080795,200246.51470339412,360.0,1,Semiurban,52.40693202228495,Approved,556.2403186205393,0.010261834593325933
LN00108,Male,Yes,1,Not Graduate,Salaried,65151.00781445529,20342.078623746747,155561.1667420429,240.0,1,Urban,26.767272472872463,Approved,648.1715280918454,0.007581566593228223
LN02719,Male,Yes,0,Graduate,Salaried,62470.95391911165,6994.096576518946,176426.96009157007,180.0,1,Rural,29.52002390713652,Approved,980.1497782865004,0.014109969996324303
LN00032,Male,Yes,1,Graduate,Self-Employed,59730.05550524132,20024.9969612929,143784.95305607503,240.0,1,Semiurban,40.634846464154464,Approved,599.1039710669793,0.007511799598130382
LN00366,Male,Yes,0,Graduate,Salaried,64481.84963620834,12536.647188201518,137382.32590045547,120.0,1,Rural,39.63897015929631,Approved,1144.852715837129,0.014864646325767878
LN00998,Male,No,2,Graduate,Self-Employed,48576.42020434406,14948.93367972775,227144.40527695592,180.0,1,Rural,31.24912839960432,Approved,1261.913362649755,0.019864719918800233
LN05342,Male,Yes,0,Not Graduate,Salaried,25961.95539963329,10198.377168069555,115483.14687758274,240.0,0,Semiurban,31.378214043045794,Rejected,481.17977865659475,0.013306840520774629
LN02153,Male,Yes,1,Graduate,Salaried,64614.01811437367,0.0,125470.21290482844,240.0,1,Rural,29.329712095796957,Approved,522.7925537701185,0.008091008252183299
LN01607,Male,Yes,1,Graduate,Self-Employed,92493.5691693912,8625.125651749884,207937.7417254935,360.0,0,Semiurban,35.6391603696977,Rejected,577.6048381263709,0.005712146889831196
LN04234,Male,Yes,1,Graduate,Salaried,28739.31386857493,97.52476700953412,89590.37708209804,240.0,1,Semiurban,35.165020883044235,Approved,373.2932378420752,0.012945012543137579
LN03918,Male,No,0,Graduate,Salaried,78991.89142728977,13129.424835263371,120669.21322201236,360.0,1,Rural,44.38500221947,Approved,335.19225895003433,0.0036385960660256906
LN00458,Male,No,0,Graduate,Salaried,48927.01389305636,8017.381512486077,60342.32487729247,120.0,0,Semiurban,35.4871193998425,Rejected,502.8527073107706,0.008830591733033442
LN03191,Male,Yes,1,Not Graduate,Self-Employed,74246.44319160325,0.0,40941.23811671612,300.0,1,Rural,32.241940983258054,Approved,136.47079372238707,0.001838078537583346
LN04656,Female,No,1,Graduate,Salaried,53694.06689427751,29340.010037304608,119578.1479304429,240.0,1,Urban,21.0,Approved,498.24228304351203,0.006000455493159158
LN00445,Male,No,1,Not Graduate,Self-Employed,73393.45097660077,6019.727736755416,248103.4180949264,60.0,1,Urban,34.31853864347789,Approved,4135.056968248773,0.05207016058599496
LN05659,Female,Yes,2,Graduate,Salaried,46569.75586038909,10514.0312689088,197708.22570954615,60.0,1,Rural,31.71677469177131,Approved,3295.1370951591025,0.057724570510632685
LN05988,Male,Yes,1,Graduate,Salaried,68698.82076735797,40460.54535942792,114190.27431933366,120.0,1,Semiurban,31.793383133303404,Approved,951.5856193277806,0.008717397811036549
LN01139,Male,Yes,2,Graduate,Salaried,74023.45484621797,28530.691601664075,142775.60792777853,300.0,1,Urban,21.263761431722283,Approved,475.9186930925951,0.004640657736198475
LN05557,Male,Yes,3,Graduate,Salaried,80977.28283750724,0.0,148791.42868208958,360.0,1,Urban,25.144833535939316,Approved,413.3095241169155,0.005104018184288567
LN02996,Male,No,0,Graduate,Salaried,65155.05080285501,26672.177333043728,211857.54877393585,120.0,0,Semiurban,30.80240787697537,Rejected,1765.479573116132,0.0192261011135317
LN03759,Female,Yes,2,Graduate,Salaried,59554.42041632573,9488.837599593711,194667.3631304073,300.0,0,Rural,33.54063898194892,Rejected,648.891210434691,0.009398328368065638
LN02377,Male,Yes,2,Graduate,Self-Employed,33479.04627835924,5717.341613440041,247366.42434521412,120.0,1,Semiurban,21.0,Rejected,2061.386869543451,0.05259124578606228
LN01955,Male,Yes,1,Not Graduate,Salaried,87488.76186341635,35994.07520502509,162659.18478496495,60.0,1,Urban,30.904462079879952,Approved,2710.986413082749,0.021954358009932676
LN04816,Male,Yes,1,Graduate,Salaried,86408.28019567668,15960.0926799705,119828.10827556964,60.0,1,Semiurban,23.13662527387577,Approved,1997.1351379261607,0.019509298446622737
LN05112,Male,No,1,Graduate,Salaried,59202.11232496576,15328.633739802131,135745.2242085831,60.0,0,Semiurban,26.02350026420992,Rejected,2262.4204034763848,0.03035553141397942
LN03564,Male,Yes,0,Not Graduate,Salaried,79167.71639684084,19700.136612466616,246241.9181039933,60.0,1,Urban,33.83007618728501,Approved,4104.031968399888,0.04151027703629341
LN02358,Male,Yes,1,Graduate,Salaried,24475.2953420336,9357.101472809807,117546.18332166804,120.0,0,Urban,43.71593821769346,Rejected,979.551527680567,0.028953063332799553
LN00931,Male,Yes,2,Graduate,Salaried,97623.1413888118,23531.65306413192,118744.62896531736,240.0,0,Urban,31.83271722624821,Rejected,494.769287355489,0.004083778026198182
LN01912,Female,Yes,0,Graduate,Salaried,72761.02202881515,12879.103300795745,231192.18721346284,120.0,0,Urban,40.82986223211432,Rejected,1926.6015601121903,0.022496482258720484
LN03573,Male,Yes,0,Graduate,Salaried,63881.03887211748,0.0,182970.08949242477,360.0,0,Semiurban,31.31980864575501,Rejected,508.2502485900688,0.007956198859062508
LN04726,Female,Yes,1,Not Graduate,Salaried,64212.01678595284,10649.473997641402,129164.72582044711,240.0,0,Semiurban,28.99010025709891,Rejected,538.1863575851963,0.007189094846387148
LN01847,Female,Yes,2,Graduate,Salaried,42676.50303570998,15697.042694292802,223171.78271304973,180.0,1,Semiurban,40.81690600840632,Approved,1239.8432372947207,0.02123981371680609
LN04655,Male,Yes,1,Not Graduate,Salaried,103098.57354766285,29545.38460887757,177799.37168450694,180.0,1,Urban,27.035724810835276,Approved,987.7742871361497,0.007446809495615497
LN05024,Female,Yes,2,Graduate,Self-Employed,105541.7299610661,16243.761223009296,124781.73998096968,60.0,0,Urban,33.5343301909943,Rejected,2079.695666349495,0.017076711241457265
LN03422,Male,Yes,0,Graduate,Salaried,68516.87317259658,17921.68828207326,219696.22652705363,120.0,1,Urban,21.0,Approved,1830.801887725447,0.021180383580140412
LN01556,Male,Yes,1,Not Graduate,Salaried,78271.69252466499,28137.82176571808,61447.15988314089,60.0,0,Urban,34.3431792798103,Rejected,1024.1193313856816,0.009624321078949215
LN02157,Male,Yes,2,Graduate,Salaried,53645.69806487532,4640.380713933606,187114.4253789152,180.0,0,Semiurban,38.83944360707142,Rejected,1039.524585438418,0.017834869101133594
LN01175,Male,Yes,1,Graduate,Salaried,54386.49846266452,18596.80847686321,206447.83675914735,60.0,1,Urban,40.58183347104197,Approved,3440.7972793191225,0.047144990047793905
LN00730,Female,Yes,1,Graduate,Salaried,63916.90510195363,31814.924574180157,62110.628802896375,360.0,0,Semiurban,40.039234066529445,Rejected,172.52952445248994,0.0018022169328233578
LN03742,Male,Yes,2,Not Graduate,Self-Employed,66433.57082753,396.9756479077733,180801.2854373836,300.0,1,Semiurban,36.95832145517198,Rejected,602.6709514579453,0.009017896504548933
LN04175,Male,Yes,1,Graduate,Salaried,69830.11294493567,12994.288193442317,97976.63460552169,120.0,0,Urban,41.21008813630918,Rejected,816.471955046014,0.009857867293020352
LN00785,Female,Yes,1,Graduate,Self-Employed,81615.61451109244,10788.011833870867,197297.0480319719,60.0,0,Rural,29.845177598187234,Rejected,3288.2841338661983,0.035586094008803304
LN04195,Female,Yes,3,Graduate,Salaried,50082.43655979702,20656.3290188672,107420.40837491988,180.0,0,Semiurban,33.81224413832761,Rejected,596.7800465273326,0.008436393279491009
LN05937,Male,Yes,1,Graduate,Salaried,28387.92118381662,9280.97150190076,178085.55139592217,360.0,1,Semiurban,33.9619029313208,Approved,494.6820872108949,0.013132376662573352
LN05834,Male,Yes,2,Graduate,Salaried,63686.18128156207,560.7107750777286,168352.33964649838,240.0,1,Rural,34.57186426502543,Approved,701.4680818604099,0.01091831930550039
LN03862,Male,Yes,0,Graduate,Salaried,59859.10029038891,20308.015836727296,127464.67204113706,60.0,1,Semiurban,26.999817871448226,Approved,2124.4112006856176,0.026499783244255237
LN00795,Male,No,2,Graduate,Salaried,81063.05706665808,28992.279500711596,151223.98349259555,180.0,0,Urban,42.43304627882495,Rejected,840.1332416255308,0.00763373469955497
LN00185,Male,No,2,Graduate,Salaried,74280.00988184183,7512.002039799462,246111.22801347263,180.0,0,Semiurban,30.688901744543056,Rejected,1367.284600074848,0.016716603100370476
LN03612,Male,No,1,Graduate,Salaried,56418.13429967687,10007.523855053449,211722.84893823456,300.0,0,Urban,41.66580748371653,Rejected,705.7428297941152,0.010624551557324053
LN01823,Male,Yes,2,Graduate,Salaried,46999.948383530806,17838.445673027367,187836.3501426714,360.0,1,Semiurban,39.23654096990965,Approved,521.7676392851984,0.00804720176798431
LN01653,Male,Yes,0,Graduate,Salaried,52936.67414378624,19827.90124060318,138464.45137575886,360.0,0,Urban,31.376834812138934,Rejected,384.6234760437746,0.005285861616204661
LN01388,Female,Yes,0,Graduate,Salaried,60640.08298131533,19391.50133700417,196382.27659016495,180.0,1,Urban,30.32956213823922,Approved,1091.0126477231386,0.013632276019723902
LN02163,Male,Yes,1,Graduate,Salaried,82802.98077042533,14779.699274830597,231752.38353097293,120.0,0,Semiurban,34.46396603847432,Rejected,1931.2698627581078,0.019791113155146412
LN00628,Female,Yes,3,Graduate,Salaried,61114.498245773895,9089.81544266568,160987.90419700716,240.0,1,Urban,29.383946586112327,Approved,670.7829341541965,0.009554725328290662
LN00423,Female,No,0,Graduate,Salaried,79431.4190190871,16376.61940868046,193219.57487033325,120.0,1,Urban,36.316241811995226,Approved,1610.1631239194437,0.016806138089690587
LN00716,Male,Yes,0,Graduate,Salaried,62284.5529732408,25483.99887813541,144320.90658846058,60.0,0,Urban,32.11092431626349,Rejected,2405.3484431410097,0.027405584259999314
LN05518,Male,Yes,2,Graduate,Salaried,35208.75427839521,23439.51400518931,181866.6520636096,120.0,1,Urban,42.7465389285176,Approved,1515.5554338634133,0.02584143536063473
LN04540,Male,Yes,1,Graduate,Salaried,39196.12560368204,1061.8235212579457,144632.65887745185,180.0,0,Semiurban,32.46573091360706,Rejected,803.5147715413991,0.019959158104346106
LN02247,Male,No,2,Not Graduate,Self-Employed,33393.7274852202,11001.732657134737,136851.25429921478,60.0,1,Urban,29.5181230195573,Approved,2280.854238320246,0.05137584408420683
LN00434,Female,No,0,Not Graduate,Self-Employed,90047.14104192056,16351.90340987386,111156.8950689304,300.0,0,Semiurban,28.7123554835232,Rejected,370.5229835631013,0.0034823901424318893
LN03075,Male,Yes,0,Graduate,Salaried,96361.2384511565,30428.06773769682,111676.01135457151,180.0,1,Urban,39.78772944723002,Approved,620.422285303175,0.004893332915467278
LN04666,Male,Yes,0,Graduate,Unemployed,47166.66359739236,23519.290707908425,148591.65457752236,240.0,0,Urban,31.04571853865938,Rejected,619.1318940730099,0.008758909746042445
LN00917,Female,Yes,0,Graduate,Salaried,63732.18246312716,40605.02959355684,137015.65682794657,60.0,0,Rural,28.524651619643567,Rejected,2283.594280465776,0.02188667145164998
LN05519,Male,Yes,2,Not Graduate,Unemployed,29942.587826352214,12163.137790728271,158477.0205109143,60.0,1,Urban,25.12336360362076,Approved,2641.283675181905,0.06272979829874846
LN05804,Male,Yes,0,Graduate,Salaried,83543.69926368678,15722.491342362027,117094.55953086168,60.0,0,Rural,35.76805655929519,Rejected,1951.575992181028,0.019660027047135504
LN03963,Male,No,0,Graduate,Salaried,75376.79351937794,12654.924648541091,157600.78889188898,240.0,0,Urban,37.26320188584856,Rejected,656.6699537162041,0.007459469920416834
LN02994,Female,Yes,0,Not Graduate,Salaried,40961.63079955529,14806.816957281644,134803.86761923137,60.0,0,Urban,44.36675164411736,Rejected,2246.7311269871893,0.04028677894682395
LN01086,Female,Yes,1,Graduate,Salaried,80605.66908063684,16380.784084175468,210413.73703260696,360.0,1,Semiurban,27.69026980787258,Approved,584.4826028683527,0.006026435484501345
LN03155,Male,Yes,1,Graduate,Self-Employed,27374.48369078109,10371.437142856204,151081.33152967822,180.0,1,Urban,32.08840395530562,Approved,839.3407307204345,0.02223659437054866
LN00774,Male,Yes,2,Graduate,Salaried,72436.19924434392,4031.249206160139,142309.56110594823,180.0,1,Rural,49.89249830242625,Approved,790.6086728108235,0.0103391533107394
LN00357,Female,Yes,0,Graduate,Salaried,54226.82722159723,0.0,152346.8149207614,120.0,0,Semiurban,21.0,Rejected,1269.5567910063448,0.023411968873235333
LN02900,Male,No,0,Graduate,Salaried,59089.75509397516,13834.286535466714,122580.16060944086,60.0,1,Semiurban,31.04132303702519,Approved,2043.0026768240143,0.028015488872728443
LN00713,Female,No,0,Graduate,Salaried,67982.72228704141,17847.545933855683,193357.84445500933,60.0,1,Semiurban,27.782733343907683,Approved,3222.630740916822,0.03754655330474906
LN04396,Male,Yes,0,Not Graduate,Salaried,41986.57234975039,10297.442837336426,72818.47390631576,360.0,0,Urban,40.06655964584085,Rejected,202.2735386286549,0.0038687453116380533
LN04996,Male,No,2,Graduate,Salaried,74228.21158930991,18252.51675854344,202665.51398209357,60.0,1,Urban,33.96646012976699,Approved,3377.758566368226,0.03652391829855901
LN05730,Female,Yes,1,Not Graduate,Salaried,57102.42876104226,4699.139450955701,72754.53152034423,300.0,1,Urban,32.56671736538034,Approved,242.5151050678141,0.003924093062427063
LN01998,Male,Yes,0,Not Graduate,Self-Employed,56738.660721124725,31529.13051230422,159546.1865877553,120.0,0,Rural,27.830957287152174,Rejected,1329.5515548979608,0.015062703352142232
LN02783,Male,Yes,1,Graduate,Salaried,39159.11175513794,3353.366514876052,175340.56988315246,240.0,1,Urban,34.22326882756451,Approved,730.5857078464686,0.01718520626358742
LN03846,Female,Yes,1,Graduate,Salaried,81817.23341207395,17684.13273694562,118840.9842345968,60.0,0,Semiurban,33.14309334717258,Rejected,1980.6830705766135,0.01990608920494837
LN00601,Male,Yes,1,Graduate,Salaried,41556.69351644749,15584.4948070565,143851.5526682815,180.0,0,Semiurban,22.01444240461361,Rejected,799.1752926015639,0.013985976071709339
LN05078,Male,Yes,2,Graduate,Salaried,66688.77029697043,3229.6836854692883,135239.9373448652,240.0,1,Semiurban,40.01737533985504,Approved,563.4997389369383,0.008059384995532989
LN05934,Male,Yes,1,Graduate,Salaried,93468.8377124597,11240.717545286436,174279.69600220013,300.0,0,Urban,31.54377152605889,Rejected,580.9323200073337,0.005548035406867587
LN05264,Male,Yes,0,Graduate,Salaried,83821.71709546953,18162.737802597137,226455.0503336624,300.0,1,Rural,32.72484411958866,Approved,754.8501677788746,0.007401619869747271
LN01733,Male,Yes,3,Graduate,Self-Employed,53936.40434331449,15017.948728781072,84366.97196003608,120.0,0,Urban,23.92188433339277,Rejected,703.0580996669673,0.010195992977149413
LN05309,Male,Yes,1,Not Graduate,Salaried,40425.18327380468,3690.126115144136,144341.46758549684,240.0,0,Semiurban,21.0,Rejected,601.4227816062369,0.013632972089206233
LN00407,Female,No,0,Graduate,Salaried,57152.41029957413,18064.508629633405,108356.83624227325,360.0,1,Rural,25.79287221718557,Approved,300.99121178409234,0.0040016423973358774
LN01924,Female,Yes,0,Not Graduate,Salaried,101481.65339499948,11818.414983820712,257411.960097882,60.0,1,Semiurban,38.09925191856127,Approved,4290.1993349647,0.03786581417250663
LN03009,Male,Yes,1,Graduate,Self-Employed,50577.50696364243,26480.908663974325,125743.5028950065,120.0,0,Urban,52.60567066851984,Rejected,1047.8625241250543,0.013598287942861801
LN02686,Male,Yes,0,Graduate,Self-Employed,69385.35179617052,3788.659872420778,126694.59002279102,360.0,1,Urban,50.82099089162655,Approved,351.92941672997506,0.0048094864379430325
LN00633,Female,No,1,Graduate,Salaried,51462.3786010516,7375.820493970856,101730.18949335389,180.0,1,Semiurban,31.92743946564127,Approved,565.1677194075216,0.009605455777033346
LN04116,Male,Yes,2,Not Graduate,Salaried,55146.02504349437,19445.919950731288,192342.68715899505,180.0,0,Semiurban,38.61070530912425,Rejected,1068.5704842166392,0.014325547943539477
LN03118,Male,Yes,3,Graduate,Self-Employed,80974.14252833127,14168.282280653806,117091.23629314482,300.0,1,Urban,35.475832668399754,Approved,390.3041209771494,0.004102314206945562
LN03050,Male,Yes,2,Graduate,Salaried,32566.52605539068,19223.247974498747,143934.56643052096,300.0,0,Semiurban,32.055266779300645,Rejected,479.78188810173657,0.009264027447287954
LN02701,Female,Yes,1,Graduate,Salaried,81819.60850371934,9122.620306801016,168101.2275494233,180.0,0,Rural,53.04616894565731,Rejected,933.8957086079072,0.010269109530553669
LN04773,Female,Yes,1,Not Graduate,Salaried,60387.6247539605,28486.93198645512,76480.99326621414,60.0,0,Semiurban,28.22821186822465,Rejected,1274.683221103569,0.014342498774161624
LN03465,Female,Yes,0,Graduate,Self-Employed,33265.49122248139,2504.3508807599483,226648.91237655425,60.0,0,Urban,29.8831873001082,Rejected,3777.4818729425706,0.10560521519887471
LN00293,Male,Yes,1,Graduate,Self-Employed,76992.04194042049,19362.35704801055,230099.63273067065,120.0,0,Semiurban,22.4919658678075,Rejected,1917.4969394222555,0.019900460794244415
LN01450,Female,Yes,2,Graduate,Salaried,66176.66025197928,10419.748169854434,191105.54236414065,240.0,1,Urban,32.67201198152835,Approved,796.2730931839194,0.01039569752146424
LN04419,Female,No,1,Graduate,Self-Employed,15633.044798978372,15093.953545758495,141928.60509835917,120.0,0,Rural,34.43742681862044,Rejected,1182.7383758196597,0.0384918293205899
LN05178,Male,Yes,1,Graduate,Salaried,57502.262292998654,11382.830121827354,210503.29665877967,60.0,0,Rural,21.0,Rejected,3508.388277646328,0.05093102374776264
LN04556,Male,Yes,0,Graduate,Salaried,39887.97248621068,17740.38840649303,223909.19678195007,180.0,0,Semiurban,45.85073422250844,Rejected,1243.939982121945,0.021585552024254072
LN02611,Male,No,1,Graduate,Salaried,37246.28659150367,20817.23364970506,156270.4339737922,60.0,0,Rural,47.808633561010495,Rejected,2604.507232896537,0.04485617169053542
LN02083,Male,No,1,Graduate,Salaried,15000.0,22775.96061792272,118998.85254616442,120.0,0,Rural,28.975184444047557,Rejected,991.6571045513701,0.02625100959261591
LN02052,Male,Yes,2,Graduate,Salaried,46837.67021849487,10763.092830893242,109467.12221506637,180.0,1,Urban,23.42610353888218,Approved,608.150678972591,0.01055803164362857
LN04629,Female,Yes,1,Graduate,Salaried,68506.4261666022,33105.22478420993,153443.73197568845,240.0,0,Semiurban,37.60988312239916,Rejected,639.3488832320352,0.006292082426074637
LN03543,Male,No,0,Not Graduate,Salaried,38452.47846030483,9311.23024802631,110612.08711897804,360.0,1,Semiurban,30.724397792304107,Approved,307.2557975527168,0.0064328295658315155
LN01161,Male,Yes,2,Not Graduate,Self-Employed,105818.85145181484,14427.295891778977,131669.8715080628,180.0,0,Semiurban,21.0,Rejected,731.4992861559044,0.00608334904956001
LN00221,Female,No,1,Graduate,Self-Employed,22654.69614816504,14677.231058973824,141368.6823495761,300.0,0,Urban,41.9199906792309,Rejected,471.2289411652536,0.01262267920299443
LN05533,Male,Yes,0,Not Graduate,Salaried,64209.92597843008,0.0,201739.9565263118,360.0,0,Urban,37.876930824276734,Rejected,560.388768128644,0.008727447658433593
LN00333,Male,No,1,Graduate,Self-Employed,46456.76576975777,12114.248828458987,183534.3585363117,120.0,0,Urban,28.350163619987622,Rejected,1529.4529878025974,0.026112796547819457
LN00254,Female,Yes,2,Graduate,Self-Employed,29612.60068091973,11136.775245528244,65799.79911019177,300.0,1,Urban,34.31605597768635,Approved,219.33266370063924,0.0053824790862204
LN03794,Female,No,1,Graduate,Salaried,60157.60369389456,9091.816519085707,134806.82852594348,120.0,1,Rural,28.956687781408203,Approved,1123.3902377161955,0.01622237751971279
LN02131,Female,Yes,1,Graduate,Salaried,60392.3331538798,20850.213322877986,186221.4088117706,360.0,0,Urban,28.976024550898877,Rejected,517.2816911438073,0.006367127983756557
LN05703,Female,Yes,2,Graduate,Self-Employed,47922.82137526091,30498.186063283392,196840.283856653,60.0,0,Urban,52.28328608868646,Rejected,3280.671397610883,0.041834088910191906
LN00921,Male,Yes,2,Graduate,Salaried,39469.6940117788,8691.535970528112,170262.00127745728,300.0,1,Rural,37.12372219962681,Approved,567.540004258191,0.011784167565211461
LN01378,Female,No,2,Not Graduate,Salaried,47887.68920526272,20724.45306155102,219006.16447927,300.0,0,Rural,38.72088166494051,Rejected,730.0205482642333,0.01063981569654806
LN05186,Female,Yes,0,Not Graduate,Self-Employed,52621.21121937076,25033.658927291457,152336.0060132486,360.0,1,Rural,35.35516884715108,Approved,423.1555722590239,0.005449182665038712
LN04214,Female,Yes,1,Not Graduate,Salaried,60909.82952661504,0.0,93369.6354739373,180.0,0,Rural,32.09188748087185,Rejected,518.7201970774295,0.00851619847090149
LN01741,Female,Yes,0,Graduate,Self-Employed,56623.565536199785,13594.465144975684,100440.28911877229,120.0,1,Urban,36.53589780498262,Approved,837.0024093231024,0.011920049611238836
LN04747,Female,Yes,1,Not Graduate,Self-Employed,38277.47401637181,5586.185138607349,238075.09467460017,60.0,1,Rural,38.15281947871216,Rejected,3967.9182445766696,0.09046026530885656
LN01731,Female,No,2,Graduate,Salaried,53013.66407763605,17434.750771367704,147404.08206119697,180.0,1,Urban,26.82193414393337,Approved,818.9115670066499,0.011624272437667638
LN02175,Female,Yes,1,Graduate,Salaried,101790.77443389548,26211.881425699044,106558.4256055145,240.0,1,Rural,33.70258996473934,Approved,443.99344002297704,0.003468626779978622
LN01011,Female,Yes,0,Graduate,Salaried,63951.99209384799,15321.850870368396,100112.11086703226,240.0,1,Urban,45.09778479171232,Approved,417.13379527930107,0.00526193482846028
LN03812,Male,Yes,1,Not Graduate,Salaried,42870.03525181602,18852.126522593546,123499.4620610017,360.0,1,Semiurban,34.193868950086994,Approved,343.0540612805603,0.005558037039182138
LN00435,Male,Yes,3,Graduate,Salaried,61481.89560839551,11737.662955586404,137587.4443069453,120.0,0,Rural,39.40940934465948,Rejected,1146.5620358912108,0.01565923174597267
LN04585,Male,No,0,Not Graduate,Salaried,83862.25891702056,2327.2331162726987,22845.34052626106,180.0,0,Urban,39.67319369260869,Rejected,126.91855847922812,0.0014725525755529692
LN05559,Male,Yes,1,Graduate,Salaried,75502.30243178172,3839.3582392810495,91998.98090283557,120.0,0,Semiurban,26.2404560237673,Rejected,766.6581741902963,0.009662744234315093
LN05495,Male,Yes,3,Graduate,Salaried,34486.34680008537,14424.970312050837,174654.3201023969,180.0,0,Urban,21.40550680113932,Rejected,970.3017783466494,0.019837980975284178
LN00087,Female,No,2,Graduate,Salaried,66575.02219319368,0.0,176025.62483141397,180.0,0,Rural,40.06205061765274,Rejected,977.9201379522998,0.014688994546850902
LN01361,Male,Yes,1,Not Graduate,Salaried,71585.82999202177,21636.463470328414,87682.98531895631,120.0,0,Urban,31.406364602252573,Rejected,730.691544324636,0.007838163138731846
LN05365,Male,Yes,1,Graduate,Salaried,30051.06662788503,21491.477210704204,128740.35233635578,180.0,0,Urban,25.75024523563973,Rejected,715.224179646421,0.013876384950774237
LN05754,Female,Yes,3,Graduate,Self-Employed,56084.294580628375,9006.44294947003,104839.81955522744,180.0,0,Rural,28.47578757037712,Rejected,582.4434419734857,0.008948177022946773
LN02265,Male,Yes,1,Graduate,Self-Employed,83850.15024955949,13045.651534772362,131004.60167297116,60.0,1,Semiurban,37.7674303345695,Approved,2183.410027882853,0.02253358749992729
LN01345,Male,No,0,Graduate,Salaried,30302.040631001928,4820.885095228408,168122.54343128053,300.0,1,Semiurban,38.73503778803408,Approved,560.4084781042684,0.015955632012903377
LN05192,Female,Yes,1,Not Graduate,Salaried,71120.44193684582,12194.282934014474,171339.50966293222,60.0,1,Rural,48.91552019052865,Approved,2855.6584943822036,0.03427555571729414
LN02191,Female,Yes,0,Graduate,Salaried,69243.45332163885,10899.705884610892,159353.44689883,240.0,1,Urban,29.448230155180543,Approved,663.9726954117917,0.008284833066076755
LN04266,Female,Yes,1,Graduate,Unemployed,65817.94115180011,10734.003637139627,166133.53153710056,60.0,0,Semiurban,30.15379696016491,Rejected,2768.892192285009,0.03617010906671387
LN03092,Male,No,0,Graduate,Unemployed,58110.825711159945,3434.447829326637,209534.98087775023,120.0,0,Urban,32.826980656781714,Rejected,1746.1248406479185,0.028371388088790573
LN04511,Male,No,0,Not Graduate,Salaried,81156.28361641592,15002.23947995788,87868.99275275425,360.0,0,Urban,46.2364684962491,Rejected,244.08053542431736,0.002538314104301398
LN00112,Male,Yes,0,Graduate,Salaried,61204.604198820525,19805.867584277126,127191.58262599703,60.0,1,Rural,26.38789180226724,Approved,2119.859710433284,0.02616772453947836
LN03461,Female,Yes,0,Graduate,Salaried,97945.77389546223,14593.9376832147,188804.36864312823,300.0,0,Urban,34.57002409900142,Rejected,629.3478954770941,0.005592229504134766
LN04413,Male,Yes,1,Graduate,Self-Employed,15000.0,9723.462238216627,62035.64899797113,240.0,0,Urban,32.87874803232329,Rejected,258.4818708248797,0.010454922062870622
LN00110,Male,Yes,3,Graduate,Salaried,21624.57569401917,25409.541737977896,174586.98203781102,300.0,0,Semiurban,45.9667130649564,Rejected,581.9566067927034,0.012373073814643353
LN02926,Female,Yes,1,Graduate,Salaried,57675.41913756084,1487.0959730156555,176378.40580560165,120.0,1,Semiurban,37.13213317243365,Approved,1469.8200483800138,0.02484377220327561
LN02384,Female,No,1,Not Graduate,Self-Employed,60655.93990823173,16234.291817036488,222568.77305351908,60.0,0,Urban,24.681823926046164,Rejected,3709.4795508919847,0.048243833678978866
LN00447,Male,Yes,0,Graduate,Salaried,41202.40427345289,10387.329495016927,90331.059377809,120.0,0,Semiurban,36.938108965015765,Rejected,752.7588281484083,0.014591252428762738
LN05696,Male,Yes,0,Graduate,Self-Employed,52002.00019781367,8704.057681362023,101721.24968950804,360.0,1,Semiurban,28.20183174085116,Approved,282.55902691530014,0.0046545441556703
LN01359,Male,Yes,1,Graduate,Self-Employed,63667.19839558311,34435.288811221966,199592.6850253929,60.0,0,Rural,33.14230704879854,Rejected,3326.5447504232147,0.03390887270177654
LN01290,Female,No,0,Graduate,Salaried,67771.57209061929,0.0,235377.44446608805,180.0,0,Semiurban,21.0,Rejected,1307.6524692560447,0.01929499978999374
LN03197,Male,Yes,0,Graduate,Salaried,22336.995838828327,29141.103906067816,145833.38996878266,360.0,0,Urban,50.78963332095115,Rejected,405.09274991328516,0.00786922500870768
LN03107,Male,Yes,1,Graduate,Self-Employed,71447.80622351351,19480.78341012892,137182.21785734268,180.0,1,Semiurban,36.47850539633086,Approved,762.1234325407927,0.008381560030914816
LN02956,Female,No,3,Graduate,Unemployed,78643.83128520769,3370.6101314708703,147174.6937670396,300.0,1,Urban,38.57590008697117,Approved,490.5823125567987,0.005981657670072643
LN03346,Male,Yes,0,Graduate,Salaried,54312.307007869815,18308.67028406351,137909.104373551,300.0,1,Urban,26.54671416103997,Approved,459.69701457850334,0.006330085764758306
LN01621,Female,Yes,0,Graduate,Self-Employed,31234.440433652668,9953.662577107654,166713.77330382605,120.0,1,Semiurban,31.180925149845443,Approved,1389.2814441985504,0.03373016338809299
LN05669,Male,Yes,0,Graduate,Salaried,86677.71491001145,0.0,162893.080864748,120.0,1,Semiurban,21.0,Approved,1357.4423405395667,0.015660799802450484
LN02353,Male,Yes,2,Graduate,Salaried,32680.885775989314,22704.635956872266,180644.2035881592,60.0,0,Semiurban,34.901441037643245,Rejected,3010.73672646932,0.054359634653093396
LN05618,Female,Yes,1,Graduate,Salaried,67807.3238879075,17174.734830142246,181049.8782936368,300.0,1,Urban,43.24903156720109,Approved,603.4995943121227,0.007101494167308781
LN05890,Female,No,3,Not Graduate,Salaried,55445.60770328494,11400.889064333283,39775.8974559838,360.0,0,Urban,32.484842757273405,Rejected,110.48860404439945,0.001652870522571982
LN03309,Male,Yes,0,Graduate,Salaried,59993.726547764505,25323.89398126397,127638.78201612382,240.0,1,Urban,42.512737930612666,Approved,531.8282584005159,0.006233510206951525
LN03503,Male,No,0,Graduate,Salaried,61023.958037621705,4752.4924992360975,215054.8346732811,180.0,0,Urban,43.55350869934569,Rejected,1194.7490815182282,0.01816378159306044
LN01963,Male,No,2,Graduate,Salaried,72904.31171900114,22352.693099749875,154057.19159248102,120.0,1,Semiurban,37.958628601241536,Approved,1283.8099299373418,0.013477328332757197
LN04919,Female,Yes,0,Graduate,Salaried,85854.90579036414,12143.134519077365,165508.7913591419,300.0,0,Urban,39.85715086260372,Rejected,551.6959711971397,0.005629663301991429
LN02282,Male,Yes,1,Graduate,Salaried,83882.18806094745,23066.764021643627,157934.16618093645,300.0,1,Semiurban,28.44829426575,Approved,526.4472206031215,0.004922415884884725
LN05539,Male,Yes,0,Not Graduate,Salaried,79049.23941072338,28698.68223361911,130330.37810221322,240.0,0,Rural,38.26177981435284,Rejected,543.043242092555,0.005039941688017409
LN01019,Female,Yes,2,Not Graduate,Salaried,68483.31892803832,15551.992425300892,137314.5132466801,360.0,0,Urban,40.58785619055038,Rejected,381.42920346300025,0.004538915811940332
LN03490,Male,No,1,Graduate,Salaried,53459.653647804575,17093.488573346887,95103.68184664768,240.0,1,Urban,41.56841941220635,Approved,396.2653410276987,0.005616551276845901
LN05046,Female,Yes,2,Graduate,Salaried,18510.27297967377,29554.01337726192,173686.58303843287,360.0,1,Urban,33.77050250236439,Approved,482.46273066231356,0.010037863187636699
LN05918,Male,Yes,2,Graduate,Salaried,72917.80840551785,20743.86351133876,154217.05160991056,300.0,1,Semiurban,35.35465408305025,Approved,514.0568386997019,0.005488443972642617
LN00050,Male,No,3,Graduate,Salaried,66481.6793878959,28771.80936504561,203769.52772082068,60.0,0,Rural,30.226602803139016,Rejected,3396.158795347011,0.035653904542600125
LN00594,Male,Yes,0,Graduate,Salaried,80750.79888515799,0.0,223368.7994163839,240.0,0,Rural,33.243267799122314,Rejected,930.7033309015995,0.011525623817359694
LN04389,Female,No,0,Graduate,Salaried,71705.98873032676,20790.763008755028,116350.63904173716,240.0,0,Urban,21.0,Rejected,484.7943293405715,0.005241203828520347
LN00903,Female,No,1,Graduate,Salaried,85569.03725214598,10338.11388053777,175438.16655246523,180.0,0,Urban,46.7762500464622,Rejected,974.6564808470291,0.01016250059913291
LN03258,Male,Yes,0,Graduate,Salaried,83734.69240354662,42683.73605625943,92660.84506867253,180.0,0,Semiurban,33.81279395370567,Rejected,514.7824726037362,0.004072052460036775
LN03979,Male,Yes,0,Graduate,Self-Employed,39006.89002180118,0.0,206614.3687419469,240.0,1,Semiurban,30.06843077595356,Rejected,860.8932030914455,0.022070285598525984
LN00493,Male,Yes,0,Not Graduate,Salaried,42774.31597343473,21635.45618498435,78270.95695478255,120.0,1,Urban,33.605563413463,Approved,652.2579746231879,0.010126692779147342
LN05045,Male,No,0,Not Graduate,Salaried,81421.6100080561,23594.14254759453,101595.8205423086,240.0,0,Urban,32.656942449301724,Rejected,423.31591892628586,0.004030975435822921
LN01920,Female,Yes,1,Graduate,Salaried,20414.003792484247,28106.059128134635,195133.9071349624,300.0,1,Rural,29.70405807395172,Approved,650.4463571165414,0.013405719571730614
LN02203,Female,No,2,Graduate,Salaried,34134.540842576724,6985.160781689932,158280.7562548361,300.0,1,Rural,21.0,Approved,527.6025208494536,0.012830893708092735
LN01277,Male,No,2,Graduate,Salaried,67866.35678788743,14327.696928038687,137934.25481276357,240.0,0,Semiurban,26.580345335287078,Rejected,574.7260617198482,0.006992307055522289
LN05958,Male,No,1,Graduate,Salaried,51086.99393940011,6668.584766710337,189862.61492700168,120.0,0,Rural,22.677199745447737,Rejected,1582.188457725014,0.02739455639040495
LN01090,Male,Yes,0,Graduate,Salaried,58567.97481171872,10231.235393561645,127431.23844593282,240.0,1,Semiurban,40.16435744206705,Approved,530.9634935247201,0.0077175812329887536
LN00769,Female,Yes,2,Graduate,Self-Employed,96248.97115993858,8707.878504705575,155761.99334860092,120.0,0,Semiurban,32.8711661937691,Rejected,1298.016611238341,0.012367145311485011
LN05822,Male,Yes,2,Graduate,Salaried,37703.55625295172,22229.969346243237,83179.87883208683,240.0,0,Rural,50.88828299673303,Rejected,346.5828284670285,0.005782787263088757
LN00402,Male,No,2,Graduate,Salaried,60104.87399436366,11343.2291746948,139989.1666754172,240.0,1,Semiurban,37.87311500947642,Approved,583.288194480905,0.00816380237696087
LN02936,Male,No,3,Not Graduate,Self-Employed,47920.387480615405,5114.709921340995,160306.76898113018,300.0,0,Semiurban,26.82929300039785,Rejected,534.3558966037673,0.010075514570169444
LN04227,Male,Yes,0,Graduate,Self-Employed,68394.11216714531,15867.610754626468,148931.88137792615,300.0,0,Urban,30.29659884387862,Rejected,496.43960459308715,0.005891638425836361
LN04734,Male,Yes,2,Graduate,Salaried,65818.94728678971,5155.86953824788,170525.33957431908,60.0,1,Urban,37.55152472335959,Approved,2842.088992905318,0.04004362561317273
LN03901,Female,No,0,Graduate,Salaried,57398.7941289276,18699.256130043905,157131.06963344413,180.0,0,Urban,38.43585709103185,Rejected,872.9503868524674,0.011471389659547181
LN03292,Male,Yes,2,Graduate,Salaried,85539.30772176376,0.0,127378.78675954792,60.0,1,Semiurban,40.27503210897007,Approved,2122.9797793257985,0.024818762693652813
LN04448,Male,Yes,2,Graduate,Self-Employed,69614.89159535967,11596.595171170968,151605.77277161603,240.0,1,Urban,38.74152840416577,Approved,631.6907198817335,0.007778342018263229
LN05867,Male,Yes,1,Not Graduate,Self-Employed,46045.62192203511,0.0,139993.2722885931,240.0,1,Rural,21.0,Approved,583.3053012024714,0.012667986159251568
LN01023,Female,Yes,0,Graduate,Salaried,102845.40717223728,15326.388366908714,267202.6889416313,240.0,1,Urban,38.66639778034042,Approved,1113.3445372567971,0.00942140662395188
LN00567,Male,Yes,0,Not Graduate,Salaried,39838.27378165192,13065.723714187943,132501.49598243556,180.0,1,Urban,41.0097681562178,Approved,736.119422124642,0.013914249526843924
LN05384,Male,Yes,1,Not Graduate,Self-Employed,76845.94654027806,12968.31471015321,69142.41427799783,360.0,0,Urban,36.492272484803,Rejected,192.0622618833273,0.0021384383639007558
LN01945,Female,No,0,Graduate,Self-Employed,52607.79327912732,5585.968309979751,167450.61343140397,60.0,1,Semiurban,53.26810216523074,Approved,2790.843557190066,0.04795777899520533
LN01877,Male,Yes,1,Not Graduate,Self-Employed,55815.562525109446,18270.72374877845,151029.50886173395,300.0,0,Urban,34.03187975191575,Rejected,503.4316962057798,0.006795207608931222
LN04892,Female,No,0,Graduate,Salaried,48611.00451015779,14701.962181485593,167254.30930075413,180.0,1,Semiurban,24.83500303353928,Approved,929.1906072264119,0.014676150175554082
LN01401,Male,Yes,0,Graduate,Salaried,70733.05505054572,20740.4193088403,101112.27994789758,120.0,1,Urban,53.1464313659236,Approved,842.6023328991465,0.009211439040663134
LN04545,Female,No,0,Not Graduate,Salaried,71686.2833287062,19484.13249479109,233649.48514224763,240.0,0,Rural,33.975051005191126,Rejected,973.5395214260318,0.01067823934587257
LN02026,Male,No,1,Graduate,Salaried,96010.22363021708,3580.5818083868853,132850.2887198884,360.0,1,Semiurban,40.045309446160765,Approved,369.02857977746777,0.003705448290655382
LN05727,Female,Yes,0,Graduate,Salaried,55388.27202952774,28561.067142103253,187554.52715018165,60.0,0,Urban,43.531394066196754,Rejected,3125.908785836361,0.03723565684591713
LN00992,Male,Yes,0,Graduate,Self-Employed,55056.452349588064,24458.88156554639,215008.82634065696,60.0,0,Urban,39.20125999009065,Rejected,3583.4804390109493,0.045066533240438196
LN00936,Male,Yes,0,Not Graduate,Salaried,39575.34365738573,29465.63291251368,198263.2192190224,60.0,0,Urban,28.020882544376796,Rejected,3304.3869869837067,0.04786124344052743
LN00023,Male,Yes,1,Graduate,Salaried,31505.036275730865,12248.785717449531,207875.9802904979,240.0,1,Urban,37.34045325708113,Approved,866.1499178770745,0.019795983034626673
LN05764,Female,No,1,Not Graduate,Salaried,62144.15924080267,14299.535562720352,195444.4518184644,300.0,1,Semiurban,37.728815626266986,Approved,651.4815060615481,0.00852237071659079
LN01952,Female,Yes,0,Graduate,Salaried,41885.35398274762,12296.286008642088,239031.92997388545,60.0,1,Semiurban,42.73016024851383,Approved,3983.8654995647576,0.07352796076674414
LN02665,Male,Yes,1,Not Graduate,Self-Employed,32657.24387079509,23596.307868548454,190116.6388942233,60.0,0,Rural,21.0,Rejected,3168.6106482370546,0.05632729934847721
LN01615,Female,No,0,Not Graduate,Unemployed,123862.15135689722,4199.973916178678,156806.2317037922,60.0,1,Semiurban,29.428366836063827,Approved,2613.4371950632035,0.02040757319535645
LN02735,Male,No,3,Graduate,Self-Employed,49380.58204376071,8631.176110610424,67674.43066990294,180.0,1,Urban,27.304895805758413,Approved,375.96905927723856,0.006480911305545557
LN03110,Female,Yes,1,Graduate,Salaried,36764.32312175272,33481.09104105552,240913.93518714103,240.0,1,Semiurban,21.71133195938913,Approved,1003.8080632797543,0.014290015586686156
LN03354,Male,No,0,Graduate,Self-Employed,48123.77183862589,0.0,186000.67659181255,360.0,1,Urban,31.67474826936809,Approved,516.6685460883682,0.010736243780327942
LN03288,Male,Yes,0,Graduate,Self-Employed,47445.321878309886,15201.2112958086,234987.1371099321,180.0,1,Rural,26.198946593897347,Approved,1305.4840950551784,0.02083888810617409
LN05667,Female,No,2,Graduate,Salaried,74331.78679519304,9612.737196535589,216671.95830164824,240.0,1,Rural,45.131850898682245,Approved,902.7998262568676,0.010754719704477972
LN04603,Male,Yes,2,Graduate,Salaried,86233.86898545321,3140.7840081314407,139335.1712183961,300.0,0,Semiurban,36.79407583160281,Rejected,464.45057072798704,0.005196669918945873
LN02734,Male,Yes,0,Graduate,Salaried,99741.22223398882,0.0,152383.6447311148,120.0,1,Urban,21.0,Approved,1269.8637060926233,0.012731583568462546
LN02656,Male,Yes,0,Graduate,Salaried,38161.32199209374,11440.650829130293,160726.6459443208,60.0,1,Rural,31.16405489902648,Approved,2678.7774324053466,0.05400546147751473
LN00412,Female,Yes,0,Graduate,Self-Employed,29317.716585287555,0.0,162052.16389310558,180.0,0,Urban,42.06664244039868,Rejected,900.2897994061422,0.03070804633734445
LN02058,Male,No,2,Graduate,Salaried,65251.2265800385,16830.12928311482,257515.5396665605,60.0,0,Urban,27.211156783237072,Rejected,4291.9256611093415,0.05228867890858033
LN00395,Female,Yes,2,Graduate,Salaried,50616.4869579059,23092.646982419858,142033.57112453246,240.0,1,Rural,28.335487492347635,Approved,591.8065463522186,0.00802894451088436
LN05203,Male,Yes,0,Graduate,Salaried,75415.00419237575,13789.24567609446,151232.36891052715,300.0,0,Urban,36.020733800268474,Rejected,504.10789636842384,0.005651164570205123
LN05452,Male,Yes,0,Not Graduate,Salaried,94091.84186594754,0.0,211651.95667254727,120.0,1,Urban,21.0,Approved,1763.7663056045606,0.018745156547338025
LN02694,Female,No,1,Not Graduate,Salaried,66677.19933137069,14654.357601561967,178014.0446839477,120.0,1,Rural,27.88614547240429,Approved,1483.4503723662308,0.018239542292169675
LN01550,Male,Yes,3,Graduate,Self-Employed,57996.91847040095,18421.06039650418,189517.45043461444,300.0,1,Urban,37.75699162839759,Approved,631.7248347820481,0.008266704303738574
LN05829,Male,No,0,Graduate,Salaried,87242.64807370158,16230.186735267556,141966.75758126393,60.0,0,Urban,30.58000338348373,Rejected,2366.112626354399,0.022866993358427845
LN01165,Female,Yes,0,Not Graduate,Self-Employed,108795.04812678546,13840.029276784664,109210.6137415714,60.0,0,Urban,21.0,Rejected,1820.1768956928568,0.014842220792204337
LN02774,Female,No,1,Graduate,Salaried,50176.9250571579,29338.32838659845,199897.7161071275,240.0,1,Urban,31.9734152862146,Approved,832.9071504463645,0.01047480972987788
LN05018,Female,Yes,0,Graduate,Salaried,63106.49998398803,1680.8688960891411,158607.93348032204,360.0,0,Urban,38.45255569909065,Rejected,440.5775930008946,0.006800362487577066
LN04382,Female,Yes,2,Not Graduate,Salaried,46663.02566096873,5781.763436797863,105202.64982056106,120.0,0,Urban,44.64269814712021,Rejected,876.6887485046755,0.016716412890332513
LN04049,Male,Yes,0,Graduate,Salaried,67866.14100010647,19337.476093485355,74102.54425266484,300.0,0,Urban,39.330645948608456,Rejected,247.00848084221613,0.0028325485693685474
LN03871,Male,Yes,1,Graduate,Self-Employed,63155.22878587539,2721.7143394300783,170568.0138784854,300.0,1,Urban,23.011272339848468,Approved,568.560046261618,0.008630637963576299
LN03384,Male,Yes,0,Graduate,Salaried,82118.00848714617,7768.315611706071,194407.8660871721,180.0,1,Urban,35.66775182092925,Approved,1080.0437004842895,0.012015662130053447
LN05857,Female,Yes,1,Not Graduate,Salaried,49638.61961049886,25279.59002257798,177216.1352382868,360.0,1,Urban,32.26606319953516,Approved,492.26704232857446,0.006570726192464103
LN02104,Female,No,3,Not Graduate,Self-Employed,36211.762142653446,3425.8420978456634,113136.91618040195,60.0,1,Semiurban,53.32660333814254,Rejected,1885.615269673366,0.04757137334114577
LN03843,Male,Yes,0,Graduate,Salaried,32565.13741472989,2486.438177607132,373954.21255128784,120.0,0,Urban,22.724783459122317,Rejected,3116.285104594065,0.08890570686001766
LN03170,Male,Yes,2,Graduate,Salaried,41085.078786064376,4013.20626565615,142920.7790352831,120.0,0,Semiurban,26.800673451285824,Rejected,1191.0064919606925,0.026409130426906444
LN03484,Female,Yes,2,Graduate,Salaried,39788.03560142173,78.97982854636211,171388.44721753057,120.0,1,Rural,28.650036762868595,Approved,1428.2370601460882,0.035825030911957365
LN00093,Female,Yes,1,Graduate,Salaried,53446.75706804464,6288.069699923693,134414.62037663927,180.0,1,Urban,21.0,Approved,746.7478909813293,0.01250104723467213
LN01995,Male,No,1,Not Graduate,Salaried,81403.00476632855,37098.556657484645,180914.4651655354,240.0,1,Semiurban,33.715057160390444,Approved,753.8102715230641,0.006361184295514135
LN00812,Male,Yes,3,Graduate,Salaried,88939.55768707466,6625.942746845087,158522.14993606813,120.0,0,Urban,22.91442646941597,Rejected,1321.017916133901,0.01382316746248129
LN00688,Male,Yes,2,Graduate,Salaried,74219.19936406983,0.0,208613.74798040345,180.0,1,Rural,47.49000170785274,Approved,1158.965266557797,0.01561543746750335
LN04165,Female,No,0,Graduate,Self-Employed,75876.3693428763,20010.90009308772,20000.0,180.0,1,Urban,55.676839477292006,Approved,111.11111111111111,0.0011587681218236583
LN04368,Male,Yes,0,Graduate,Salaried,46550.28807987328,1305.36225343942,87415.09757399287,300.0,0,Semiurban,34.632675075873976,Rejected,291.3836585799762,0.006088803653288601
LN05778,Female,No,0,Graduate,Self-Employed,60583.81007871135,11524.997002940896,133441.78670720893,360.0,1,Semiurban,36.17432430019018,Approved,370.67162974224703,0.00514044878488307
LN02689,Female,Yes,0,Graduate,Salaried,72249.37588027204,16470.76827445974,122522.2802070207,300.0,1,Semiurban,32.96292735988782,Approved,408.407600690069,0.004603324358646087
LN04946,Male,No,0,Not Graduate,Salaried,45204.57672054065,8550.715396777021,94441.73505500072,360.0,1,Urban,36.120465713241536,Approved,262.33815293055756,0.004880229324361598
LN01186,Female,Yes,3,Graduate,Self-Employed,40350.252129233806,0.0,108068.81632002348,300.0,0,Urban,48.3578343934211,Rejected,360.2293877334116,0.008927562251151957
LN02776,Male,Yes,0,Not Graduate,Salaried,54876.4049500924,11566.648241475508,210581.98128245835,300.0,0,Semiurban,33.00958996661888,Rejected,701.9399376081946,0.010564534648706896
LN01131,Male,Yes,1,Not Graduate,Salaried,68438.41508470569,13154.485578140548,210808.2888391127,180.0,1,Rural,34.479882620315415,Approved,1171.1571602172928,0.014353664972111789
LN04962,Male,No,0,Graduate,Salaried,57533.11871907779,7519.090171513374,64312.821293538,60.0,1,Urban,21.0,Approved,1071.8803548923,0.016477232259630947
LN05749,Male,Yes,0,Graduate,Salaried,40471.99902672405,0.0,174344.74055809822,240.0,0,Semiurban,32.812791423741025,Rejected,726.4364189920759,0.017949111397052638
LN01435,Male,Yes,1,Graduate,Salaried,65651.599009766,17939.493879431622,208364.53586918896,180.0,1,Urban,39.34239598808391,Approved,1157.5807548288276,0.01384813518783914
LN05213,Male,Yes,0,Graduate,Salaried,67986.35203438262,20775.16954607212,182650.3969154952,240.0,0,Urban,28.03911712437209,Rejected,761.04332048123,0.00857402292040937
LN00572,Male,Yes,2,Graduate,Unemployed,66538.54747528325,36430.0705458491,165941.87016902128,300.0,0,Urban,23.6683375669722,Rejected,553.139567230071,0.005371923775033569
LN03840,Female,Yes,2,Graduate,Salaried,47713.53711807411,3931.2970846594326,152553.8152232539,360.0,0,Semiurban,37.18592445024702,Rejected,423.76059784237196,0.008205285279431538
LN04122,Male,Yes,2,Graduate,Salaried,79155.8322894581,21992.124386719865,183841.88270555035,120.0,1,Semiurban,23.227369395096662,Approved,1532.0156892129196,0.015146284112467245
LN04354,Female,No,1,Graduate,Self-Employed,68084.25730554663,21943.263811492987,123470.98221763954,360.0,1,Urban,38.89986090057065,Approved,342.9749506045543,0.0038096678254494224
LN00256,Female,Yes,2,Graduate,Salaried,85338.22298373246,28897.64133946356,190804.0522056969,300.0,1,Semiurban,38.67978047025888,Approved,636.013507352323,0.005567546681775122
LN03668,Female,Yes,1,Graduate,Self-Employed,57157.06926118908,5750.7418428072615,209707.40740065632,360.0,1,Urban,44.07053270019389,Approved,582.5205761129342,0.0092599085215338
LN03760,Male,Yes,1,Graduate,Salaried,66441.64621533972,805.6680345499026,186853.5335308836,120.0,1,Urban,26.77571474103239,Approved,1557.1127794240301,0.023155018111769215
LN05724,Female,Yes,2,Not Graduate,Salaried,51040.773231000494,29338.8446819627,150503.35042612904,360.0,1,Urban,32.72258066758549,Approved,418.0648622948029,0.0052011302510481285
LN01000,Female,Yes,3,Not Graduate,Salaried,87987.10873172004,22851.850823103763,150586.8184860968,120.0,1,Urban,37.58873912801196,Approved,1254.8901540508066,0.011321742454918168
LN02911,Male,Yes,3,Graduate,Salaried,67169.0723641924,6796.715388675326,55258.28162088945,300.0,0,Urban,21.0,Rejected,184.1942720696315,0.0024902631022474322
LN05606,Female,Yes,1,Graduate,Salaried,34580.96557815434,6956.384982373829,153159.1834403878,60.0,0,Rural,35.12116865741776,Rejected,2552.6530573397968,0.06145440243281945
LN01268,Male,Yes,0,Graduate,Self-Employed,45289.40114820467,16829.944496452605,140270.76684801662,360.0,1,Urban,46.63885501836495,Approved,389.6410190222684,0.006272458522843124
LN00424,Male,Yes,1,Not Graduate,Salaried,72907.51899170295,9494.129329992937,133968.77618465942,300.0,1,Rural,33.62419669227823,Approved,446.5625872821981,0.005419340466817102
LN00538,Female,Yes,0,Graduate,Salaried,80125.85618428882,9833.85801239892,93990.05992794104,120.0,1,Semiurban,35.8939496326083,Approved,783.2504993995086,0.008706680611356894
LN05140,Male,Yes,1,Graduate,Self-Employed,48517.98649432803,3345.5847377894315,200312.53997163576,240.0,0,Semiurban,38.548398152330144,Rejected,834.635583215149,0.016092906126338746
LN01395,Male,Yes,0,Graduate,Self-Employed,63693.60611729817,0.0,138592.43253558828,360.0,0,Semiurban,33.81131365908769,Rejected,384.978979265523,0.00604423273753013
LN00027,Male,Yes,2,Graduate,Salaried,67513.96036691344,0.0,272429.34940870287,360.0,0,Rural,38.29067697514341,Rejected,756.7481928019524,0.01120876613798547
LN05056,Female,Yes,2,Graduate,Salaried,74187.05028910635,6603.916279593279,189495.38734269465,60.0,1,Urban,21.381811763280652,Approved,3158.2564557115775,0.039091702820834455
LN04806,Male,No,1,Graduate,Salaried,45219.42683953534,9248.135503564836,258244.6294550729,360.0,0,Semiurban,33.47782412280042,Rejected,717.346192930758,0.01317015416280383
LN00846,Male,No,0,Not Graduate,Self-Employed,65783.37287815637,15920.55137311992,240712.64138501373,60.0,0,Semiurban,41.73825602710131,Rejected,4011.8773564168955,0.04910262748308845
LN05987,Male,Yes,0,Not Graduate,Self-Employed,60818.49497457845,23892.63424758976,152225.10411596182,60.0,0,Semiurban,35.128091553909336,Rejected,2537.0850685993637,0.029949843567135797
LN05110,Male,Yes,0,Graduate,Salaried,50387.04117023517,6483.827598132919,125049.58677851054,120.0,0,Rural,40.83058050265714,Rejected,1042.0798898209212,0.018323614750202867
LN03486,Female,Yes,3,Graduate,Salaried,90603.90397726702,13379.37897963176,72768.94156962931,300.0,0,Urban,39.455349497997496,Rejected,242.56313856543105,0.002332712832946175
LN05465,Male,Yes,0,Not Graduate,Salaried,59575.10441447516,13588.503276571942,90975.07565011806,360.0,0,Semiurban,52.95509531936398,Rejected,252.70854347255016,0.0034540197161911364
LN04289,Male,Yes,3,Graduate,Salaried,72112.12465262625,7488.327803761213,235186.3577348619,120.0,0,Urban,31.279662668924622,Rejected,1959.8863144571826,0.024621547415587752
LN05300,Male,Yes,2,Graduate,Unemployed,55826.63257559069,17193.08913132054,60643.07062077744,300.0,1,Urban,32.843018568200186,Approved,202.14356873592482,0.0027683420863653086
LN04902,Female,Yes,0,Graduate,Unemployed,39451.92896947978,0.0,149669.80447583177,180.0,1,Urban,33.53964751480356,Approved,831.498913754621,0.021076254963296546
LN04541,Male,Yes,2,Graduate,Salaried,98903.90148553866,16841.193983281697,227568.88605047463,300.0,1,Urban,32.71919757107734,Approved,758.5629535015821,0.006553737334865521
LN05090,Female,No,1,Graduate,Salaried,23584.79444395968,19910.039459577536,50793.59666211956,60.0,1,Semiurban,38.75349209509216,Approved,846.5599443686593,0.019463459643187943
LN04562,Female,Yes,0,Not Graduate,Self-Employed,42073.34682815876,15375.633513811115,109301.4102054744,240.0,1,Rural,37.08910021561185,Approved,455.42254252281,0.00792742603631725
LN01771,Male,No,2,Graduate,Salaried,93901.02080861504,12956.442733543518,51033.5152501799,180.0,0,Urban,28.23091693072462,Rejected,283.5195291676661,0.0026532496633312743
LN01627,Female,Yes,3,Graduate,Salaried,85620.32723470226,19919.93486836496,220311.61796312765,300.0,0,Rural,39.43886782256101,Rejected,734.3720598770922,0.006958217131959822
LN00965,Male,Yes,2,Graduate,Salaried,88802.34430898946,20374.787046064284,118761.37086111924,60.0,0,Rural,36.481700305068536,Rejected,1979.356181018654,0.01812976908672945
LN00345,Male,Yes,0,Graduate,Salaried,64640.99874715273,15756.73540613386,192501.8197594785,240.0,1,Urban,33.71042654794328,Approved,802.0909156644938,0.009976536330429718
LN02403,Male,No,1,Graduate,Self-Employed,54566.89779347894,13307.255616673752,187175.53351672983,360.0,1,Rural,30.47680159337562,Approved,519.9320375464717,0.0076602360607668325
LN03444,Male,No,0,Graduate,Salaried,73908.04949100598,29341.770365203265,117863.92030586432,60.0,1,Semiurban,32.84838258309407,Approved,1964.3986717644052,0.01902568619005944
LN03137,Male,Yes,1,Graduate,Salaried,39576.75084879399,25503.19552276355,188731.28176375752,300.0,0,Semiurban,24.788979921188908,Rejected,629.1042725458584,0.009666637844999845
LN01097,Female,Yes,3,Graduate,Salaried,20035.98630935785,14362.54714496034,116038.90313909498,60.0,1,Urban,21.0,Approved,1933.9817189849164,0.056222795705906346
LN01789,Female,No,1,Not Graduate,Salaried,86809.00892046289,26277.88027111646,135295.28458056832,300.0,0,Rural,40.74683182254518,Rejected,450.9842819352277,0.003987944890509985
LN04300,Male,Yes,1,Not Graduate,Salaried,51528.02836543646,34074.90672553268,141441.44023792326,180.0,1,Semiurban,31.66315726774117,Approved,785.7857790995737,0.00917942566180154
LN00951,Male,Yes,0,Graduate,Unemployed,67041.10793028594,26711.67632706147,73643.96023321222,300.0,1,Semiurban,31.13444427099372,Approved,245.4798674440407,0.0026183741569765964
LN05762,Male,No,0,Graduate,Self-Employed,40373.4812696507,0.0,186296.1805824201,60.0,0,Urban,35.630702077345084,Rejected,3104.9363430403346,0.07690534096633271
LN00386,Male,Yes,0,Graduate,Salaried,66835.11951554319,14756.014327638431,133563.75935168544,60.0,0,Rural,42.24588914825353,Rejected,2226.062655861424,0.02728314402567223
LN00776,Male,Yes,0,Graduate,Self-Employed,45457.25648350263,23721.531056840548,95741.31608321276,360.0,0,Semiurban,30.16182275906668,Rejected,265.94810023114655,0.003844359082992787
LN05356,Female,No,3,Not Graduate,Self-Employed,27359.702299471654,15533.842724790218,39135.81448732159,360.0,1,Rural,32.24036690342056,Rejected,108.71059579811553,0.0025344278663986756
LN03261,Male,No,1,Graduate,Self-Employed,60920.05494506548,29937.097590055346,202260.37910161252,360.0,1,Urban,24.451794469854832,Approved,561.834386393368,0.006183711141246596
LN00052,Male,Yes,1,Not Graduate,Self-Employed,46461.55999388083,11368.68353182922,204126.85043414548,300.0,1,Urban,30.88346130956113,Approved,680.4228347804849,0.011765864940167231
LN03144,Male,Yes,3,Graduate,Salaried,68645.2590126831,10709.627519073343,123577.45010498048,300.0,1,Rural,23.841480520098813,Approved,411.9248336832683,0.0051909195726519385
LN05251,Female,Yes,0,Graduate,Salaried,49228.52653406752,13964.121053529354,143024.29858334645,180.0,1,Urban,38.829718334374384,Approved,794.5794365741469,0.012573922234745911
LN03517,Male,Yes,0,Graduate,Self-Employed,68487.87875722026,26905.296437176767,184342.348853186,120.0,1,Semiurban,26.34053445789038,Approved,1536.1862404432168,0.016103733179157725
LN00475,Female,Yes,0,Graduate,Unemployed,55019.27920887243,21159.670060468383,218811.5985317786,360.0,0,Urban,28.47202491913427,Rejected,607.8099959216072,0.007978713302707998
LN01126,Female,Yes,2,Graduate,Salaried,66052.70930478067,15230.806589504207,202656.0726261901,240.0,0,Semiurban,36.34556351833688,Rejected,844.4003026091254,0.010388333886877254
LN01536,Female,Yes,0,Graduate,Salaried,70272.00213139433,10685.44355440115,105703.25372674449,240.0,0,Urban,26.585433172459563,Rejected,440.43022386143537,0.005440268280829811
LN04991,Male,Yes,3,Graduate,Salaried,73664.46029577617,22787.74307977782,213595.9151711183,180.0,1,Semiurban,37.325181689273954,Approved,1186.6439731728794,0.01230292239724652
LN01114,Male,No,3,Graduate,Self-Employed,63008.37810287153,25612.56258512118,283981.4346950002,360.0,1,Semiurban,21.0,Approved,788.8373185972227,0.008901251921647708
LN02446,Female,Yes,2,Not Graduate,Salaried,65884.48258026988,21653.34534508875,147414.3444345977,240.0,0,Urban,39.97932015383568,Rejected,614.2264351441571,0.007016697234798801
LN00239,Female,No,0,Graduate,Self-Employed,77048.66669592448,18604.41676292773,130359.9491559429,120.0,1,Semiurban,37.210360133520894,Approved,1086.3329096328575,0.011357008790000726
LN00655,Male,No,2,Graduate,Salaried,61184.368680289765,33167.55629575104,230739.1627123664,300.0,0,Rural,49.84260085486616,Rejected,769.1305423745547,0.008151720726099264
LN03827,Female,Yes,0,Graduate,Salaried,69751.20594173437,8992.520693614322,136910.6163187952,180.0,0,Urban,39.8927104025415,Rejected,760.6145351044178,0.009659366753452227
LN05329,Male,No,1,Not Graduate,Salaried,25062.0861730889,10416.016367872062,243721.2223466622,360.0,1,Rural,30.529677290844592,Approved,677.003395407395,0.019082288705427976
LN00947,Male,Yes,0,Graduate,Salaried,46161.83860237511,23981.173241223478,101291.6285913889,120.0,0,Rural,29.423485834846176,Rejected,844.0969049282409,0.012033941553726923
LN04974,Female,No,1,Graduate,Salaried,30559.25853946417,5316.64136746441,84413.97835446551,120.0,0,Urban,24.35604578603442,Rejected,703.4498196205459,0.019607865487569032
LN04146,Male,Yes,0,Graduate,Salaried,67767.51458460337,3306.8473491353107,238547.87766738725,360.0,0,Semiurban,27.465613091036765,Rejected,662.6329935205201,0.009323094509638802
LN01943,Male,Yes,0,Graduate,Salaried,53136.15449005179,19448.53537557488,123844.78465577518,360.0,1,Rural,34.39102203488671,Approved,344.0132907104866,0.004739474555134775
LN02266,Male,Yes,0,Not Graduate,Salaried,24428.248319869665,23364.84137964941,177768.98280748844,180.0,0,Semiurban,35.81409609816598,Rejected,987.6054600416024,0.02066418945188096
LN03186,Male,Yes,0,Not Graduate,Salaried,36064.22707147377,0.0,209871.15999024536,120.0,1,Urban,41.1333071340984,Approved,1748.9263332520447,0.04849476823074403
LN05335,Male,No,0,Graduate,Salaried,50040.76306364316,5255.474523897039,154002.06346076302,60.0,0,Rural,24.89415392706691,Rejected,2566.7010576793837,0.04641728207305255
LN01535,Female,Yes,0,Not Graduate,Self-Employed,28105.938654664093,4242.633515583886,195194.57003180007,300.0,1,Urban,43.15748914715493,Approved,650.6485667726669,0.020113671890937098
LN05686,Female,No,0,Not Graduate,Salaried,85102.91576749808,26138.623979822205,121558.57062217046,300.0,1,Semiurban,33.43561151495806,Approved,405.19523540723486,0.003642481363774863
LN00089,Female,Yes,0,Graduate,Salaried,70265.34866226712,14596.660897859563,48997.17927383873,180.0,1,Semiurban,40.46024160692944,Approved,272.2065515213263,0.0032076373507094677
LN03158,Male,Yes,1,Graduate,Salaried,86572.81656496463,28978.443070314985,97092.45037646568,60.0,1,Urban,45.70672422341384,Approved,1618.2075062744282,0.014004239429168144
LN00885,Female,Yes,1,Graduate,Self-Employed,96934.14651472066,6851.318510906559,138862.58934239895,360.0,1,Semiurban,32.09053967946045,Approved,385.72941483999705,0.0037166034255832533
LN03383,Male,Yes,0,Graduate,Salaried,80539.72526639464,4946.848740027644,93936.02042591076,360.0,1,Rural,38.10241288931407,Approved,260.9333900719743,0.0030523318205777127
LN05674,Male,Yes,2,Graduate,Self-Employed,33620.63003394978,0.0,234415.59057264408,120.0,0,Urban,45.29500661264223,Rejected,1953.4632547720341,0.05810311266622446
LN02352,Male,No,0,Graduate,Salaried,73671.38646400956,19287.61258880764,177835.89883167093,120.0,0,Urban,38.52601714097924,Rejected,1481.9658235972577,0.01594214480251921
LN05457,Female,No,2,Graduate,Salaried,54449.72762279533,23290.984400183355,51463.93590772151,240.0,0,Semiurban,31.426055650810824,Rejected,214.43306628217297,0.0027583110663919642
LN00851,Male,Yes,0,Graduate,Salaried,48890.457616794905,7451.33803428079,237805.0794846767,60.0,0,Urban,42.2580444942343,Rejected,3963.4179914112783,0.07034596511543038
LN00251,Male,Yes,2,Graduate,Salaried,78357.23894109552,11421.72066558733,85141.78518171392,60.0,0,Urban,39.8329332782343,Rejected,1419.0297530285652,0.01580581641005046
LN04693,Female,Yes,0,Graduate,Unemployed,70537.95847331587,14114.2893273121,134393.43162293563,120.0,1,Rural,27.38530243752605,Approved,1119.9452635244636,0.013229953044627311
LN01698,Female,Yes,2,Graduate,Salaried,70278.1569931783,19448.958950098844,101911.87896133991,300.0,1,Semiurban,34.08825670212616,Approved,339.7062632044664,0.003785993338058684
LN00783,Male,No,3,Not Graduate,Self-Employed,72211.71490567646,12344.073667375886,115961.67767104866,300.0,1,Urban,50.90189887528604,Approved,386.5389255701622,0.004571407021249765
LN01350,Male,Yes,1,Graduate,Salaried,36597.739478812815,5845.229709097075,101377.46811564974,240.0,0,Urban,44.39370571273784,Rejected,422.4061171485406,0.009952322498419014
LN01194,Male,No,2,Graduate,Self-Employed,28140.125329366616,22474.44971427056,99826.72871003547,240.0,0,Semiurban,40.82111725502295,Rejected,415.9447029584811,0.008217883931651621
LN01347,Male,Yes,3,Graduate,Salaried,78686.39822478547,2123.947163469389,120927.84568286216,360.0,1,Semiurban,51.305269627747606,Approved,335.9106824523949,0.004156778205049187
LN02426,Female,No,0,Graduate,Salaried,71441.14883428288,23304.98133985952,127983.71576619048,360.0,0,Rural,30.129317477169995,Rejected,355.5103215727513,0.0037522410774912607
LN05305,Male,Yes,0,Graduate,Salaried,81642.24625986282,9507.613466874249,192845.263525255,300.0,1,Urban,34.78525424942824,Approved,642.8175450841833,0.0070523152422979
LN03453,Female,Yes,1,Graduate,Self-Employed,48787.8472630538,17299.243454179374,191749.47136892928,180.0,1,Urban,43.72800854687882,Approved,1065.274840938496,0.01611925762470748
LN02202,Male,Yes,2,Graduate,Salaried,74395.15884296363,9596.236610129456,83582.41042435663,240.0,1,Urban,47.150827563733344,Approved,348.2600434348193,0.004146377632567292
LN03528,Female,Yes,1,Graduate,Salaried,23366.355055879478,16756.0354980437,105450.72790232848,240.0,1,Rural,40.06735837611196,Approved,439.3780329263687,0.010950943522068034
LN05883,Male,Yes,3,Not Graduate,Salaried,29990.469016739968,15803.623259630302,172183.78634440582,120.0,1,Semiurban,40.48378369187233,Approved,1434.8648862033817,0.03133296927350106
LN04092,Female,Yes,1,Graduate,Self-Employed,57730.38708235718,0.0,116430.97781775235,60.0,1,Urban,32.74468664199154,Approved,1940.5162969625392,0.03361342951319956
LN01681,Female,No,0,Graduate,Salaried,59516.08787218168,6944.7331748947945,168365.96939245984,240.0,0,Semiurban,43.09281931499014,Rejected,701.5248724685827,0.010555465030618093
LN03127,Male,Yes,2,Graduate,Salaried,86366.04649705338,6855.9717900680935,163326.08249891002,240.0,1,Semiurban,29.994102692078457,Approved,680.5253437454584,0.007300049454512531
LN02198,Male,Yes,0,Graduate,Salaried,47170.26181911381,37064.68979884672,155038.14114507995,300.0,0,Semiurban,29.251084456267744,Rejected,516.7938038169332,0.0061351469181201825
LN03725,Female,Yes,0,Not Graduate,Salaried,71654.75166347729,12004.505888008078,107535.95190449542,180.0,1,Urban,32.694043435932635,Approved,597.4219550249745,0.00714113383874236
LN04709,Male,Yes,1,Graduate,Self-Employed,59225.14210020914,9454.067595674482,193567.6837865509,360.0,1,Urban,38.91471154633854,Approved,537.688010518197,0.007828977836220267
LN00579,Male,No,2,Not Graduate,Self-Employed,82875.08086413858,0.0,92900.69646536594,120.0,1,Rural,31.897309519061924,Approved,774.1724705447161,0.009341438493602887
LN00051,Male,Yes,1,Not Graduate,Self-Employed,52298.35439167367,25200.365069020896,205524.9932823692,120.0,1,Urban,34.03871335912235,Approved,1712.7082773530767,0.022099826800644366
LN02076,Female,Yes,2,Not Graduate,Self-Employed,72315.42299542284,14173.022549816013,128324.40893982332,120.0,0,Urban,43.32299769437631,Rejected,1069.3700744985276,0.012364311414744764
LN03023,Male,No,1,Not Graduate,Salaried,83078.01468511495,23810.588920574333,92929.21038863904,60.0,1,Urban,39.5121424224146,Approved,1548.820173143984,0.01449004029332783
LN01818,Female,Yes,0,Graduate,Salaried,55777.39522344611,10513.043173805156,172095.44610821013,180.0,0,Urban,25.32557257747716,Rejected,956.0858117122785,0.014422680477429495
LN02634,Female,No,3,Graduate,Salaried,93999.1474915276,3876.7253032941935,179814.98927306064,300.0,1,Urban,23.808398002787136,Approved,599.3832975768688,0.006123912670831168
LN02212,Male,Yes,0,Graduate,Salaried,77646.66124646818,7129.637210667011,208149.4797838669,180.0,0,Urban,24.150196982602708,Rejected,1156.3859987992605,0.013640439838075205
LN04103,Male,Yes,0,Not Graduate,Self-Employed,77723.82377169591,8264.603521027571,130688.14556443164,240.0,1,Rural,23.84269343343954,Approved,544.5339398517986,0.00633264215890454
LN03231,Male,Yes,1,Not Graduate,Self-Employed,19483.842537772463,21534.78981951741,134750.93500758347,240.0,0,Semiurban,39.86105294359686,Rejected,561.4622291982645,0.013687980240484076
LN03438,Female,Yes,1,Graduate,Salaried,34233.84765072925,23268.386307091143,155040.1935229887,60.0,1,Urban,35.07517656343362,Approved,2584.003225383145,0.044937440644107644
LN04501,Female,Yes,0,Graduate,Salaried,32949.82621118556,28339.98185876925,196641.43520460988,120.0,0,Urban,23.04070583814793,Rejected,1638.6786267050823,0.02673655993235827
LN03932,Female,Yes,0,Graduate,Salaried,77750.07934828119,21568.987063196477,129796.52748737633,240.0,1,Semiurban,40.58655756162507,Approved,540.8188645307347,0.005445267299333331
LN02963,Male,Yes,1,Graduate,Self-Employed,38868.84714479494,12715.274561904596,148104.2660933615,360.0,0,Rural,33.329063240977746,Rejected,411.4007391482264,0.007975336703169947
LN03548,Female,Yes,0,Graduate,Salaried,37768.39500972898,8724.599972559274,105800.50505389992,300.0,0,Rural,24.17374525601897,Rejected,352.6683501796664,0.007585408303208198
LN00334,Male,Yes,0,Graduate,Salaried,79502.39466835503,13854.405725274804,32204.05375338389,180.0,1,Urban,32.4832776715989,Approved,178.9114097410216,0.0019164261091496185
LN05418,Female,Yes,3,Graduate,Salaried,48593.71864427068,11976.504336682494,54946.27855910071,180.0,1,Urban,34.33811672554324,Approved,305.2571031061151,0.0050397222939414605
LN03542,Male,No,3,Graduate,Salaried,77588.34082274805,22831.55656013175,154941.20225082157,60.0,0,Rural,39.81298016414376,Rejected,2582.3533708470263,0.025715554767010564
LN01300,Female,Yes,2,Not Graduate,Salaried,46638.19092713903,8389.749453725059,157854.9325321915,120.0,1,Urban,33.00729200034142,Approved,1315.4577711015959,0.023905269977341274
LN00065,Male,Yes,1,Not Graduate,Self-Employed,87124.80057141646,12270.66679774487,158089.57703013602,120.0,0,Urban,27.971355714915934,Rejected,1317.4131419178002,0.013254257732144272
LN02861,Female,No,1,Graduate,Salaried,69677.5330237608,16354.28834719957,131387.17399371476,300.0,1,Semiurban,34.35165961121493,Approved,437.9572466457159,0.005090642504908611
LN00029,Male,No,1,Graduate,Unemployed,54166.12500413446,9128.847293798524,197463.15871411545,360.0,1,Urban,42.15871640506475,Approved,548.5087742058762,0.008665913804717611
LN04406,Male,Yes,0,Graduate,Salaried,57695.51534895605,16207.902325011102,84587.33722878143,180.0,1,Semiurban,43.93768720132793,Approved,469.9296512710079,0.0063586998553186395
LN00534,Male,Yes,2,Graduate,Salaried,46963.27784395682,8143.250824098698,114842.17688720932,60.0,0,Semiurban,30.30362552397199,Rejected,1914.0362814534888,0.03473338509458732
LN05352,Male,Yes,1,Graduate,Salaried,63351.4021160198,30542.82441611026,171100.7179705347,360.0,1,Urban,34.34177146289057,Approved,475.2797721403741,0.005061863649068307
LN01709,Female,No,0,Graduate,Salaried,40509.41390658717,6223.82643137095,181454.2704507,360.0,0,Semiurban,36.15297359527148,Rejected,504.0396401408333,0.010785463119950562
LN03501,Male,Yes,3,Graduate,Salaried,47453.73108097394,28227.032199889796,204548.95138097325,180.0,1,Urban,39.74180999365248,Approved,1136.3830632276292,0.015015481001563436
LN00010,Male,Yes,0,Graduate,Salaried,50731.64614375075,14412.795728953712,119424.20989808226,60.0,1,Semiurban,50.92380865856482,Approved,1990.403498301371,0.030553696387340613
LN04638,Male,Yes,0,Graduate,Salaried,19653.22403755177,10396.076673433448,105880.53484606896,60.0,0,Urban,21.0,Rejected,1764.675580767816,0.058726011554827894
LN04825,Female,No,1,Not Graduate,Self-Employed,64824.80496813459,12216.897441234238,163241.2121232389,240.0,1,Semiurban,54.9968124352085,Approved,680.1717171801621,0.008828617435866114
LN03409,Male,Yes,2,Not Graduate,Salaried,100937.24391439116,28558.05339431501,200889.798451798,120.0,0,Semiurban,41.72821438664566,Rejected,1674.0816537649835,0.012927740918452892
LN00824,Male,Yes,1,Graduate,Salaried,51089.949571984565,22492.825568794517,122719.29218356236,300.0,1,Semiurban,32.855779922655216,Approved,409.0643072785412,0.005559240005502871
LN00053,Female,No,0,Graduate,Salaried,72233.52577681736,23544.0200112072,116992.6066331762,120.0,0,Semiurban,33.0419117884296,Rejected,974.9383886098017,0.010179195766485197
LN04280,Female,Yes,2,Graduate,Salaried,101863.9586441989,18456.20344651446,88132.3154980416,240.0,0,Urban,38.762705908858266,Rejected,367.21798124184,0.003052007035736722
LN01414,Female,No,0,Graduate,Salaried,47129.63539239714,37887.90660880289,143642.19852716348,60.0,1,Semiurban,38.760474119912736,Approved,2394.036642119391,0.02815932554349312
LN02308,Male,No,0,Graduate,Self-Employed,70690.112969611,8588.350706031495,106791.39604130176,180.0,0,Semiurban,36.24128909978037,Rejected,593.2855335627876,0.007483564969045541
LN03712,Female,Yes,0,Not Graduate,Self-Employed,65620.18500563613,2152.7223358253286,157014.6712850272,300.0,0,Rural,36.52635480037422,Rejected,523.3822376167574,0.007722587950665762
LN03138,Female,Yes,1,Graduate,Salaried,69469.43798070456,8889.988759103708,165298.00122189184,300.0,0,Urban,35.02976785734024,Rejected,550.9933374063062,0.007031615216327122
LN01511,Male,Yes,2,Graduate,Salaried,56126.81081440564,39048.37542253973,126344.62933197388,240.0,0,Semiurban,52.89010414863346,Rejected,526.4359555498911,0.0055312311576600605
LN01639,Male,Yes,2,Graduate,Self-Employed,38649.34171491454,0.0,155364.29330482893,300.0,1,Urban,33.090072601717615,Approved,517.880977682763,0.013399477318469204
LN04144,Male,Yes,0,Not Graduate,Salaried,29621.783498198645,17262.380886674215,217138.84822115017,120.0,0,Rural,40.38959643361958,Rejected,1809.4904018429181,0.038594916334410534
LN00086,Female,Yes,2,Graduate,Salaried,78308.04235404148,11896.090086224343,189519.55382677348,240.0,1,Rural,31.10412892290308,Approved,789.6648076115562,0.008754197687500414
LN00161,Male,No,0,Graduate,Salaried,75741.69207484904,23715.24386087934,185257.43294690884,240.0,1,Urban,38.34620090067828,Approved,771.9059706121202,0.007761208037928552
LN00608,Male,Yes,0,Graduate,Salaried,24425.59502191443,7128.2593001300365,47447.379607307244,120.0,1,Urban,26.07286685650149,Approved,395.3948300608937,0.012530793418307032
LN00550,Male,Yes,1,Graduate,Self-Employed,61731.795749458,14837.768824040588,175404.38572103932,300.0,0,Urban,41.89431395634175,Rejected,584.6812857367977,0.0076359489438596224
LN04786,Female,Yes,2,Graduate,Salaried,74619.17952752432,25574.27287114136,113626.75967728604,240.0,0,Rural,38.73737040841944,Rejected,473.4448319886918,0.00472530709995773
LN00745,Male,Yes,0,Graduate,Salaried,45485.12373693069,5778.110945683726,149252.7960289463,180.0,1,Semiurban,37.07317676620124,Approved,829.1822001608127,0.016174987889362048
LN04687,Male,Yes,0,Graduate,Self-Employed,40998.730050677455,12404.0327819073,175850.01512569675,300.0,1,Semiurban,31.96141044353307,Approved,586.1667170856558,0.010976336915812053
LN01880,Male,Yes,2,Graduate,Salaried,79297.03266194915,1799.2281226269845,92268.1525557636,300.0,1,Urban,34.8018732073065,Approved,307.560508519212,0.0037925362469696947
LN01706,Male,Yes,0,Graduate,Salaried,73451.47402405462,30758.758095019693,76339.66850623667,180.0,0,Urban,42.60165624635544,Rejected,424.10926947909263,0.004069746903494949
LN02396,Male,No,0,Graduate,Self-Employed,41562.80373749374,24252.818927168315,222539.97331543695,300.0,1,Rural,53.36157468687194,Approved,741.7999110514564,0.011270878873713766
LN02201,Female,Yes,1,Not Graduate,Salaried,56181.92416545402,27368.324661272665,159073.89409395278,240.0,1,Urban,33.02159818948194,Approved,662.8078920581366,0.007933045099993917
LN04952,Female,Yes,0,Graduate,Salaried,75798.39444361704,23437.90025881576,145592.25655648045,300.0,0,Urban,31.742521778420983,Rejected,485.30752185493486,0.004890423642984298
LN04510,Male,Yes,0,Graduate,Salaried,36260.1322338851,5378.5877180961525,93702.4551932303,60.0,1,Urban,32.886150898902,Approved,1561.7075865538384,0.037506138237554755
LN00876,Female,Yes,2,Graduate,Salaried,49647.77401927657,20510.170602262995,39286.590705772425,60.0,0,Urban,26.184435725483016,Rejected,654.7765117628737,0.00933289188124031
LN04087,Male,No,0,Graduate,Salaried,61596.02968117466,1182.308114322961,162053.94882029065,120.0,1,Urban,38.45968965836645,Approved,1350.449573502422,0.021511394231264188
LN00172,Male,Yes,1,Graduate,Salaried,58457.96581171791,11185.105851759072,48204.8714947612,300.0,1,Rural,38.4445450810112,Approved,160.68290498253734,0.002307234605604056
LN01494,Female,Yes,0,Not Graduate,Salaried,90842.19905135751,4407.882916270979,163991.07979721387,180.0,0,Rural,23.651711565113832,Rejected,911.0615544289659,0.009564942471530865
LN02598,Male,Yes,0,Not Graduate,Salaried,84001.57912853723,4314.792459175611,69118.92706869249,180.0,1,Urban,48.02739958104863,Approved,383.99403927051384,0.004347937221233595
LN04149,Female,No,1,Graduate,Salaried,64870.604083726896,11067.9899631781,94443.8116792112,240.0,1,Urban,51.091595415393016,Approved,393.51588199671335,0.005182027491233909
LN00127,Male,Yes,0,Graduate,Salaried,48674.04540794456,29980.976334877843,189299.6406351566,300.0,0,Semiurban,21.0,Rejected,630.9988021171887,0.008022358752634507
LN05185,Male,Yes,0,Graduate,Salaried,20899.02459363434,4585.470482251814,107361.60687150346,240.0,1,Urban,37.19037034580506,Approved,447.34002863126443,0.01755341933592182
LN02414,Male,Yes,3,Graduate,Self-Employed,80353.22933687005,9217.87901780246,127776.02350611475,60.0,1,Urban,36.45093801374096,Approved,2129.6003917685794,0.023775527967523333
LN02478,Male,No,0,Not Graduate,Unemployed,33227.88400553502,37143.299425565965,114709.79724421752,360.0,0,Urban,39.09371091903306,Rejected,318.638325678382,0.0045279659960579515
LN02868,Male,No,2,Not Graduate,Salaried,70696.3467269182,15445.521655711513,192747.2325528075,360.0,1,Semiurban,41.88527366973996,Approved,535.4089793133542,0.006215432627199877
LN00211,Female,No,1,Graduate,Salaried,82711.31280361197,16258.865305766578,149683.2929767372,180.0,1,Urban,34.45299715971052,Approved,831.5738498707622,0.008402266882370711
LN04909,Male,Yes,0,Graduate,Unemployed,43529.30058748301,8030.585398619033,298992.72583685734,360.0,1,Rural,29.337440418824123,Rejected,830.535349546826,0.016108168853800345
LN03392,Male,Yes,2,Graduate,Salaried,58520.54272811244,12819.94368878876,192191.43872428124,120.0,0,Urban,32.099362615544976,Rejected,1601.5953227023435,0.02245001966124682
LN00840,Male,Yes,3,Graduate,Salaried,59010.72580695134,8637.762873480702,107844.88476685654,180.0,1,Rural,35.24527107134722,Approved,599.1382487047586,0.008856639082286918
LN05476,Male,No,1,Graduate,Salaried,56333.98580947606,26711.190647375704,51189.19678048442,300.0,0,Urban,37.63718589325784,Rejected,170.63065593494807,0.0020546726879869244
LN00604,Male,Yes,1,Graduate,Self-Employed,68268.69806447401,14403.456880078083,192918.6615986064,240.0,0,Urban,34.18329358390665,Rejected,803.82775666086,0.00972307734327216
LN04184,Female,No,0,Not Graduate,Salaried,50424.82856956623,8707.662366125805,168307.3262982841,120.0,0,Urban,27.974154562706023,Rejected,1402.5610524857009,0.023718957721754336
LN03319,Female,Yes,0,Not Graduate,Salaried,106400.8144403452,4018.136162218501,147375.8658844643,120.0,0,Semiurban,30.286185137235744,Rejected,1228.1322157038692,0.011122476794081708
LN01501,Male,Yes,2,Graduate,Salaried,48976.28567342933,16218.44464132454,161827.10968074316,300.0,1,Semiurban,29.29162759902644,Approved,539.4236989358105,0.00827403835143615
LN01871,Female,Yes,2,Graduate,Salaried,55701.57939422529,34025.5820522956,159639.93962531345,300.0,0,Urban,21.43799743097259,Rejected,532.1331320843782,0.0059305691109100755
LN02388,Male,Yes,0,Not Graduate,Salaried,77803.96822249574,9107.462692049325,155148.26212323052,120.0,1,Urban,21.0,Approved,1292.9021843602543,0.014876089034036153
LN05475,Female,Yes,2,Graduate,Salaried,92734.7992366128,29238.989372468517,279363.5727922655,120.0,1,Urban,44.12268061964249,Approved,2328.029773268879,0.01908631190206016
LN00244,Male,No,1,Graduate,Salaried,35994.07185888448,8950.932360718252,228113.25553275348,180.0,1,Urban,33.64164626800977,Approved,1267.2958640708528,0.028196590167814967
LN04751,Male,Yes,0,Not Graduate,Salaried,54874.38351496855,25995.84464327669,206746.2140799599,300.0,0,Urban,35.44477595944825,Rejected,689.1540469331997,0.008521727496362158
LN03849,Male,Yes,2,Graduate,Unemployed,31336.96370950576,21856.56392513711,244081.06446788856,120.0,0,Rural,42.79190562288764,Rejected,2034.0088705657379,0.03823790150817272
LN00907,Male,No,0,Graduate,Salaried,74925.07132054442,11420.095655866642,89362.96925625975,180.0,0,Urban,33.85638628049941,Rejected,496.46094031255416,0.00574972471184385
LN02356,Female,Yes,1,Not Graduate,Salaried,52614.457215075934,14432.114041137227,152156.27154765246,120.0,0,Semiurban,41.051780919866985,Rejected,1267.9689295637704,0.018911763954614882
LN04824,Female,Yes,2,Graduate,Salaried,58747.03555756357,3847.53463623186,225536.58257696067,120.0,1,Urban,28.44866006838536,Approved,1879.4715214746723,0.03002611114120201
LN04294,Male,Yes,1,Graduate,Salaried,84132.1630972783,16031.17582445637,77655.85166196484,300.0,1,Rural,40.88799167819394,Approved,258.85283887321617,0.002584307209202339
LN02768,Female,Yes,1,Graduate,Self-Employed,49671.407122248565,15524.57386889444,33202.31905992821,360.0,1,Semiurban,31.547228967346317,Approved,92.22866405535613,0.0014146372621939008
LN05380,Male,Yes,2,Graduate,Salaried,48271.69702222453,19788.47573217735,303566.8350803001,300.0,0,Semiurban,54.852818628711546,Rejected,1011.889450267667,0.01486757099367224
LN05271,Male,Yes,0,Graduate,Salaried,111758.17947061369,10007.980017240698,165137.18962525213,60.0,1,Urban,38.38145029977954,Approved,2752.286493754202,0.02260304919963194
LN01512,Male,Yes,0,Not Graduate,Salaried,45663.5535879439,17172.07937528401,63163.65911177803,60.0,1,Semiurban,35.77068980548014,Approved,1052.7276518629672,0.016753673070804186
LN05091,Male,Yes,2,Graduate,Salaried,45884.5303380927,18298.230608685102,176366.50397403358,300.0,1,Urban,40.81789947868294,Approved,587.8883465801119,0.009159598900203217
LN00237,Male,No,3,Graduate,Salaried,63729.08629538855,15525.263682153163,111844.68232772622,360.0,1,Urban,36.933699005340735,Approved,310.6796731325728,0.003920033073523536
LN04100,Female,Yes,0,Graduate,Salaried,29995.56277106128,29056.47597507964,133862.7723638329,240.0,1,Rural,48.657402917457006,Approved,557.7615515159704,0.009445254784745605
LN02684,Female,No,0,Graduate,Self-Employed,66701.16058168234,23715.559662881416,112638.90838897576,120.0,0,Urban,23.848159677544928,Rejected,938.6575699081313,0.010381460059258977
LN04845,Female,Yes,1,Not Graduate,Self-Employed,70619.5132392818,12928.383109059598,166328.15079315274,60.0,1,Urban,37.63292182398462,Approved,2772.135846552546,0.033180199235591866
LN03795,Female,Yes,0,Graduate,Salaried,53487.77895702993,27450.410082232564,139117.2439430942,120.0,1,Semiurban,34.912298064523554,Approved,1159.3103661924515,0.014323403821527055
LN05869,Male,Yes,3,Graduate,Self-Employed,52269.167682044805,19522.74377648579,160340.81808957018,180.0,1,Urban,26.857013947845395,Approved,890.7823227198344,0.01240783682482643
LN02532,Male,Yes,3,Graduate,Self-Employed,71110.25292684496,19800.63617904104,194979.93689897037,180.0,0,Urban,57.32170361304488,Rejected,1083.2218716609464,0.011915204903554435
LN05716,Female,No,1,Not Graduate,Salaried,69009.9144755607,18710.53738215363,208047.6345371281,180.0,1,Urban,36.641860482832726,Approved,1155.820191872934,0.013176176905104354
LN01432,Male,Yes,3,Not Graduate,Salaried,77209.46976719491,19612.72084317831,167369.49208542777,240.0,1,Urban,40.50358690869321,Approved,697.3728836892824,0.0072026141868201865
LN04493,Male,Yes,3,Graduate,Salaried,50827.22727797831,8157.578194847564,129555.19125052524,240.0,1,Semiurban,33.27687755306275,Approved,539.8132968771885,0.009151734799326903
LN03317,Male,No,1,Not Graduate,Salaried,40353.92839245371,5027.350420315846,137685.49286956,180.0,0,Rural,43.89135619690902,Rejected,764.9194048308889,0.016855395547285747
LN01586,Male,No,1,Graduate,Salaried,63528.8311055445,4607.798360092338,119633.84772645425,300.0,0,Urban,46.71157505232927,Rejected,398.77949242151414,0.005852644833607884
LN04327,Male,No,0,Graduate,Self-Employed,78010.66154663183,19981.11995644541,140475.71510974472,60.0,1,Semiurban,30.35751396001926,Approved,2341.2619184957452,0.023892431411936543
LN02534,Female,Yes,2,Graduate,Salaried,51652.66372789831,27663.302679562887,138456.79444010323,180.0,0,Rural,21.0,Rejected,769.204413556129,0.009697976944573552
LN03844,Male,Yes,1,Graduate,Self-Employed,92175.61711468748,10690.03799780187,200931.22550169053,300.0,1,Urban,28.773395376290985,Approved,669.7707516723018,0.006511121238083498
LN03874,Female,Yes,1,Not Graduate,Salaried,45212.57185081927,18188.08339628256,197870.4922616095,240.0,1,Semiurban,38.181333066220205,Approved,824.460384423373,0.013003972612113668
LN00941,Female,Yes,2,Graduate,Salaried,77449.14656560289,24647.698943024458,169602.22519342529,360.0,1,Rural,22.93162937441608,Approved,471.11729220395915,0.004614415752582179
LN03045,Male,No,0,Graduate,Salaried,19001.17442845044,155.60931806573717,149679.9623698431,120.0,0,Semiurban,50.70042411304932,Rejected,1247.3330197486925,0.06511181815556752
LN03223,Male,Yes,3,Graduate,Self-Employed,73904.05800167998,0.0,92971.07552557228,360.0,0,Urban,33.847577124134475,Rejected,258.2529875710341,0.003494435820630628
LN03617,Male,Yes,1,Graduate,Salaried,54316.89804142406,3281.6869952747493,194520.40025934207,240.0,1,Semiurban,45.260158000244594,Approved,810.5016677472587,0.014071555181969304
LN05720,Male,No,2,Graduate,Self-Employed,51322.530740416216,12862.29751937651,93706.4586427438,120.0,1,Rural,35.188764878688694,Approved,780.8871553561984,0.012166226451452067
LN05961,Male,Yes,2,Not Graduate,Salaried,102105.94858916623,15375.668587072523,118148.71950635697,60.0,1,Semiurban,34.48703761106391,Approved,1969.1453251059495,0.0167613059169245
LN03567,Male,No,1,Not Graduate,Salaried,81486.36025431124,20168.25265824451,223268.97137492592,360.0,0,Urban,30.34699402877081,Rejected,620.191587152572,0.006100968459602188
LN04475,Female,No,2,Graduate,Self-Employed,70281.25104849551,3263.696074532021,141745.86688145073,360.0,1,Rural,29.867745923993585,Approved,393.7385191151409,0.005353712722867103
LN05981,Male,Yes,2,Graduate,Self-Employed,92465.13381056108,12154.89695660778,214587.39253663155,240.0,0,Urban,59.12772976198747,Rejected,894.1141355692981,0.008546299680977374
LN02887,Male,No,1,Graduate,Salaried,87766.75556416895,13716.017340823912,94228.99982348968,180.0,1,Rural,40.85131198878234,Approved,523.4944434638315,0.005158456243148989
LN00286,Male,No,3,Graduate,Salaried,56964.29809928833,4598.012890445269,162290.96109081944,360.0,1,Urban,31.695852171077004,Approved,450.80822525227626,0.0073227956846430775
LN00457,Female,Yes,1,Graduate,Salaried,39295.15355161252,24959.736788464452,134592.61852734312,240.0,0,Urban,33.978783226965874,Rejected,560.802577197263,0.008727780472881454
LN05265,Female,No,0,Graduate,Self-Employed,43627.89946679843,28662.14785205788,205876.02743873035,180.0,1,Rural,47.14677266563694,Approved,1143.7557079929463,0.015821759016812906
LN00268,Male,Yes,1,Not Graduate,Self-Employed,51199.11026606032,24671.78122438949,105733.67838909698,60.0,1,Rural,38.01666842725743,Approved,1762.2279731516164,0.023226667547111075
LN05655,Female,Yes,2,Graduate,Salaried,43884.00690231591,8099.874001854148,168235.58866042428,180.0,1,Semiurban,31.31652686017631,Approved,934.6421592245794,0.017979460997680226
LN04233,Female,No,0,Graduate,Salaried,70089.66512766034,3959.743665276146,143793.58125911478,60.0,1,Semiurban,34.6029634163556,Approved,2396.559687651913,0.03236433250066028
LN04181,Male,No,2,Graduate,Salaried,49815.73274801731,17239.949689010486,175293.2179058078,180.0,1,Urban,43.7591811962089,Approved,973.8512105878211,0.014523022884784862
LN04090,Female,Yes,1,Not Graduate,Self-Employed,38027.59149644376,10611.500095218284,157205.8181389841,240.0,0,Urban,24.78028248528984,Rejected,655.024242245767,0.013467032808607275
LN02213,Male,No,0,Graduate,Self-Employed,50958.1933433384,5217.3435073376,142345.97477592988,180.0,0,Rural,32.708237673898466,Rejected,790.8109709773883,0.014077497346923385
LN04609,Male,Yes,2,Graduate,Salaried,43222.14651948528,8280.826895350094,79238.30345667637,120.0,1,Semiurban,31.159698382432797,Approved,660.319195472303,0.012820991715443342
LN00156,Male,No,2,Not Graduate,Salaried,97315.49022289514,13414.623075835432,155303.62881934192,360.0,0,Urban,47.26496994137635,Rejected,431.3989689426164,0.0038959498558334992
LN00224,Male,Yes,2,Not Graduate,Salaried,50561.36268421133,20207.561203587116,119651.82770636825,60.0,0,Semiurban,39.09976414925624,Rejected,1994.1971284394708,0.028178994661572046
LN01656,Male,Yes,0,Graduate,Salaried,63369.21952539229,30199.520059142997,252740.4909319324,60.0,1,Urban,41.70750517157619,Approved,4212.341515532206,0.04501868395615759
LN05142,Male,Yes,2,Graduate,Salaried,80677.62109848417,1747.1862804755892,117161.48208241418,180.0,1,Urban,30.770222921658497,Approved,650.8971226800787,0.007896859493859496
LN05947,Female,Yes,1,Not Graduate,Salaried,83318.33040510445,490.8707140598744,128452.80997573864,60.0,1,Semiurban,26.195956745534836,Approved,2140.8801662623105,0.02554469124718531
LN04373,Male,Yes,1,Graduate,Self-Employed,62706.766957845815,9346.500474989058,207091.54638681168,60.0,0,Urban,27.72630537540634,Rejected,3451.525773113528,0.047902418531274804
LN02399,Male,Yes,1,Graduate,Salaried,61386.88674072501,14623.12879257762,162305.88531882918,360.0,0,Rural,24.147330484769636,Rejected,450.84968144119216,0.005931450984162203
LN01788,Male,No,0,Graduate,Salaried,66383.4902083836,14421.633876224065,190915.6868159981,180.0,1,Urban,32.05039137587146,Approved,1060.6427045333228,0.013125933739335245
LN01216,Male,Yes,1,Not Graduate,Self-Employed,46530.18751512263,9086.052701619526,172194.64195214433,300.0,1,Semiurban,31.78605772044705,Rejected,573.9821398404811,0.010320405291756764
LN00218,Female,Yes,1,Not Graduate,Salaried,50292.72904341793,12344.394874814589,152601.032521981,300.0,1,Rural,27.177303800762736,Approved,508.6701084066033,0.008120904610349434
LN03746,Male,Yes,1,Graduate,Salaried,16458.699071142903,13820.189053926222,224122.20143773183,240.0,0,Semiurban,25.93088685487345,Rejected,933.8425059905493,0.03084137376951378
LN00406,Female,Yes,1,Graduate,Self-Employed,38647.59141234811,14177.463003285467,193034.2710684315,300.0,1,Semiurban,30.11683501725178,Approved,643.447570228105,0.012180727068738741
LN04285,Male,Yes,0,Graduate,Salaried,64064.71909172062,18140.226024861146,93119.98975178823,360.0,1,Urban,34.093083932537674,Approved,258.66663819941175,0.0031466067866425165
LN05502,Female,No,2,Graduate,Salaried,63308.073205994086,20918.01191145016,226942.3645234672,120.0,0,Urban,22.884988873082698,Rejected,1891.1863710288933,0.022453689594997044
LN04894,Male,Yes,2,Graduate,Self-Employed,38715.59986365303,11639.333034942596,210563.27482465064,240.0,0,Semiurban,25.758837113292287,Rejected,877.3469784360443,0.017423257820695322
LN02706,Female,Yes,1,Not Graduate,Salaried,62897.75666193783,17047.978772819173,176257.23293941357,120.0,1,Urban,29.68093337502841,Approved,1468.8102744951132,0.018372590689265673
LN00462,Male,Yes,0,Graduate,Salaried,46005.489840148286,13316.995768283574,101716.60430763844,180.0,0,Semiurban,33.29034333215546,Rejected,565.0922461535469,0.009525768186510832
LN03068,Male,Yes,3,Graduate,Self-Employed,64505.28234495099,29916.73858801808,131583.3644980412,60.0,0,Urban,49.17581529980702,Rejected,2193.056074967353,0.023226108203341898
LN04369,Male,Yes,2,Graduate,Salaried,64465.41671840522,32648.25883791736,151080.27737958424,300.0,0,Semiurban,38.31814096093393,Rejected,503.60092459861414,0.0051856849379214665
LN04815,Male,Yes,1,Graduate,Salaried,55044.95163520581,11609.11705473173,127403.19309970048,360.0,1,Urban,28.609735610261893,Approved,353.89775861027914,0.005309469707791528
LN05776,Male,Yes,1,Graduate,Self-Employed,69041.35676519343,688.8585722874504,176243.24958625645,240.0,0,Semiurban,31.341665368870444,Rejected,734.3468732760685,0.010531257787201292
LN05098,Male,Yes,2,Graduate,Self-Employed,44662.71923990896,20615.73470571105,147717.85733331024,180.0,0,Semiurban,49.38089826453768,Rejected,820.6547629628346,0.012571602318377182
LN00025,Male,No,0,Not Graduate,Salaried,62218.451794197324,16165.785120124638,174563.70103631413,120.0,0,Rural,39.088301489956905,Rejected,1454.6975086359512,0.018558546538202714
LN00084,Male,No,0,Graduate,Salaried,43830.12794213625,14048.88352299234,109762.4093140431,60.0,0,Urban,21.0,Rejected,1829.373488567385,0.03160685440644681
LN05846,Female,Yes,0,Graduate,Salaried,118545.4018494666,25329.74234914031,118972.95622771696,120.0,0,Rural,52.49850848069458,Rejected,991.4413018976413,0.006890983897323115
LN05604,Female,Yes,0,Not Graduate,Unemployed,68375.19920254993,9557.255670754615,20000.0,60.0,1,Rural,36.58893149478445,Approved,333.3333333333333,0.004277208178226082
LN04245,Female,Yes,0,Graduate,Self-Employed,29137.635441142596,9801.658542747738,192600.75174542476,180.0,0,Rural,50.50615185952402,Rejected,1070.0041763634708,0.02747877701136915
LN03472,Female,No,2,Graduate,Unemployed,61045.169809949664,0.0,204169.6071791676,300.0,1,Urban,39.144689783946745,Approved,680.565357263892,0.011148553757531978
LN03345,Male,Yes,2,Graduate,Salaried,92569.37109544643,13382.32718834331,186851.1427778157,240.0,1,Rural,24.38420574101899,Approved,778.5464282408988,0.007348125993748359
LN01992,Female,Yes,2,Graduate,Self-Employed,83778.26742949286,31389.60527599833,179766.1643946332,300.0,1,Urban,31.789895972489767,Approved,599.2205479821107,0.005203018288915047
LN02186,Female,Yes,2,Graduate,Unemployed,31520.8569509971,20574.08556851185,172061.99110851355,60.0,1,Urban,26.47566377690905,Approved,2867.6998518085593,0.05504756725155497
LN00441,Female,Yes,1,Graduate,Salaried,59346.10503811814,13717.365195161692,117658.18479161884,180.0,0,Urban,43.25559476190124,Rejected,653.6565821756602,0.008946421242908948
LN05280,Male,No,2,Graduate,Self-Employed,47178.37466923289,36353.21123975958,162276.4086028084,240.0,1,Semiurban,33.407448436853215,Approved,676.1517025117016,0.008094563214068122
LN00524,Male,Yes,1,Graduate,Salaried,44734.81686914966,26196.87778553381,111392.55181440288,120.0,1,Semiurban,28.03551607950542,Approved,928.2712651200239,0.013086833320973422
LN04801,Female,No,0,Graduate,Salaried,58852.09269851928,20125.43628399402,150720.82813177744,60.0,0,Urban,34.502977382429144,Rejected,2512.0138021962907,0.031806690264422996
LN01831,Male,Yes,1,Graduate,Salaried,64664.32262527003,22445.8639847313,163723.00888069207,300.0,0,Urban,21.456730599005784,Rejected,545.7433629356402,0.0062649775436594245
LN01479,Male,Yes,0,Graduate,Salaried,51250.83399353179,11467.358645618418,160051.67518582853,360.0,1,Urban,32.742456149797086,Approved,444.58798662730146,0.007088660688697507
LN01911,Male,Yes,1,Not Graduate,Salaried,104626.00292385263,20647.89105907648,220841.70410694013,60.0,0,Urban,28.50074087245068,Rejected,3680.695068449002,0.02938118191608672
LN02676,Male,Yes,2,Graduate,Unemployed,66993.00094599387,17074.887978521816,129720.63216261606,360.0,1,Urban,38.92057987603543,Approved,360.3350893406002,0.004286239299575418
LN01791,Male,Yes,0,Graduate,Salaried,62300.52158294834,7065.402701165286,172037.8377219382,120.0,0,Rural,29.008140983933973,Rejected,1433.6486476828184,0.02066790953164242
LN03521,Male,Yes,0,Graduate,Salaried,15000.0,34824.70450168928,103828.53971393035,360.0,0,Urban,43.23975719821653,Rejected,288.4126103164732,0.005788546328592771
LN03923,Female,Yes,1,Graduate,Salaried,27768.652817943443,25469.54534428209,209403.093812553,180.0,1,Urban,40.74323739397138,Approved,1163.3505211808501,0.021851801175462964
LN00186,Female,Yes,1,Graduate,Salaried,69464.75249147089,19168.01574483114,170460.62893032734,60.0,1,Urban,31.00036406686197,Approved,2841.0104821721225,0.0320537261636437
LN03132,Male,Yes,2,Graduate,Salaried,25375.973931101493,17440.984435023867,116642.02249668368,360.0,1,Urban,43.44287220704136,Approved,324.00561804634356,0.0075672264077188784
LN01263,Male,No,0,Graduate,Salaried,41586.52813841267,28592.97599364805,158340.80297591386,180.0,1,Urban,25.56322579113725,Approved,879.6711276439659,0.012534587391621336
LN05028,Male,Yes,0,Graduate,Self-Employed,85761.51449704755,18651.69001048321,133896.9301760834,180.0,1,Semiurban,30.823416698866943,Approved,743.8718343115745,0.007124308058737179
LN02668,Male,No,2,Not Graduate,Salaried,71045.99875359047,18849.664160476343,128108.8938569174,360.0,0,Urban,28.267059332556688,Rejected,355.85803849143724,0.0039585673763995665
LN03536,Male,Yes,1,Graduate,Salaried,73578.93975524466,7017.939236418459,206097.52459576124,300.0,0,Rural,25.47637686753249,Rejected,686.9917486525375,0.008523800887173303
LN04304,Female,Yes,2,Graduate,Salaried,33852.604355380725,17387.379252913564,125670.9376822631,300.0,1,Semiurban,41.91292578013335,Approved,418.9031256075437,0.008175317322695927
LN03743,Male,Yes,1,Graduate,Salaried,63361.1961193364,16879.417764327565,164483.49060690703,240.0,1,Urban,42.40390834193832,Approved,685.3478775287792,0.008541159449782175
LN05297,Male,Yes,1,Graduate,Salaried,75176.48832327219,10302.702035104025,121480.16302016284,60.0,0,Urban,28.414224299190145,Rejected,2024.6693836693807,0.023686108574272204
LN02258,Female,Yes,0,Graduate,Salaried,15000.0,11768.323342975153,200853.27719850768,120.0,0,Urban,28.21914882902816,Rejected,1673.777309987564,0.06252828346930499
LN02289,Male,No,2,Graduate,Self-Employed,88447.39723397016,0.0,213924.2603725836,240.0,0,Semiurban,35.232907243595754,Rejected,891.3510848857651,0.010077753701760962
LN05397,Male,Yes,2,Graduate,Salaried,74661.08562931998,6966.395672343061,113517.105885294,360.0,1,Rural,32.26123118174121,Approved,315.3252941258167,0.003862979588461128
LN01243,Female,Yes,0,Graduate,Salaried,39704.86538614266,8568.166579729696,49249.57802464547,120.0,0,Rural,32.297088150952064,Rejected,410.4131502053789,0.00850191366673486
LN02378,Female,No,3,Not Graduate,Self-Employed,51730.69677753448,23096.57530148241,163384.8127179331,120.0,1,Semiurban,35.762314669314414,Approved,1361.5401059827757,0.018195773655158804
LN00078,Female,Yes,1,Not Graduate,Salaried,61835.21553071005,1634.3149968508003,233821.1708922037,180.0,1,Semiurban,29.61000206785601,Approved,1299.0065049566872,0.020466615936171294
LN05059,Female,Yes,0,Not Graduate,Self-Employed,51522.19915355295,23153.241668090144,108369.63901305756,300.0,0,Urban,47.10099418434241,Rejected,361.2321300435252,0.0048373618698321725
LN05525,Male,Yes,0,Graduate,Salaried,47767.32526610882,18362.629511858955,222770.47410860143,120.0,1,Urban,24.640948278027334,Approved,1856.4206175716786,0.02807231040463639
LN03355,Male,Yes,1,Not Graduate,Self-Employed,56687.37179364736,19825.33709821185,129616.97107170326,60.0,1,Rural,26.01752174985339,Approved,2160.2828511950543,0.028234300974081753
LN04926,Male,No,2,Graduate,Salaried,51029.14326944277,7287.305833225191,111387.34645584022,180.0,1,Urban,48.463136294669454,Approved,618.8185914213345,0.010611390112794501
LN04565,Male,No,0,Graduate,Salaried,48587.19139599775,586.5825428463031,152021.44699167335,240.0,1,Urban,48.2980299680559,Approved,633.422695798639,0.012881311419912733
LN01944,Female,Yes,0,Graduate,Salaried,72431.43779712102,19115.65719164282,106671.47227872518,180.0,1,Urban,26.189698079376868,Approved,592.6192904373621,0.00647338171145789
LN01074,Male,Yes,1,Graduate,Self-Employed,79925.3363889428,22318.98069234381,150349.24581279693,360.0,0,Urban,27.18634975981133,Rejected,417.6367939244359,0.004084694444116683
LN05528,Female,Yes,2,Graduate,Self-Employed,56414.97949286176,20960.81494132487,168192.02171463065,120.0,1,Urban,28.760586956153404,Approved,1401.6001809552554,0.018114194383456853
LN04502,Female,Yes,0,Not Graduate,Salaried,28328.2322042484,22777.350472478545,115217.72749399018,60.0,1,Rural,43.223929383966585,Approved,1920.2954582331697,0.03757506240326375
LN04535,Female,Yes,1,Not Graduate,Salaried,47248.24915848072,2865.366398470769,142470.8225812536,360.0,0,Urban,35.24238414872893,Rejected,395.7522849479267,0.007897101028325826
LN03087,Female,Yes,3,Not Graduate,Unemployed,84379.41579587327,34920.94407497453,186610.9036545497,300.0,0,Semiurban,21.0,Rejected,622.0363455151656,0.005214035784875836
LN02102,Male,No,1,Graduate,Salaried,42606.73837450611,10194.255867975256,200241.08458789563,180.0,1,Rural,38.8846494020068,Approved,1112.4504699327535,0.02106874095635352
LN04619,Male,Yes,1,Graduate,Salaried,57883.62485004604,0.0,88233.30103482601,240.0,1,Semiurban,41.3047683070337,Approved,367.6387543117751,0.006351342979369106
LN05322,Female,Yes,0,Not Graduate,Salaried,81683.96488087086,16426.8841220163,124406.57994532412,360.0,0,Rural,23.63582920255068,Rejected,345.5738331814559,0.003522279510304579
LN01768,Female,Yes,2,Graduate,Salaried,62464.09613568972,21938.234538591023,103851.1550812953,180.0,0,Rural,23.40378086151329,Rejected,576.9508615627517,0.006835721916131416
LN04172,Male,No,0,Not Graduate,Salaried,50316.52097502526,21400.26618384329,116977.63159962084,180.0,0,Urban,30.20840968434085,Rejected,649.8757311090047,0.009061696108463227
LN04194,Female,Yes,2,Not Graduate,Salaried,15000.0,11653.961454697044,241431.26312209124,180.0,1,Semiurban,34.07763493718247,Approved,1341.284795122729,0.05032215557910487
LN02466,Male,Yes,0,Graduate,Salaried,44734.27791642837,21037.13240544196,238751.85105637327,300.0,0,Urban,21.853570884674824,Rejected,795.8395035212442,0.012100082689828097
LN01034,Male,No,2,Not Graduate,Salaried,50336.27075401252,31053.559623618065,253497.38695348392,240.0,1,Urban,26.3835987396404,Approved,1056.239112306183,0.012977531804716511
LN02885,Male,No,0,Graduate,Salaried,50005.39647696739,19289.67948548517,213584.83957612788,60.0,1,Urban,36.79978101808358,Approved,3559.747326268798,0.051370855386573815
LN03788,Male,Yes,0,Graduate,Salaried,63621.25485542165,0.0,89720.88244881223,300.0,0,Semiurban,26.14672915789528,Rejected,299.0696081627074,0.00470078134803123
LN00737,Male,No,1,Graduate,Self-Employed,79653.81967891028,18319.184477078878,118501.49840721552,120.0,0,Urban,48.73866120932178,Rejected,987.512486726796,0.010079434587455475
LN03900,Male,Yes,0,Graduate,Salaried,48877.62506478439,24346.54707336624,177990.58809653803,180.0,1,Urban,28.8499689660966,Approved,988.8366005363224,0.0135042373530793
LN03920,Female,Yes,1,Not Graduate,Salaried,97110.06629588526,4703.890289105993,156634.23095665383,120.0,0,Semiurban,21.55438348011908,Rejected,1305.2852579721152,0.012820297941004796
LN02578,Male,No,1,Graduate,Salaried,65612.72808980272,0.0,184014.35828588784,360.0,0,Semiurban,47.55190932086072,Rejected,511.1509952385773,0.007790424360026243
LN00059,Male,Yes,3,Not Graduate,Self-Employed,79510.90254244718,20980.99155047466,164196.39438023607,300.0,0,Rural,29.54668414534884,Rejected,547.3213146007869,0.005446422515379154
LN00637,Male,Yes,0,Graduate,Salaried,61466.35934376808,1878.3679880448217,192721.8875570278,360.0,1,Semiurban,31.256560302241777,Approved,535.3385765472995,0.008451193952467177
LN02323,Male,Yes,1,Graduate,Self-Employed,93489.84866695074,31414.286277223146,137134.17497053664,60.0,0,Urban,27.306041460843943,Rejected,2285.569582842277,0.018298590225726444
LN03429,Male,No,0,Not Graduate,Unemployed,82026.45915471524,35268.171160423924,209423.7483251762,120.0,1,Semiurban,40.59041100507567,Approved,1745.1979027098016,0.014878753596996927
LN02404,Female,No,2,Graduate,Salaried,93469.04180597074,28523.625459261508,116221.57357043918,60.0,1,Urban,35.97059264689047,Approved,1937.0262261739865,0.015878218499498588
LN02366,Male,No,3,Graduate,Unemployed,49283.97073895404,20686.446160127707,119337.30926749644,300.0,1,Urban,36.74043273718892,Approved,397.7910308916548,0.005685131638780834
LN05665,Male,Yes,2,Graduate,Salaried,31274.922701437645,7462.92355138254,230503.80615948245,60.0,0,Rural,28.66964358609322,Rejected,3841.730102658041,0.09917252698008103
LN05605,Female,Yes,1,Not Graduate,Salaried,64411.67075474722,4222.560650696565,141852.18445970796,360.0,1,Rural,44.71656666256532,Approved,394.033845721411,0.005741068817303865
LN02033,Male,No,1,Graduate,Self-Employed,70109.40318333254,22853.45603010283,64175.1211428067,120.0,0,Urban,41.7922834569553,Rejected,534.7926761900559,0.0057527563234927425
LN03187,Male,Yes,1,Not Graduate,Salaried,77873.95378778221,18916.98016010473,184764.63633321927,360.0,1,Urban,31.719428450796133,Approved,513.2351009256091,0.005302512125794128
LN05570,Male,Yes,0,Graduate,Self-Employed,59944.27778666197,24937.40262867957,253041.32819513296,300.0,0,Semiurban,47.32926519404836,Rejected,843.4710939837765,0.009937021626533767
LN04352,Male,Yes,3,Graduate,Salaried,55018.56310693918,13662.206274787604,170854.02490043224,300.0,1,Urban,37.407040398601005,Approved,569.5134163347741,0.008292181661061864
LN05508,Male,No,0,Graduate,Salaried,55457.87984438148,26850.06983583016,163919.28476604412,60.0,1,Urban,38.134645799035326,Approved,2731.988079434069,0.033192274744402846
LN02823,Male,Yes,1,Graduate,Salaried,31896.2030639285,8510.014795268424,174095.08160201693,180.0,0,Semiurban,30.25940088121341,Rejected,967.194897788983,0.02393678371876714
LN04520,Female,Yes,3,Graduate,Salaried,50245.89254102511,10887.395695165167,154035.68633632234,360.0,0,Urban,43.88599573071436,Rejected,427.8769064897843,0.0069990821504099235
LN01936,Female,Yes,3,Graduate,Salaried,65074.79322989147,0.0,98133.69008493288,300.0,1,Urban,22.948699751658467,Approved,327.1123002831096,0.005026712864495953
LN03808,Male,No,3,Graduate,Salaried,73099.51168443379,0.0,194365.4481229873,120.0,1,Rural,41.33271943159996,Approved,1619.7120676915608,0.022157631841424066
LN02703,Male,Yes,1,Not Graduate,Unemployed,80474.19092213962,21381.86998848573,188147.91283569855,360.0,0,Urban,22.040443097457526,Rejected,522.6330912102737,0.005131094669652143
LN00454,Male,No,1,Graduate,Self-Employed,49394.84763255119,0.0,128776.204120411,60.0,0,Rural,26.0274709492958,Rejected,2146.2700686735166,0.043451294447543254
LN00739,Male,Yes,0,Graduate,Self-Employed,80287.4013003626,4720.762349892611,197018.4844311649,300.0,1,Semiurban,39.71051283810803,Approved,656.7282814372163,0.007725473098550396
LN02606,Male,Yes,1,Graduate,Self-Employed,47905.10670923574,786.5005468145282,121225.48934519391,300.0,1,Rural,40.88155153378731,Approved,404.0849644839797,0.008298862725131535
LN05596,Female,Yes,1,Graduate,Salaried,68188.77061284505,0.0,119746.81546390148,120.0,1,Urban,40.70422187353221,Approved,997.8901288658457,0.014634229652438817
LN03782,Female,Yes,1,Graduate,Salaried,39148.44610658848,3902.4987211172574,129786.08778939606,360.0,1,Semiurban,25.29590076739545,Approved,360.51691052610016,0.008374192760900498
LN05245,Male,No,0,Graduate,Unemployed,59733.90729242729,14206.238599796878,129575.02409218968,180.0,0,Urban,21.17616781120035,Rejected,719.8612449566093,0.00973572930199361
LN03689,Male,No,0,Graduate,Salaried,56965.71132845541,17932.84429004852,124334.34554971696,60.0,1,Urban,38.54025635959773,Approved,2072.239092495283,0.02766727709744151
LN03915,Male,Yes,0,Graduate,Salaried,58163.1047133009,17899.11174037663,175580.25451845102,180.0,0,Rural,33.67858191315773,Rejected,975.445858435839,0.012824315460618914
LN00738,Female,Yes,1,Graduate,Salaried,93309.48888925152,44354.06206388468,263704.678457162,60.0,1,Urban,43.34118247174058,Approved,4395.077974286033,0.03192622843051766
LN05582,Female,No,1,Graduate,Self-Employed,92870.8301824106,10641.426450185932,156527.11462141792,240.0,0,Rural,41.25933097226911,Rejected,652.1963109225746,0.006300667497158928
LN04137,Male,Yes,0,Graduate,Self-Employed,66759.15056464236,0.0,140993.21977950743,240.0,1,Urban,48.821034762047766,Approved,587.471749081281,0.008799868544049804
LN05455,Male,Yes,0,Graduate,Salaried,87989.72853944686,21095.0989621244,195080.97244623725,60.0,1,Semiurban,33.5591391959139,Approved,3251.349540770621,0.02980569906226224
LN04284,Male,Yes,2,Graduate,Salaried,44418.14521246599,16214.78579329058,147927.1018835107,360.0,1,Semiurban,42.326766933180735,Approved,410.9086163430853,0.006776987513667665
LN03428,Male,No,0,Graduate,Salaried,68883.96654581344,0.0,142246.89776507608,240.0,0,Urban,32.23063613887078,Rejected,592.6954073544837,0.008604257813177658
LN04515,Male,Yes,0,Graduate,Salaried,41743.78161406974,24661.396608610485,183805.08068249567,240.0,1,Rural,28.62606954520417,Approved,765.8545028437319,0.011533053947623615
LN00400,Male,No,0,Graduate,Salaried,28111.44682411266,18301.13790470944,187852.80009097085,240.0,0,Urban,47.18755143906554,Rejected,782.7200003790452,0.016864391521228466
LN00443,Female,Yes,1,Graduate,Salaried,58217.59920974423,24017.28697140274,78014.73516909823,120.0,1,Semiurban,26.122760946351093,Approved,650.1227930758185,0.007905681192817952
LN04599,Male,No,0,Graduate,Self-Employed,86203.83816161794,18588.48072678919,115703.2748025191,180.0,1,Rural,31.50320842294248,Approved,642.7959711251061,0.006133998922283767
LN00243,Male,Yes,1,Graduate,Salaried,77315.10388340242,24289.320135322152,196025.47875328397,120.0,1,Rural,34.84111813249041,Approved,1633.5456562773663,0.016077505207611056
LN05613,Male,No,0,Graduate,Self-Employed,61863.16675399485,5827.383578227125,250705.6861679872,120.0,1,Semiurban,42.96961791925763,Approved,2089.2140513998934,0.030864190660973075
LN03739,Male,Yes,1,Graduate,Self-Employed,33039.05776119666,19060.94018848667,20000.0,240.0,1,Semiurban,34.163603594238275,Approved,83.33333333333333,0.0015994882267330271
LN04199,Female,No,2,Not Graduate,Self-Employed,71423.58812438417,18070.03060005362,158911.9871952528,300.0,0,Urban,47.03575485777071,Rejected,529.706623984176,0.005918931780099427
LN05548,Male,Yes,2,Not Graduate,Salaried,50160.86190261034,29519.266323147214,248482.8342475548,120.0,1,Urban,33.58973623911774,Approved,2070.69028539629,0.025987537062307522
LN03278,Male,Yes,0,Graduate,Self-Employed,61591.95724752072,10372.63352003662,158768.2620327667,120.0,1,Urban,41.35518003648665,Approved,1323.068850273056,0.018384997901905866
LN04452,Female,Yes,0,Graduate,Self-Employed,82993.44037757494,24156.53804258344,157692.71144367495,180.0,1,Urban,35.50282606697371,Approved,876.0706191315276,0.008176115684281933
LN00701,Male,No,2,Graduate,Self-Employed,80980.18451673779,13531.464787446992,175276.9438451604,120.0,0,Urban,35.251516285518925,Rejected,1460.6411987096699,0.015454615483522153
LN00523,Male,Yes,1,Graduate,Salaried,71411.97337186319,23070.46416606687,122362.4606466839,240.0,1,Urban,21.0,Approved,509.8435860278496,0.005396173080559786
LN03613,Male,Yes,0,Not Graduate,Salaried,67916.39562191846,0.0,171391.8930268022,300.0,0,Semiurban,41.54995832667712,Rejected,571.3063100893406,0.008411905620989178
LN05629,Female,Yes,1,Graduate,Salaried,67336.28086570885,33068.58884146511,131606.83531517582,360.0,1,Rural,40.71904347662902,Approved,365.57454254215503,0.0036410041027724635
LN02229,Male,No,0,Not Graduate,Salaried,80150.27379673845,22351.321130540917,180620.5826457688,180.0,0,Rural,29.617448143486115,Rejected,1003.4476813653822,0.00978958114824737
LN05241,Male,Yes,3,Graduate,Salaried,43151.34739747347,26378.57775969372,158012.96433208327,300.0,1,Urban,35.24999711831198,Approved,526.7098811069442,0.0075752976853686515
LN01602,Male,Yes,1,Graduate,Salaried,47080.71641750929,19853.5990755319,240839.66183311865,60.0,0,Urban,31.2249859262172,Rejected,4013.9943638853106,0.05996915534756794
LN01507,Male,Yes,2,Not Graduate,Self-Employed,79106.10417141022,7243.933953976089,141975.68898357186,300.0,0,Semiurban,21.01768864321899,Rejected,473.2522966119062,0.0054806263770805835
LN03003,Male,No,0,Graduate,Salaried,97753.7531468038,0.0,197343.07308230895,240.0,1,Urban,39.585281783908194,Approved,822.2628045096207,0.008411572732913587
LN00511,Male,No,2,Not Graduate,Salaried,58995.23781101726,23822.86492599216,155875.88095790482,180.0,0,Urban,22.578226353241124,Rejected,865.9771164328046,0.010456374727428044
LN05171,Female,No,0,Graduate,Salaried,34528.289028068015,18343.747468732985,190830.1785178856,240.0,0,Urban,24.31827897645978,Rejected,795.1257438245233,0.015038682004855858
LN04342,Female,Yes,2,Not Graduate,Unemployed,98966.85289579628,8487.125350168182,127680.0750592242,240.0,0,Urban,40.90029491236904,Rejected,532.0003127467675,0.004950959670650884
LN04404,Female,Yes,0,Not Graduate,Salaried,57496.51143233672,10784.176885597071,199426.3052323721,60.0,1,Semiurban,37.92645184025629,Approved,3323.7717538728684,0.048678064556064035
LN01287,Female,No,2,Not Graduate,Unemployed,70159.82653825087,25472.764085594627,162835.95863978702,360.0,1,Semiurban,47.90834100541369,Approved,452.3221073327417,0.004729790381940752
LN01638,Male,Yes,3,Graduate,Salaried,101250.4983848629,29355.709931636236,233898.2918484349,120.0,1,Urban,21.0,Approved,1949.1524320702908,0.014923888053980506
LN00798,Male,Yes,0,Not Graduate,Self-Employed,60566.36752260922,12178.742230660888,37163.74473552906,300.0,0,Urban,25.233760559791687,Rejected,123.87914911843019,0.0017029206435812884
LN02177,Female,Yes,0,Graduate,Salaried,63694.81157791449,30283.31563486245,56148.04226848456,120.0,1,Rural,34.9516212899592,Approved,467.90035223737135,0.004978821839873367
LN04232,Female,No,3,Not Graduate,Salaried,47782.84720389868,6061.835694183874,199969.0473196395,240.0,0,Urban,41.918395922518044,Rejected,833.2043638318313,0.01547421804691327
LN00969,Male,Yes,2,Graduate,Salaried,31384.49795763904,23264.033173305244,162053.80394016477,60.0,1,Urban,39.43818283599514,Approved,2700.8967323360794,0.04942304351903648
LN05503,Male,Yes,2,Graduate,Self-Employed,32359.648626151247,27592.83711436168,195563.1141518912,180.0,0,Semiurban,33.5080224304515,Rejected,1086.4617452882844,0.01812204668194612
LN01763,Male,Yes,2,Graduate,Salaried,27960.68376205663,21072.89015101693,137614.64007827514,180.0,1,Semiurban,41.85563355145747,Approved,764.5257782126397,0.015591883625859837
LN01564,Male,No,1,Not Graduate,Self-Employed,74736.87794184867,18630.04284806077,115932.4196782395,60.0,1,Semiurban,43.51462041319392,Approved,1932.2069946373251,0.020694770463568154
LN00605,Male,No,0,Not Graduate,Salaried,97535.91625116132,0.0,168259.0520151323,60.0,1,Urban,31.63897240598536,Approved,2804.3175335855385,0.028751639820189297
LN00235,Female,Yes,0,Graduate,Self-Employed,72678.38044636023,24693.693024080545,122413.10740838536,120.0,1,Urban,31.939180891900385,Approved,1020.1092284032113,0.010476404497156833
LN05877,Male,No,0,Graduate,Salaried,67615.56142730103,11946.90846481435,173016.39091907415,120.0,1,Semiurban,25.982399964184324,Approved,1441.8032576589512,0.018121650315959255
LN04872,Male,Yes,2,Graduate,Salaried,35109.14999830554,21887.127445547696,45876.40116486642,300.0,1,Semiurban,26.356684037164108,Approved,152.9213372162214,0.002683005699220681
LN02603,Female,Yes,0,Graduate,Salaried,36206.66681819277,19190.5073475346,175340.12972762372,360.0,1,Semiurban,39.09534411625749,Approved,487.0559159100659,0.008792071495433667
LN05440,Female,Yes,2,Graduate,Salaried,47961.11116129646,14804.696105328978,156238.19314386926,360.0,1,Rural,38.059028134893865,Approved,433.9949809551924,0.0069145128511070904
LN00049,Female,Yes,0,Graduate,Salaried,24739.19689274532,6389.503278344246,126854.18102568365,300.0,0,Semiurban,29.194563112813867,Rejected,422.84727008561214,0.013583839600161875
LN01456,Male,Yes,0,Not Graduate,Self-Employed,75066.83242209065,5903.102115916656,107046.13418173716,300.0,0,Urban,28.42182521135523,Rejected,356.8204472724572,0.004406826426480135
LN03216,Male,Yes,0,Graduate,Salaried,26867.535846444523,27065.357234543026,105786.19818197913,300.0,0,Urban,42.54885277847484,Rejected,352.6206606065971,0.00653813731217959
LN01856,Female,Yes,0,Not Graduate,Self-Employed,87849.30600128658,2939.7762859188115,100542.27410035068,60.0,0,Rural,27.71555547158092,Rejected,1675.704568339178,0.018457115394538245
LN01617,Male,Yes,0,Graduate,Salaried,44964.17899809632,29950.303097358374,88881.85964978731,360.0,1,Rural,49.041393837399255,Approved,246.8940545827425,0.0032956785881287213
LN05355,Male,Yes,2,Graduate,Unemployed,77898.2111205365,29224.229552858214,71803.5367549673,120.0,1,Semiurban,32.92694776004996,Approved,598.3628062913941,0.005585783917262869
LN05597,Female,Yes,2,Graduate,Self-Employed,54466.56456561709,40233.73331399557,121920.06618115657,180.0,0,Urban,26.37087893080129,Rejected,677.3337010064254,0.007152392507439448
LN05644,Male,No,2,Graduate,Salaried,75210.12239168285,20098.87247921195,160993.50711869728,120.0,1,Semiurban,42.98656473565415,Approved,1341.6125593224774,0.014076452711937847
LN01562,Male,Yes,2,Graduate,Salaried,15000.0,24724.439979180104,55706.769106789536,60.0,0,Urban,39.31966387650206,Rejected,928.4461517798256,0.023372164648927253
LN04353,Male,Yes,2,Not Graduate,Self-Employed,26542.12197376852,6395.6153193316695,47823.08230518822,240.0,1,Semiurban,25.46074994693929,Rejected,199.26284293828425,0.006049682197812232
LN02228,Female,Yes,0,Graduate,Salaried,22669.200972787672,12534.289457404257,131465.1042391909,360.0,0,Urban,21.0,Rejected,365.1808451088636,0.010373427198448191
LN03116,Female,Yes,3,Graduate,Unemployed,56114.61736042961,31129.781705930545,132466.33031707018,240.0,0,Urban,24.07706785405616,Rejected,551.9430429877924,0.006326400879533498
LN00718,Female,Yes,0,Graduate,Salaried,52727.75575572289,32445.838700752483,246904.74496965695,240.0,0,Urban,36.8722205752116,Rejected,1028.769770706904,0.012078505988526955
LN02046,Male,Yes,2,Not Graduate,Salaried,60004.14129836394,8707.793271526376,134302.39065420697,360.0,1,Semiurban,37.6237560837904,Approved,373.06219626168604,0.005429365343835953
LN01815,Male,Yes,1,Graduate,Salaried,42176.155491694255,16514.073960720187,97905.65337613158,240.0,0,Urban,29.96446915113768,Rejected,407.94022240054824,0.006950734836218401
LN04325,Female,Yes,3,Not Graduate,Self-Employed,80726.0578414496,1858.0047037689076,188592.52429033973,300.0,0,Semiurban,48.03413106534162,Rejected,628.6417476344658,0.007612143654113117
LN01384,Female,No,2,Graduate,Self-Employed,74841.90744018614,12510.263447193249,71032.74189648699,300.0,0,Urban,37.52133578876512,Rejected,236.7758063216233,0.002710588688481382
LN00495,Male,No,2,Graduate,Self-Employed,70778.20087369317,18814.25617534342,122865.15630486932,240.0,1,Urban,39.14335146857201,Approved,511.9381512702888,0.00571407647621596
LN05650,Male,Yes,3,Graduate,Salaried,56477.751320802745,29911.6640428018,122779.94902105436,360.0,0,Urban,42.44192014975639,Rejected,341.0554139473732,0.003947884269292766
LN03446,Female,No,1,Graduate,Self-Employed,57769.82345714112,6997.772646000963,135370.2625046195,60.0,1,Urban,47.20597949554725,Approved,2256.171041743658,0.034834873879690025
LN05820,Male,Yes,2,Graduate,Self-Employed,60674.38109802106,9538.338957819804,136608.02837158443,120.0,1,Semiurban,29.92253033725936,Approved,1138.4002364298701,0.01621358972454691
LN02760,Female,No,1,Graduate,Self-Employed,72590.59168443622,24714.1235767236,115275.07948759744,360.0,0,Urban,46.36319699906625,Rejected,320.2085541322151,0.003290781472129025
LN02428,Male,Yes,0,Graduate,Salaried,82487.06719741006,0.0,111870.9285251476,60.0,1,Urban,27.475659781113368,Approved,1864.5154754191267,0.022603730969812795
LN00773,Female,No,2,Graduate,Salaried,79451.0889925346,3318.2217214979974,186153.5162067789,180.0,1,Urban,34.067365732457105,Approved,1034.1862011487717,0.012494802629465866
LN00839,Female,Yes,0,Not Graduate,Self-Employed,55720.22311548982,12419.91463802391,167914.99074663842,60.0,0,Semiurban,40.47948614655454,Rejected,2798.5831791106402,0.04107099385730737
LN00644,Male,Yes,1,Graduate,Salaried,55085.13871828112,5216.920501775021,165469.522122991,360.0,0,Urban,43.07191593488801,Rejected,459.6375614527528,0.00762225316013553
LN03059,Male,Yes,0,Graduate,Salaried,52086.38576487472,26516.65583047476,103129.31057818436,60.0,1,Semiurban,32.11599790259903,Approved,1718.8218429697395,0.02186711618385303
LN04351,Male,Yes,0,Not Graduate,Self-Employed,60949.86936503286,0.0,79008.73432712152,300.0,0,Urban,36.01565926738542,Rejected,263.3624477570717,0.004320968207163437
LN04158,Male,Yes,1,Graduate,Unemployed,47003.46229005127,20025.46246454182,157592.37748207853,180.0,0,Urban,34.70915945090644,Rejected,875.5132082337697,0.013061722404755957
LN05844,Female,Yes,0,Graduate,Salaried,74419.93905811271,15714.208325810932,47811.56492367518,120.0,0,Semiurban,35.98363402199193,Rejected,398.42970769729317,0.004420408016954929
LN05394,Female,Yes,1,Graduate,Salaried,31778.863378678365,6656.618134173374,139404.47032612594,300.0,0,Rural,37.81579576634013,Rejected,464.68156775375314,0.012089911442852012
LN04257,Male,No,1,Not Graduate,Salaried,88489.91642493896,12377.66430617144,21492.622570982363,180.0,0,Rural,37.46825188931906,Rejected,119.40345872767979,0.0011837644747917742
LN04357,Female,Yes,3,Not Graduate,Salaried,53518.6364958206,0.0,115421.92986531132,120.0,0,Semiurban,40.312552593231885,Rejected,961.849415544261,0.017972233198044463
LN03919,Female,Yes,2,Graduate,Salaried,58811.69637455012,15954.620413582965,117579.25955205936,360.0,0,Urban,34.9330897801813,Rejected,326.609054311276,0.004368398342221338
LN04831,Male,Yes,2,Not Graduate,Salaried,36273.27145780291,17845.667904745264,191078.20623123072,300.0,1,Urban,33.37311969205059,Approved,636.9273541041024,0.011769028765276838
LN02854,Female,Yes,3,Graduate,Salaried,84359.18304611117,13495.318585050178,171838.38755552488,180.0,1,Semiurban,42.38047364592616,Approved,954.6577086418049,0.009755889537306665
LN01858,Male,No,1,Not Graduate,Salaried,65773.87258559714,0.0,155631.834091282,300.0,1,Urban,41.4257685382281,Approved,518.7727803042734,0.00788721660913534
LN02394,Male,Yes,3,Not Graduate,Self-Employed,58331.24060419278,6626.192103175332,164806.67949428025,360.0,0,Urban,40.52881756918853,Rejected,457.79633192855624,0.007047635857022232
LN01244,Male,Yes,1,Graduate,Salaried,47014.449098679856,21989.53071717421,149854.24242926028,300.0,1,Urban,40.54107006568849,Approved,499.5141414308676,0.007238917853200423
LN02234,Female,Yes,2,Not Graduate,Salaried,35776.56141438437,25561.01251669989,177571.82690877726,360.0,1,Urban,31.71692892947217,Approved,493.2550747466035,0.008041646304772332
LN01301,Male,No,3,Graduate,Salaried,79840.84699073045,9850.612935667275,153434.03548252693,300.0,1,Urban,37.02532759249621,Approved,511.44678494175645,0.005702290779539747
LN00705,Female,No,0,Graduate,Salaried,72120.1990269128,3369.5734971539823,196945.4416019779,360.0,0,Urban,35.97175813454664,Rejected,547.0706711166052,0.0072469508494305565
LN03141,Female,Yes,1,Not Graduate,Salaried,17455.451592970094,13228.31884885238,99575.9286356842,240.0,0,Urban,28.160846013174076,Rejected,414.8997026486842,0.013521796593914325
LN00744,Male,Yes,2,Graduate,Salaried,70353.18040938246,4986.85345802033,165334.84710149188,120.0,0,Urban,32.38966326620855,Rejected,1377.7903925124324,0.018287626402416022
LN02960,Female,Yes,2,Graduate,Salaried,43509.71676944653,19604.15649842824,181446.95548482367,360.0,1,Urban,43.73135637178724,Approved,504.0193207911769,0.00798587211803597
LN04444,Male,Yes,2,Graduate,Self-Employed,21264.9459499507,19867.4150215806,129364.03604026178,60.0,0,Semiurban,41.74505877383746,Rejected,2156.067267337696,0.052417785325524165
LN04715,Male,Yes,1,Graduate,Salaried,59242.13836566338,0.0,143247.7699068613,240.0,0,Rural,31.44242828505037,Rejected,596.8657079452554,0.010075019646677669
LN01407,Male,Yes,2,Graduate,Salaried,90026.67303910974,21994.64246895702,99601.8882543181,360.0,0,Semiurban,21.50448226637143,Rejected,276.67191181755027,0.0024698148790943887
LN04332,Female,Yes,3,Graduate,Salaried,75094.66596135618,33955.07345991355,68539.54804599732,60.0,0,Rural,34.92514357523794,Rejected,1142.325800766622,0.010475273089408372
LN03385,Male,Yes,0,Not Graduate,Salaried,48721.05023883514,18666.06247013805,193802.2888335964,240.0,0,Urban,36.02556509008643,Rejected,807.5095368066517,0.01198314491220403
LN05070,Female,No,0,Graduate,Salaried,36421.5301740335,8024.580575248854,198130.67873558163,240.0,1,Urban,31.50366841659795,Approved,825.5444947315901,0.018574054755621554
LN02556,Male,Yes,0,Graduate,Salaried,15000.0,11475.462683622582,65896.63581511073,120.0,0,Urban,27.89551686271245,Rejected,549.1386317925894,0.020741417755553725
LN02584,Male,Yes,0,Graduate,Salaried,81929.38467621767,12340.79925804448,100827.51182610144,360.0,0,Urban,29.83628660486539,Rejected,280.07642173917066,0.002970996873565852
LN00335,Male,Yes,2,Graduate,Salaried,57058.852369957225,15840.943882501964,84285.74510959399,300.0,1,Rural,42.10623187263979,Approved,280.95248369864663,0.0038539543063423726
LN03487,Male,No,0,Not Graduate,Salaried,73298.54324603482,26951.774115114164,293704.13490049564,360.0,1,Urban,37.78410728701421,Approved,815.8448191680435,0.008138077171656077
LN02902,Male,No,0,Graduate,Salaried,48603.34143522482,5233.796841364439,124917.66606017711,60.0,0,Rural,21.0,Rejected,2081.961101002952,0.03867146671702421
LN02162,Female,No,0,Not Graduate,Self-Employed,69964.4349699357,22907.59312232529,155501.74119664246,240.0,1,Urban,21.0,Approved,647.9239216526769,0.006976523878740065
LN04893,Female,Yes,1,Graduate,Self-Employed,57519.57225220006,20245.846830476148,103400.44373582302,120.0,0,Urban,26.864500557358543,Rejected,861.6703644651918,0.011080379616409038
LN00488,Female,Yes,2,Graduate,Salaried,93742.83270145128,19022.68077201298,149472.17825595735,300.0,1,Urban,32.228938948642075,Approved,498.2405941865245,0.004418377381873665
LN01966,Male,Yes,0,Graduate,Salaried,56053.23159385348,25302.49693969567,199797.7464113203,60.0,1,Rural,29.850271992722263,Approved,3329.9624401886713,0.04093089079542168
LN05270,Female,No,3,Graduate,Salaried,85815.16848244856,33701.386928213054,89533.77661107933,180.0,0,Urban,31.53585126348948,Rejected,497.4098700615518,0.004161849112471826
LN05728,Male,Yes,1,Graduate,Self-Employed,62717.18848163314,9998.473187852704,152069.2881153557,60.0,0,Rural,36.103708968308695,Rejected,2534.4881352559287,0.034854776496099645
LN04636,Female,Yes,0,Not Graduate,Salaried,70464.46371474066,7068.653363860632,249163.632796038,120.0,1,Urban,38.79656393129434,Approved,2076.36360663365,0.02678034477226912
LN05017,Female,Yes,2,Graduate,Self-Employed,100843.5582106946,7525.707467507953,174426.00692370045,120.0,1,Rural,39.72584136969557,Approved,1453.5500576975037,0.013412936302565272
LN01874,Male,No,1,Graduate,Salaried,86206.17492239217,43242.20426395203,156472.3321273722,300.0,1,Semiurban,25.23703646617001,Approved,521.574440424574,0.004029207964618503
LN01172,Male,Yes,2,Not Graduate,Salaried,62084.02207903752,13315.80287971119,120702.4615643094,240.0,1,Urban,40.89133899120936,Approved,502.9269231846225,0.00667013382935271
LN05969,Male,Yes,1,Graduate,Self-Employed,48155.18310374371,0.0,96926.3513538186,300.0,1,Urban,29.230343459775654,Approved,323.087837846062,0.0067093055621866024
LN02115,Female,No,0,Graduate,Self-Employed,49735.72867056829,13402.515020084134,169301.230935428,180.0,0,Rural,46.00161319868316,Rejected,940.5623940857112,0.014896872942713179
LN05479,Male,No,3,Graduate,Salaried,81979.66714883929,2741.077365600542,119194.9923380358,240.0,0,Urban,29.013663262510683,Rejected,496.6458014084825,0.005862151049957239
LN01603,Male,Yes,0,Graduate,Salaried,44016.15986699493,6508.951490097765,217383.9042756312,180.0,1,Urban,39.65171735116687,Approved,1207.6883570868401,0.023902735187486236
LN02514,Female,Yes,1,Graduate,Salaried,57490.914799942,10676.988141904589,141803.7011622242,300.0,1,Urban,38.2416112982138,Approved,472.67900387408065,0.006934040559782494
LN04648,Male,Yes,0,Graduate,Unemployed,27665.732501039714,11371.44372626393,170826.17723575857,300.0,1,Semiurban,41.56702651004375,Approved,569.4205907858619,0.014586623465546514
LN05194,Male,Yes,0,Graduate,Salaried,23068.53904391166,11538.957282199848,99715.24563409032,300.0,1,Urban,46.20786208411141,Approved,332.3841521136344,0.009604397526522285
LN04109,Male,Yes,2,Graduate,Salaried,64636.84184269696,28134.731613252367,150962.96545156062,300.0,0,Rural,34.014008859502304,Rejected,503.2098848385354,0.005424181848952624
LN01099,Female,Yes,1,Graduate,Self-Employed,66929.76951795985,929.128052159831,151967.78774970977,180.0,0,Semiurban,38.7765372105774,Rejected,844.2654874983875,0.012441485460709034
LN04933,Male,Yes,0,Graduate,Salaried,82447.48437406319,16026.905167485873,221587.47421205396,300.0,1,Rural,34.46950167818722,Approved,738.6249140401799,0.0075006803035680015
LN03529,Male,No,0,Not Graduate,Self-Employed,38973.80176721311,13480.48876528014,182840.291425474,300.0,0,Urban,39.75619964236802,Rejected,609.4676380849133,0.011619023570767266
LN03596,Male,Yes,2,Graduate,Salaried,40532.42323945931,5271.721074170429,170220.40770357085,240.0,1,Semiurban,35.30878603484266,Approved,709.2516987648785,0.01548444380727858
LN04365,Male,No,0,Not Graduate,Salaried,101958.78678264862,21457.976416037112,196735.88729142465,360.0,1,Semiurban,38.60545531036269,Approved,546.4885758095129,0.004427993099525174
LN01063,Female,Yes,0,Graduate,Salaried,25205.724424438005,16171.242161498514,207506.8401839808,300.0,0,Rural,38.00710014233609,Rejected,691.689467279936,0.01671677564481085
LN04262,Male,Yes,0,Graduate,Self-Employed,75190.29774972216,20910.905313252217,132289.51191672756,240.0,1,Rural,46.61628444103273,Approved,551.2062996530315,0.005735685736335998
LN04056,Male,Yes,3,Graduate,Salaried,89243.91877435273,12774.25072775147,151001.48744121738,180.0,0,Urban,35.66081317939327,Rejected,838.8971524512077,0.008223017101222394
LN00363,Male,No,1,Graduate,Self-Employed,68034.23444197883,21832.12404001069,125355.75438081408,300.0,1,Urban,22.37872459356613,Approved,417.8525146027136,0.004649710099096283
LN00097,Male,No,1,Not Graduate,Salaried,65221.105443597786,15874.737536807392,119905.14195336933,120.0,1,Urban,27.145528679697293,Approved,999.2095162780777,0.012321340768595404
LN02875,Female,Yes,1,Not Graduate,Salaried,41806.33166036333,11669.523790244775,132007.97696098062,120.0,1,Semiurban,38.15061455703582,Approved,1100.0664746748384,0.020571273996558927
LN01626,Male,No,0,Graduate,Salaried,51053.562086824975,26017.37861786209,118359.62003889088,60.0,0,Urban,44.70833328094624,Rejected,1972.6603339815147,0.02559538414796522
LN04532,Male,Yes,2,Graduate,Salaried,70016.63182008424,10652.053066277833,145609.5824182573,300.0,0,Urban,37.94931966233349,Rejected,485.36527472752437,0.006016774358119984
LN04385,Male,Yes,0,Graduate,Unemployed,51912.76014619954,13646.657660768902,43831.073080088594,120.0,1,Semiurban,32.548454663956534,Approved,365.2589423340716,0.005571418333968907
LN05892,Male,No,1,Not Graduate,Salaried,32018.43143631049,5873.212393041329,138661.96016749277,180.0,0,Semiurban,41.26524432326541,Rejected,770.3442231527376,0.020330187484661453
LN01166,Male,Yes,1,Graduate,Salaried,87685.45637021036,33978.87292658706,182480.24325564428,300.0,0,Urban,35.508091618012855,Rejected,608.2674775188143,0.004999554767075231
LN00322,Male,No,2,Graduate,Salaried,43635.58633533055,11121.242181375304,51020.28620737359,60.0,1,Semiurban,42.81020039236217,Approved,850.3381034562265,0.015529352712544253
LN00520,Male,Yes,1,Graduate,Salaried,26611.894377572564,11518.426031826868,150159.8995307644,180.0,0,Urban,37.935096069437975,Rejected,834.2216640598023,0.021878170838925338
LN05584,Male,No,2,Graduate,Self-Employed,83350.19645972892,20553.9886065174,130543.2452011718,360.0,0,Rural,36.77255312196824,Rejected,362.62012555881057,0.0034899472559995004
LN04673,Male,Yes,0,Graduate,Salaried,38897.84649039101,5798.477685423142,137543.94982556405,240.0,0,Semiurban,21.0,Rejected,573.0997909398502,0.012822078806425944
LN00781,Male,Yes,0,Graduate,Salaried,33293.11282579797,15087.884426320716,81806.60331853293,60.0,0,Urban,38.4667979207313,Rejected,1363.4433886422155,0.028181382486540375
LN02766,Male,No,0,Graduate,Salaried,59327.74870592574,25156.27883994471,158339.68322654965,240.0,1,Urban,31.060628908470505,Approved,659.7486801106236,0.007809152798171396
LN01463,Male,Yes,2,Not Graduate,Self-Employed,42989.590915814,3483.1889096565646,94640.83650591198,360.0,0,Rural,37.037689977221206,Rejected,262.8912125164222,0.00565688589113273
LN05848,Male,Yes,2,Graduate,Salaried,41570.97953142157,0.0,163078.87420327036,360.0,1,Semiurban,34.74259565438395,Approved,452.9968727868621,0.010896949696469453
LN03525,Male,Yes,1,Graduate,Salaried,36522.40071182055,6806.131695012093,204871.13437113533,120.0,1,Semiurban,35.04853497053314,Approved,1707.2594530927943,0.039402660516227636
LN03488,Male,No,1,Graduate,Salaried,41508.717712438,10197.855658676006,163308.893260209,180.0,0,Urban,40.6499066795177,Rejected,907.2716292233833,0.01754654331300617
LN02019,Male,No,1,Graduate,Unemployed,35214.83210293055,24778.47564654332,143334.2096740947,300.0,1,Urban,30.225605683702035,Approved,477.78069891364896,0.007963899922118213
LN03219,Male,Yes,1,Graduate,Self-Employed,74429.58647514686,10865.512965282049,194040.3426742111,360.0,0,Urban,31.973805415625502,Rejected,539.0009518728086,0.006319248765859675
LN00353,Female,No,0,Graduate,Salaried,56801.229400731456,22344.76745001218,140132.2422332668,300.0,0,Urban,33.95095324328932,Rejected,467.1074741108893,0.005901845863307243
LN04032,Male,Yes,1,Graduate,Self-Employed,36976.92526894261,20043.6506571841,116389.05637237975,60.0,1,Urban,49.26341408634588,Approved,1939.8176062063292,0.03401960739083852
LN03960,Female,No,1,Graduate,Salaried,45367.36522182944,4293.3359380982165,79150.49301595046,120.0,0,Urban,32.250563979086735,Rejected,659.5874417995872,0.013281879361216576
LN02295,Male,No,2,Graduate,Salaried,70450.28210531516,25274.79343352692,171500.67619056776,180.0,0,Rural,32.71141747759234,Rejected,952.7815343920431,0.009953311909432088
LN05373,Female,Yes,1,Not Graduate,Self-Employed,58642.57236601036,12453.920139861164,192864.5752061508,300.0,0,Urban,23.36661244701721,Rejected,642.881917353836,0.009042385843447106
LN05120,Male,Yes,1,Graduate,Salaried,32388.025882006976,19133.72029130396,141154.99547545786,180.0,0,Urban,25.5478154294816,Rejected,784.1944193080992,0.015220649095824396
LN04731,Female,Yes,3,Not Graduate,Self-Employed,59002.39691743765,18367.122954206112,139221.52693201156,240.0,1,Urban,37.47356891285576,Approved,580.0896955500482,0.007497651484879557
LN03214,Male,Yes,0,Not Graduate,Salaried,74712.43994491494,8827.142931211129,168221.3038567674,180.0,1,Urban,35.797119098149295,Approved,934.5627992042633,0.011187065664309687
LN01197,Female,Yes,2,Graduate,Self-Employed,71049.79908834296,13956.415505619134,180923.1196194109,300.0,0,Rural,42.441446279578855,Rejected,603.0770653980363,0.007094505599133834
LN02927,Female,Yes,0,Not Graduate,Salaried,64294.26366341053,11998.712131718,180201.24234747764,120.0,1,Urban,35.13930042903946,Approved,1501.6770195623137,0.01968303115603729
LN01457,Male,No,1,Graduate,Self-Employed,67623.16769765556,22595.00037516122,151374.38166804065,60.0,0,Semiurban,46.23631197120163,Rejected,2522.9063611340107,0.02796450443438095
LN02489,Female,Yes,2,Graduate,Self-Employed,21606.53687604687,7765.133775802,52412.86954947753,300.0,1,Semiurban,27.80563863760677,Approved,174.7095651649251,0.0059482338351062635
LN02758,Male,Yes,3,Graduate,Salaried,37387.69330124947,16633.346806775386,111318.0077530935,360.0,1,Urban,40.98717020409461,Approved,309.2166882030375,0.005724004713435779
LN00724,Male,Yes,1,Not Graduate,Salaried,63417.30876255884,10008.610485296344,184388.19242808843,300.0,1,Urban,31.14393451697766,Approved,614.6273080936281,0.008370713154014504
LN00671,Male,Yes,2,Graduate,Salaried,18532.195351837014,8343.065351064532,156577.58200887477,120.0,0,Rural,46.01960640826457,Rejected,1304.8131834072897,0.04855071725002532
LN00310,Female,No,0,Graduate,Salaried,55646.3759354556,13149.023505787813,231750.35828657093,180.0,0,Urban,46.87055154938176,Rejected,1287.5019904809496,0.01871494316390409
LN04046,Male,Yes,2,Graduate,Salaried,74014.01224241167,19508.123363318,104576.78312386115,300.0,0,Semiurban,26.37628243124308,Rejected,348.58927707953717,0.0037273451340880275
LN00854,Male,Yes,1,Graduate,Salaried,88410.0849597971,15223.39239318608,91550.954489375,120.0,0,Urban,39.367327904980186,Rejected,762.9246207447917,0.007361758383791512
LN00672,Male,No,0,Not Graduate,Self-Employed,53146.24811839302,18690.16437825167,134468.53800815597,240.0,0,Semiurban,25.29908512611243,Rejected,560.2855750339833,0.00779946486136335
LN04563,Male,No,0,Graduate,Salaried,64386.04674400872,13479.81094367302,119504.8646525399,240.0,1,Urban,21.0,Approved,497.93693605224956,0.006394804486061963
LN03847,Male,Yes,0,Graduate,Self-Employed,50741.20975949484,17509.51020712043,228479.20331405397,240.0,0,Urban,30.91301091246984,Rejected,951.9966804752249,0.01394852216857042
LN00558,Female,Yes,2,Graduate,Salaried,67889.04284756594,21852.90084710968,93917.68817334026,60.0,1,Urban,30.318273125986916,Approved,1565.2948028890044,0.01744217629400279
LN02081,Male,Yes,1,Graduate,Salaried,72024.1349785823,26381.503309676184,241605.98037886503,300.0,0,Semiurban,26.76852901375644,Rejected,805.3532679295502,0.00818401548873082
LN00542,Female,Yes,3,Not Graduate,Salaried,70596.08355830566,0.0,133815.86229794062,360.0,1,Urban,36.40446554838102,Approved,371.7107286053906,0.005265316570973698
LN01392,Male,Yes,2,Graduate,Self-Employed,100267.74495053246,1922.2343485233923,172716.57165761144,240.0,1,Semiurban,40.0623334307457,Approved,719.6523819067144,0.0070422989303156
LN00811,Male,Yes,3,Graduate,Self-Employed,51205.3788345165,662.699751897715,134845.36401541368,180.0,1,Rural,29.787066918549485,Approved,749.1409111967426,0.014443197658626299
LN03648,Male,No,3,Graduate,Salaried,75657.47469897145,18149.71871555332,28512.235115872754,60.0,0,Urban,32.7466190916194,Rejected,475.20391859787924,0.005065751370451942
LN03737,Female,Yes,1,Graduate,Salaried,56812.75535708187,10033.489478717533,165661.91245003557,300.0,0,Semiurban,27.335555179244366,Rejected,552.206374833452,0.008260843614923881
LN04464,Male,No,2,Not Graduate,Self-Employed,48399.67334692631,12321.012658415011,109511.97292000338,300.0,1,Semiurban,37.677339350872046,Rejected,365.0399097333446,0.00601178830063339
LN03902,Male,No,2,Graduate,Salaried,93381.39051652662,3826.7299106876544,204337.94885132823,240.0,0,Urban,34.42750821194539,Rejected,851.4081202138676,0.00875861107561862
LN05453,Female,No,0,Not Graduate,Salaried,37837.75083482261,4674.667237905895,109296.43887539086,120.0,0,Rural,48.93899692525867,Rejected,910.8036572949238,0.02142441429082576
LN02752,Male,Yes,1,Graduate,Salaried,50683.888617636745,21190.8316938801,151547.40441339152,120.0,1,Semiurban,25.36883017774128,Approved,1262.8950367782627,0.01757078192867629
LN01596,Male,No,0,Not Graduate,Salaried,72383.08522010395,0.0,158350.14608478692,360.0,0,Semiurban,22.26656621155174,Rejected,439.8615169021859,0.0060768550492790695
LN01458,Male,Yes,2,Not Graduate,Salaried,85795.05508165491,8832.246384802922,187523.49309675477,240.0,0,Rural,29.282784089226105,Rejected,781.3478879031449,0.008257108422140794
LN03369,Male,Yes,1,Graduate,Salaried,62621.303724316975,18692.637776499047,89207.80085873159,360.0,1,Rural,39.79957444575396,Approved,247.79944682980997,0.003047441093816897
LN01328,Male,Yes,1,Graduate,Salaried,35806.10514317785,1243.6591121363815,152769.8455891667,360.0,0,Urban,27.815626713358604,Rejected,424.36068219212973,0.011453802492987835
LN02011,Male,Yes,0,Not Graduate,Salaried,44745.50442867572,19310.22958010893,245964.06500722296,120.0,0,Urban,36.07512058079667,Rejected,2049.700541726858,0.03199870508775624
LN02009,Male,Yes,2,Not Graduate,Salaried,78751.40275253117,25309.193383669077,245095.65743312504,120.0,1,Urban,28.63370547505593,Approved,2042.4638119427086,0.019627638969792364
LN03150,Male,No,0,Not Graduate,Self-Employed,76839.67390904254,21586.319527905096,179513.5155537661,300.0,1,Semiurban,35.20834247519302,Approved,598.3783851792203,0.006079475190286452
LN04376,Male,Yes,1,Graduate,Self-Employed,15000.0,24606.13232503485,231730.2755880601,120.0,1,Urban,22.94220211469873,Approved,1931.0856299005006,0.04875723824918573
LN03034,Male,Yes,1,Graduate,Salaried,61179.684431791946,14706.482978843054,100197.7529915054,300.0,0,Urban,21.37380747641234,Rejected,333.9925099716847,0.004401230439855863
LN05715,Female,Yes,0,Graduate,Salaried,51484.887906968186,0.0,171467.53568306353,180.0,1,Rural,38.187200766888765,Approved,952.597420461464,0.01850246663026211
LN02174,Female,Yes,1,Graduate,Salaried,43297.14196739954,10292.44900875218,70588.645064609,360.0,1,Semiurban,29.75172336941131,Approved,196.07956962391387,0.003658911479865047
LN02341,Female,Yes,0,Not Graduate,Salaried,68419.4588877878,14839.459607514138,209237.19493533403,360.0,0,Urban,31.25068981534698,Rejected,581.2144303759279,0.006980806871863513
LN00905,Male,Yes,3,Graduate,Salaried,60928.73096312297,17875.63905167328,61524.48818237639,300.0,1,Semiurban,22.710240208008468,Approved,205.081627274588,0.0026024143995578165
LN03340,Female,Yes,1,Graduate,Salaried,74121.57827630264,5654.061051015289,207646.70884873864,300.0,1,Rural,43.966995687154906,Approved,692.1556961624622,0.008676278899158183
LN02028,Female,Yes,2,Not Graduate,Salaried,64193.18830549251,0.0,186987.96453486345,240.0,1,Urban,21.0,Approved,779.1165188952643,0.012137059078410058
LN04348,Male,No,0,Graduate,Self-Employed,41192.02167031293,22811.753362875992,150357.6628048744,300.0,0,Urban,51.17979208899392,Rejected,501.1922093495813,0.007830666380064143
LN03247,Female,No,1,Not Graduate,Salaried,45336.87605780007,5089.088646683864,83756.93480748805,300.0,0,Rural,39.42107843003432,Rejected,279.1897826916269,0.005536627495929711
LN02895,Female,Yes,1,Graduate,Salaried,138524.75412872655,35456.54547677154,179411.83972575294,360.0,1,Semiurban,35.14644914251151,Approved,498.36622146042487,0.0028644815425017994
LN00354,Female,Yes,2,Graduate,Salaried,59619.67584194622,0.0,196217.86840130028,300.0,0,Semiurban,34.258005955502895,Rejected,654.0595613376676,0.010970531994699226
LN05901,Female,No,1,Not Graduate,Self-Employed,15000.0,2571.284139368652,130366.26732369578,60.0,1,Semiurban,34.878159677243005,Rejected,2172.771122061596,0.12365465749845105
LN01702,Female,Yes,2,Graduate,Salaried,72694.4293712354,8429.64762982676,103563.18422336076,60.0,0,Semiurban,34.30587784723353,Rejected,1726.053070389346,0.02127670519279679
LN02640,Female,Yes,0,Graduate,Salaried,96186.1269946622,31170.449245216827,252246.9399015513,180.0,1,Semiurban,34.34308975120214,Approved,1401.3718883419517,0.011003529850727422
LN05201,Male,No,0,Not Graduate,Salaried,49796.78372699565,481.65254831564926,150579.69296626857,300.0,1,Urban,37.289840314842266,Approved,501.9323098875619,0.009983053314130824
LN01064,Female,Yes,0,Not Graduate,Unemployed,52751.18117193736,17362.23646264233,153304.7123149488,360.0,1,Semiurban,29.772246961170325,Approved,425.84642309708,0.006073679439169915
LN04652,Female,Yes,1,Graduate,Self-Employed,60911.277622837966,11124.1910874443,159652.54014790573,180.0,0,Urban,27.21619464195897,Rejected,886.9585563772541,0.01231280329339553
LN00596,Male,No,1,Graduate,Self-Employed,54602.50129413258,9957.019841873767,151000.69025008052,120.0,1,Semiurban,38.15955762119681,Approved,1258.3390854173376,0.019491146515266403
LN04068,Male,Yes,0,Graduate,Salaried,36215.35069845742,17156.687709336187,61586.8245249257,300.0,0,Urban,21.373516450591584,Rejected,205.2894150830857,0.003846385133626609
LN03532,Male,Yes,1,Graduate,Salaried,57931.37551419432,0.0,180307.48498792347,120.0,0,Rural,25.099757565280107,Rejected,1502.5623748993623,0.025936935927426845
LN03360,Male,No,0,Graduate,Salaried,36933.351935885104,29239.538455411668,69349.15932115154,60.0,0,Urban,48.330303082862166,Rejected,1155.8193220191924,0.017466659158826902
LN03199,Male,No,2,Not Graduate,Self-Employed,68746.26374077922,10417.76970743499,211636.41710341425,300.0,1,Rural,33.74415250183945,Rejected,705.4547236780475,0.00891130344109521
LN02696,Male,Yes,0,Not Graduate,Salaried,81635.33455345657,38456.24161896441,163871.05556186716,120.0,0,Rural,44.26945540384741,Rejected,1365.5921296822264,0.011371256612716808
LN00476,Male,No,3,Graduate,Self-Employed,71531.13926111533,25371.814056490504,138960.5425103973,180.0,0,Semiurban,21.0,Rejected,772.0030139466517,0.007966764556869189
LN03260,Male,Yes,1,Graduate,Unemployed,55237.79127375892,0.0,113655.5308397644,60.0,0,Rural,24.02912529292093,Rejected,1894.2588473294065,0.03429280577026415
LN00855,Female,Yes,0,Graduate,Salaried,48585.07412501048,31935.47133413672,59418.00764408064,60.0,0,Semiurban,33.15118175251828,Rejected,990.300127401344,0.0122987260177439
LN05746,Male,Yes,1,Graduate,Salaried,52322.50517338434,19189.116113727865,242691.70787511105,120.0,1,Rural,40.74644570857895,Approved,2022.4308989592587,0.028281150148161165
LN05501,Male,Yes,1,Graduate,Self-Employed,70664.14635798625,19203.098174852043,165991.1531307033,120.0,1,Semiurban,29.257677550532083,Approved,1383.2596094225273,0.015392255728026378
LN00507,Male,Yes,2,Graduate,Unemployed,42720.18460640368,19914.12756355527,127839.0653786152,120.0,1,Urban,48.79556081684143,Approved,1065.3255448217933,0.017008657202637105
LN04018,Male,No,1,Graduate,Salaried,49646.14854261571,7851.927410085295,185174.67613555855,60.0,1,Semiurban,32.28431800391319,Approved,3086.244602259309,0.05367561524664081
LN02140,Female,No,0,Graduate,Self-Employed,63295.216824730334,8699.515686516588,142375.01608450402,60.0,1,Urban,27.041171581445177,Approved,2372.9169347417337,0.032959590958561304
LN02187,Male,Yes,1,Graduate,Salaried,54666.953415311706,21322.163140318506,141100.68960243274,240.0,0,Semiurban,25.933568941051067,Rejected,587.9195400101364,0.0077368913689071705
LN00682,Male,Yes,0,Graduate,Self-Employed,49509.59467440453,22151.743901280584,184377.53597962472,180.0,0,Semiurban,43.37243334448362,Rejected,1024.3196443312484,0.01429389493261298
LN00101,Male,Yes,1,Graduate,Salaried,51587.09354469282,17306.108487662146,104069.17707384838,360.0,0,Rural,49.38894905119096,Rejected,289.0810474273566,0.004196075068358599
LN01005,Male,No,0,Not Graduate,Salaried,67869.70770843499,22769.31692354829,105666.74826578128,360.0,0,Rural,51.00424078942359,Rejected,293.51874518272575,0.003238326387276165
LN05015,Male,Yes,1,Graduate,Salaried,49764.728841153934,15765.180622437114,207575.7572966501,180.0,0,Urban,24.267552492887773,Rejected,1153.198651648056,0.017598050433577705
LN03175,Female,Yes,1,Graduate,Salaried,44951.2952529393,11224.688514401749,181607.58148453865,300.0,1,Semiurban,31.842053807970466,Approved,605.3586049484621,0.010776110436367625
LN05887,Female,Yes,1,Graduate,Unemployed,43316.30302534753,11501.146508769967,183238.1544862181,240.0,1,Urban,32.279950024772155,Approved,763.4923103592421,0.013927906475912506
LN00584,Female,Yes,3,Graduate,Salaried,63637.3251011699,30941.779562040123,115037.79678854624,60.0,1,Urban,29.792823605184456,Approved,1917.2966131424373,0.02027188373129355
LN00408,Male,Yes,0,Graduate,Self-Employed,62405.912634237975,10622.626775956753,108183.0731751856,240.0,1,Semiurban,23.925998881495797,Approved,450.7628048966066,0.00617241983116645
LN00330,Male,Yes,1,Graduate,Salaried,59755.06454306171,28181.97067234025,105803.85250858271,360.0,0,Rural,24.416142574538465,Rejected,293.8995903016187,0.0033421594164701023
LN03797,Male,No,0,Graduate,Self-Employed,64241.86706148351,18753.59696144473,161583.49695093633,60.0,0,Semiurban,25.277143178158965,Rejected,2693.0582825156057,0.03244825863943148
LN01548,Male,Yes,2,Not Graduate,Salaried,75321.6055676938,22399.44051379316,255292.81721816637,120.0,1,Semiurban,31.49124432491594,Approved,2127.4401434847196,0.021770542056116594
LN05014,Female,No,2,Graduate,Salaried,61532.18140903319,24416.19013551491,161793.25328747855,180.0,1,Rural,34.95594183961971,Approved,898.8514071526587,0.010458038831914027
LN00902,Female,Yes,0,Not Graduate,Salaried,60574.89645869635,19224.3497290144,224009.15384409323,360.0,0,Urban,26.00240119866935,Rejected,622.2476495669257,0.007797663252397403
LN02523,Male,Yes,1,Not Graduate,Salaried,53729.40627655204,4840.045688319709,209352.5575333191,300.0,1,Semiurban,31.907027678890863,Approved,697.8418584443971,0.011914775280174079
LN02870,Male,Yes,1,Graduate,Self-Employed,47253.8450594241,25579.607138387924,166341.610474176,180.0,0,Rural,44.86720326645635,Rejected,924.1200581898667,0.012688126544928869
LN04010,Male,Yes,0,Not Graduate,Salaried,60452.61705353738,24219.363780076168,225769.8374631796,180.0,0,Urban,25.79363235744585,Rejected,1254.2768747954422,0.01481336402487365
LN00754,Female,Yes,1,Graduate,Salaried,41012.02222336114,0.0,62964.96968098322,180.0,0,Rural,32.15075074452903,Rejected,349.8053871165734,0.008529337695455512
LN01592,Female,No,0,Graduate,Salaried,68731.19608315335,7445.011168660508,71488.16729590777,360.0,1,Semiurban,35.7945312018198,Approved,198.5782424886327,0.0026068276388741354
LN02624,Male,Yes,1,Not Graduate,Salaried,68195.25591918995,25219.627766781414,56786.50813717638,300.0,0,Rural,45.06242911004443,Rejected,189.2883604572546,0.002026319072382264
LN04086,Male,Yes,0,Not Graduate,Self-Employed,77191.69744687113,5315.163530381044,155676.0748238971,240.0,0,Rural,26.45117627767733,Rejected,648.6503117662379,0.00786177420984512
LN04314,Female,Yes,2,Graduate,Salaried,51813.830518085575,8462.579701930325,158718.37938841517,120.0,0,Semiurban,41.59271441730279,Rejected,1322.6531615701265,0.021943130932022808
LN00525,Male,Yes,1,Graduate,Self-Employed,23902.35798670962,17830.53162258654,182668.41918979428,60.0,0,Urban,31.509397646547672,Rejected,3044.473653163238,0.07295142228744855
LN01142,Male,Yes,1,Graduate,Self-Employed,56998.88825934946,15342.718142002224,144306.16961321296,300.0,1,Urban,43.97864157145555,Approved,481.0205653773765,0.006649293391532825
LN02711,Male,Yes,0,Graduate,Salaried,90647.35449356232,10473.098514904666,121822.34093756496,60.0,1,Rural,37.17074501845288,Approved,2030.372348959416,0.02007875052527118
LN02833,Male,Yes,0,Graduate,Self-Employed,54520.13836341391,24435.97776272946,173830.67535099073,120.0,0,Urban,34.39410427319959,Rejected,1448.5889612582562,0.018346760609956218
LN03103,Male,Yes,0,Graduate,Salaried,81412.21119958372,28781.42680497613,74146.34815471836,120.0,0,Semiurban,36.72018768697574,Rejected,617.886234622653,0.005607276842943371
LN00588,Male,No,0,Graduate,Salaried,76606.71633088491,6199.88018309236,69669.8632320997,60.0,1,Semiurban,25.338047320792967,Approved,1161.1643872016616,0.014022607329425304
LN04934,Male,Yes,0,Graduate,Self-Employed,50804.70768339047,17478.46281901825,128650.98142466188,120.0,1,Rural,37.32039327919645,Approved,1072.0915118721823,0.015700669784136104
LN05782,Female,Yes,1,Not Graduate,Salaried,69146.48562173531,0.0,80612.34594992816,300.0,0,Semiurban,48.23173935963659,Rejected,268.7078198330939,0.0038860661885703855
LN03658,Male,Yes,1,Graduate,Salaried,63209.7924794696,28048.347633193294,152523.55268417308,240.0,0,Rural,39.61866910080073,Rejected,635.5148028507211,0.006963924555838474
LN05619,Female,No,2,Graduate,Salaried,56921.895460506246,24078.523849098703,287155.6436231873,60.0,1,Rural,35.72699114421651,Approved,4785.927393719789,0.05908521751506882
LN04418,Male,Yes,0,Not Graduate,Salaried,52983.01139847051,23549.039226364024,77141.36507895218,120.0,0,Urban,31.16056813942579,Rejected,642.8447089912681,0.00839967966025813
LN01781,Female,Yes,1,Graduate,Salaried,58337.8885474261,25152.208918143053,112815.00415474083,180.0,1,Urban,43.33952081540564,Approved,626.7500230818935,0.007506878565333591
LN00320,Female,No,0,Graduate,Salaried,61939.919299854366,27334.060763526693,181138.4562613775,240.0,0,Urban,37.03584011400443,Rejected,754.7435677557395,0.008454239042774848
LN02843,Male,Yes,1,Graduate,Salaried,36644.4089746413,12128.904951376571,173659.8291612613,60.0,1,Semiurban,33.04048001849298,Approved,2894.3304860210214,0.05934250213982396
LN03861,Female,Yes,1,Graduate,Salaried,44213.22988560652,19726.397629900115,224406.7313620101,240.0,0,Urban,47.76885679066304,Rejected,935.0280473417087,0.014623607982623073
LN02952,Male,Yes,2,Graduate,Self-Employed,69333.41963932163,5615.328942589151,185024.85315790816,120.0,0,Urban,53.539188010825214,Rejected,1541.8737763159013,0.020572375196242297
LN00833,Male,Yes,0,Not Graduate,Self-Employed,44644.04869791743,16090.82970349832,218613.9456723288,180.0,0,Urban,38.235069298863735,Rejected,1214.5219204018265,0.019997107961173023
LN03876,Male,No,3,Graduate,Self-Employed,79000.31657339292,33961.23276254347,135935.3173665215,240.0,0,Rural,33.17546218982727,Rejected,566.3971556938396,0.0050140703542355895
LN03627,Female,Yes,0,Not Graduate,Salaried,75280.5956314572,39015.83661030352,179342.5769392434,180.0,1,Semiurban,31.34537088217232,Approved,996.3476496624633,0.008717224414800462
LN01696,Male,Yes,2,Graduate,Self-Employed,39993.37350788851,25316.53774575175,185795.52080644047,240.0,0,Urban,31.84585984431976,Rejected,774.1480033601687,0.01185345361064197
LN00241,Female,Yes,2,Graduate,Salaried,57705.27117066202,5607.584593179932,155140.71215775344,120.0,0,Semiurban,30.4534800768445,Rejected,1292.8392679812787,0.02041985395199344
LN05554,Female,No,2,Not Graduate,Self-Employed,58728.52921627757,19301.429743153712,93183.18884220048,240.0,0,Rural,42.70004165167421,Rejected,388.263286842502,0.0049758232865964305
LN02390,Male,No,1,Graduate,Salaried,23076.242755238127,18959.142209580456,94626.92956861548,60.0,0,Urban,30.408527078167975,Rejected,1577.115492810258,0.03751875935310741
LN00721,Female,Yes,2,Graduate,Salaried,25796.632146867487,25863.807112058377,139357.00586218163,300.0,1,Semiurban,31.115513613553837,Approved,464.52335287393873,0.008991858364690127
LN04610,Male,Yes,0,Graduate,Salaried,61356.77027833875,12966.817145824933,261574.8167601233,120.0,1,Semiurban,44.84608874710679,Approved,2179.7901396676943,0.02932837629631173
LN00503,Male,No,3,Not Graduate,Salaried,71259.38473381141,1299.7337263557074,101029.21308924229,60.0,0,Urban,37.10038716114512,Rejected,1683.820218154038,0.023206183507844116
LN04015,Male,No,0,Graduate,Salaried,48417.51780728507,15415.418405638946,157093.90213142475,240.0,0,Rural,38.20132031456068,Rejected,654.5579255476031,0.010254234951126644
LN01231,Male,No,1,Graduate,Salaried,32603.940408418443,31875.48055236793,158470.1537456035,60.0,1,Semiurban,30.441707970413272,Approved,2641.1692290933916,0.04096142908447701
LN02808,Male,Yes,0,Graduate,Unemployed,78307.80551120323,19872.18194630427,113521.35333898048,180.0,1,Rural,42.6353718698178,Approved,630.6741852165583,0.00642365314509248
LN05427,Male,Yes,0,Graduate,Salaried,59598.02496460696,9097.780336943651,225416.80490288645,120.0,0,Semiurban,38.1245931761374,Rejected,1878.4733741907205,0.027344804620091114
LN05705,Male,Yes,1,Graduate,Salaried,18284.15122189992,22496.98021444869,186017.8749196754,120.0,1,Urban,35.75071351124908,Approved,1550.1489576639617,0.03801142594789068
LN04992,Male,Yes,0,Graduate,Self-Employed,57703.95502481873,9053.270128378314,87090.13549865372,60.0,1,Urban,36.07129701348341,Approved,1451.5022583108953,0.021742998678868575
LN05447,Male,Yes,2,Graduate,Salaried,95363.38586119568,23255.570748695653,143243.49964621488,120.0,0,Urban,32.58438527556282,Rejected,1193.695830385124,0.0100632804781018
LN00890,Male,No,1,Graduate,Salaried,76409.64362394728,25108.397350203137,199100.5493060795,360.0,1,Urban,29.207779513437053,Approved,553.0570814057764,0.005447869916506778
LN03264,Female,Yes,1,Graduate,Salaried,73308.33647383557,5668.809113138583,165365.4676868169,360.0,1,Urban,35.28284236719598,Approved,459.3485213522692,0.005816220856531314
LN01163,Female,Yes,1,Graduate,Salaried,27092.025060862165,1605.1063347134111,181595.01695789065,180.0,0,Semiurban,37.98598652328488,Rejected,1008.8612053216148,0.035155472211315084
LN00394,Male,Yes,1,Graduate,Self-Employed,83588.80241442574,5971.910730372003,115209.51946869172,300.0,1,Rural,48.81573310146865,Approved,384.03173156230577,0.004287948566704918
LN00864,Female,Yes,2,Not Graduate,Salaried,47744.22619031228,14884.84911923355,140473.74051899812,360.0,1,Urban,37.41548812798101,Approved,390.20483477499477,0.0062304102822275
LN00091,Male,Yes,1,Graduate,Self-Employed,79372.89981065778,15935.234964386096,84467.71078478137,360.0,0,Rural,36.27780513431509,Rejected,234.63252995772604,0.0024618310967005077
LN01437,Female,Yes,0,Graduate,Self-Employed,92146.91152039984,14420.360003316977,191702.77259246845,240.0,1,Rural,38.28831775133612,Approved,798.7615524686186,0.007495373964705967
LN05412,Male,Yes,3,Graduate,Self-Employed,44716.26426724307,19021.978249123516,83233.87306222475,360.0,1,Rural,21.91236437891339,Approved,231.2052029506243,0.00362741729019679
LN02807,Male,Yes,0,Graduate,Salaried,43338.87885998483,14703.112097140216,118648.17454250775,60.0,1,Urban,29.88919105192732,Approved,1977.4695757084626,0.03406963722469818
LN00151,Male,Yes,2,Graduate,Salaried,66928.96418993952,6162.808593089372,136857.97502688033,300.0,0,Semiurban,43.29097440363152,Rejected,456.1932500896011,0.006241376186671507
LN04883,Female,Yes,0,Graduate,Salaried,69507.31221384021,17426.028130549414,147822.71639605597,180.0,0,Urban,35.42601392215978,Rejected,821.2373133114221,0.009446747474076807
LN02566,Female,Yes,1,Graduate,Salaried,40083.69210419542,27304.600477599757,113870.16092992612,360.0,0,Urban,33.24608115699903,Rejected,316.30600258312813,0.004693782710093142
LN05884,Female,Yes,1,Graduate,Salaried,30424.457523074285,15405.2294231701,166929.72165579314,180.0,1,Urban,34.016107404695404,Approved,927.3873425321841,0.020235515543013782
LN02194,Female,Yes,0,Not Graduate,Self-Employed,63794.12335220791,16076.994491066183,93494.16838155258,180.0,0,Urban,38.37828024895173,Rejected,519.412046564181,0.00650312729544351
LN04803,Female,Yes,1,Graduate,Self-Employed,45841.78118651849,15439.005331233884,116667.7403521011,180.0,0,Urban,40.150188842129815,Rejected,648.1541130672283,0.010576791681344774
LN05379,Male,Yes,2,Graduate,Salaried,48857.38854855538,15567.066488392657,144424.05517471035,360.0,1,Semiurban,28.373512676298237,Approved,401.17793104086206,0.006227106318722956
LN03863,Female,No,1,Graduate,Salaried,55687.80842863955,4268.097259329506,49539.23279872192,180.0,0,Urban,39.06755928406787,Rejected,275.2179599928995,0.0045903394642260505
LN02987,Female,Yes,0,Graduate,Self-Employed,61867.44748553303,8858.564687528153,201819.29542935127,60.0,1,Rural,40.041349752651485,Approved,3363.654923822521,0.047558950667145106
LN01096,Male,Yes,0,Not Graduate,Self-Employed,61572.70380632181,42107.942990405325,227919.20059403908,300.0,1,Urban,39.21957736002823,Approved,759.730668646797,0.0073276034835729744
LN02577,Male,Yes,1,Graduate,Self-Employed,79937.17546931616,5130.572634984432,162521.51415005224,300.0,1,Urban,36.28319404575272,Approved,541.7383805001741,0.006368316930594599
LN04977,Female,Yes,0,Graduate,Salaried,62316.49174453892,9118.914010756904,146046.74902563138,120.0,0,Urban,35.413761095131136,Rejected,1217.0562418802615,0.017037157261335156
LN04846,Male,Yes,1,Graduate,Salaried,16435.773605371396,27700.88025254897,135846.04632008748,240.0,1,Urban,33.91685604020843,Approved,566.0251930003645,0.012824379365559694
LN04414,Male,Yes,0,Graduate,Salaried,64009.19262827458,15035.826018327833,170967.09362308125,120.0,1,Rural,30.9698847263323,Approved,1424.7257801923438,0.01802423232464609
LN02291,Male,Yes,3,Graduate,Salaried,79577.16101563591,37106.89726015764,120161.37618161924,180.0,1,Semiurban,34.85369440717769,Approved,667.5632010089957,0.0057211174420343566
LN01066,Male,No,0,Not Graduate,Salaried,34106.37048558188,11156.126234070787,269922.46427940344,240.0,1,Semiurban,29.394329349454758,Rejected,1124.6769344975144,0.024847876630923613
LN00731,Male,Yes,0,Graduate,Salaried,40432.54444769936,6161.311048592706,178529.235005993,360.0,0,Urban,34.518316883138134,Rejected,495.91454168331387,0.01064334634687569
LN05977,Female,No,1,Graduate,Salaried,72461.7469577819,891.9771490904077,90619.94413113264,120.0,0,Urban,41.697829607545714,Rejected,755.166201092772,0.01029485837682265
LN00020,Female,Yes,2,Graduate,Self-Employed,89312.97537843109,17494.509459300723,120183.76554540396,120.0,1,Urban,27.35170991032471,Approved,1001.531379545033,0.009376977475563798
LN05980,Male,No,0,Not Graduate,Salaried,40031.18294246563,1706.409410659362,192715.86695868915,60.0,0,Rural,33.48597945555203,Rejected,3211.9311159781523,0.07695535211526564
LN04386,Female,Yes,0,Graduate,Self-Employed,46274.41728489832,2705.0484229191206,165330.9893490961,180.0,0,Rural,44.35134055216111,Rejected,918.5054963838672,0.018752868842284404
LN00146,Female,No,0,Graduate,Self-Employed,35260.985782438365,15636.490614965178,203667.0088431773,300.0,0,Semiurban,35.168599541413506,Rejected,678.8900294772576,0.013338382912672073
LN03466,Male,No,3,Graduate,Salaried,51763.53262072685,29336.336088178778,193599.6732713432,360.0,0,Semiurban,28.60529725741683,Rejected,537.7768701981755,0.006631044892667279
LN01886,Female,Yes,0,Graduate,Salaried,43807.92960156708,26706.6162931766,192731.36552753515,120.0,1,Rural,45.06911341755298,Approved,1606.0947127294596,0.022776785872334206
LN03350,Female,No,3,Not Graduate,Self-Employed,49612.07256347747,18247.815941101144,130436.61425462295,240.0,1,Semiurban,43.53651589427242,Rejected,543.4858927275957,0.00800894172838091
LN05030,Male,Yes,1,Graduate,Salaried,35277.28407939075,8967.031512218451,154082.23545091267,120.0,0,Urban,28.325602249559708,Rejected,1284.0186287576057,0.029021098226709053
LN05303,Female,Yes,2,Graduate,Salaried,71071.39062135587,0.0,71978.32660974844,60.0,0,Urban,47.44309513845974,Rejected,1199.6387768291409,0.016879348586555838
LN02762,Female,No,1,Graduate,Salaried,77907.10861525199,3124.4683322495985,41954.3698616639,180.0,1,Rural,29.075306813141623,Approved,233.07983256479946,0.002876407461696152
LN01477,Male,No,0,Graduate,Salaried,68390.64887814055,16954.032212833205,100190.53772020015,60.0,1,Urban,32.405669235535214,Approved,1669.8422953366692,0.019565862500050695
LN02468,Male,Yes,0,Graduate,Salaried,73666.57985622139,2911.4113537927806,58221.476156456265,120.0,0,Urban,28.75589890624577,Rejected,485.1789679704689,0.006335749479767258
LN00192,Male,Yes,0,Not Graduate,Salaried,64281.87488260408,8262.098943405235,163043.30873609878,360.0,1,Urban,38.268642906417575,Approved,452.89807982249664,0.006243083414602225
LN05360,Female,No,0,Not Graduate,Salaried,59074.77565467315,28295.342439705244,100951.45407369624,120.0,1,Urban,39.23264770859297,Approved,841.2621172808019,0.009628716724087053
LN00680,Female,No,0,Graduate,Salaried,74433.4412808647,11847.336660837442,173934.05903254685,300.0,1,Urban,21.0,Approved,579.7801967751561,0.006719691345005023
LN04311,Male,Yes,0,Graduate,Self-Employed,25085.85134280696,9775.852716224908,61398.60857879788,120.0,0,Semiurban,21.594678658815702,Rejected,511.65507148998233,0.014676708591857383
LN05426,Male,No,2,Graduate,Self-Employed,79278.13868151724,0.0,137784.14806801756,120.0,1,Urban,29.67970023102918,Approved,1148.2012339001462,0.014483201207747777
LN05852,Male,No,1,Graduate,Self-Employed,72246.64428005024,27322.042374139117,138930.08709074525,240.0,1,Urban,45.58313691535867,Approved,578.8753628781052,0.005813829451106344
LN03463,Male,No,0,Not Graduate,Salaried,80470.6128837069,17589.304282256897,179253.5101229186,60.0,0,Urban,21.0,Rejected,2987.5585020486437,0.030466663529730303
LN01618,Male,No,2,Not Graduate,Self-Employed,51472.84807588914,1870.3147005272715,57812.35206036852,360.0,1,Semiurban,31.604342766869458,Rejected,160.589866834357,0.0030105051608480086
LN03988,Male,No,1,Graduate,Self-Employed,98468.91589649906,5190.532729866305,163725.69937466417,180.0,1,Urban,25.72482624449723,Approved,909.5872187481343,0.008774764199515377
LN05376,Male,Yes,0,Graduate,Self-Employed,111439.90634989938,14916.392127285431,182693.2252321189,60.0,1,Semiurban,31.087270076292,Approved,3044.8870872019816,0.024097628087386348
LN04193,Female,Yes,0,Graduate,Salaried,15000.0,14821.378451122666,131514.16576203535,180.0,0,Semiurban,30.620408759173763,Rejected,730.6342542335298,0.024500351498876607
LN02969,Male,Yes,1,Graduate,Self-Employed,65401.14716782844,29929.52622753828,182264.8479215521,360.0,0,Semiurban,43.047135381814286,Rejected,506.29124422653365,0.0053108954987318956
LN04118,Female,Yes,1,Graduate,Salaried,50904.10565244615,7468.826693794201,119408.55916300486,300.0,0,Semiurban,34.23890290282584,Rejected,398.0285305433495,0.0068187174182450586
LN02473,Female,No,0,Graduate,Salaried,32379.1079369245,9054.963040509929,141774.2734101915,240.0,0,Urban,38.673922383648616,Rejected,590.7261392091312,0.014257014222204932
LN01190,Male,Yes,2,Graduate,Salaried,62107.5101229192,16580.93898576786,106739.54730738766,60.0,0,Urban,36.53248722837853,Rejected,1778.9924551231277,0.022608050803821604
LN00788,Male,No,1,Graduate,Self-Employed,58596.68577082706,4010.837452718061,101178.72301342008,240.0,0,Semiurban,37.80982457324421,Rejected,421.578012555917,0.006733663797090955
LN04543,Male,No,0,Graduate,Salaried,48046.646334902856,0.0,82422.62728678831,60.0,1,Urban,33.81760828915752,Approved,1373.710454779805,0.028591182935111356
LN02318,Female,Yes,0,Graduate,Self-Employed,48833.96492107939,6747.080391691356,178576.5348450371,240.0,0,Semiurban,40.44157546638582,Rejected,744.0688951876546,0.013387097903620955
LN01147,Male,Yes,0,Graduate,Salaried,31198.982348114117,0.0,195038.75658952788,180.0,0,Urban,33.82025115060929,Rejected,1083.5486477195993,0.0347302561227641
LN05859,Female,Yes,1,Graduate,Salaried,47371.259450336336,15283.202636777642,177149.26011955526,360.0,1,Urban,41.138780556482665,Approved,492.0812781098757,0.00785389039691526
LN04958,Male,Yes,1,Graduate,Self-Employed,58969.54142950708,18496.15331028385,50673.64290112388,300.0,0,Semiurban,36.72064845037016,Rejected,168.91214300374625,0.002180476707413857
LN00285,Male,No,1,Graduate,Unemployed,20958.24400954996,8838.565419510565,180339.7512529817,60.0,1,Urban,35.03398521445265,Approved,3005.6625208830283,0.10087195839000254
LN00929,Male,Yes,3,Graduate,Salaried,58684.99477854025,4253.389605671369,38516.16796350095,60.0,0,Urban,37.24325854058045,Rejected,641.9361327250158,0.010199437735901724
LN04182,Female,Yes,0,Graduate,Self-Employed,43072.80560226055,22367.63345167897,198666.87248067104,120.0,0,Urban,43.29157180802629,Rejected,1655.5572706722587,0.025298688312706145
LN00747,Female,Yes,1,Graduate,Salaried,44892.34135293355,20182.18950445412,110185.49055039548,240.0,0,Urban,43.00547830989954,Rejected,459.10621062664785,0.007055082911512489
LN05139,Female,Yes,1,Graduate,Self-Employed,46819.2145022271,13170.984325760732,233832.540138068,300.0,0,Urban,33.30965203750031,Rejected,779.4418004602267,0.012992819088583948
LN04605,Male,No,1,Not Graduate,Salaried,54926.47844915238,0.0,129155.01819403052,300.0,1,Rural,37.76604862193832,Approved,430.51672731343507,0.007838054422367192
LN05689,Male,No,1,Graduate,Salaried,56634.81731024917,28071.35423150714,110241.2493793083,360.0,0,Semiurban,38.13723106880467,Rejected,306.2256927203008,0.003615152085693607
LN05905,Female,Yes,1,Not Graduate,Salaried,52240.70062185096,40802.91898690775,156580.76866363708,180.0,0,Semiurban,50.00360541444783,Rejected,869.8931592424282,0.009349304798117939
LN02820,Male,Yes,0,Graduate,Salaried,54422.33211698487,18808.26418345254,75475.35671315533,300.0,0,Semiurban,44.543738959957416,Rejected,251.5845223771844,0.0034355110443868076
LN03591,Female,No,2,Graduate,Salaried,72082.41779177036,11882.144267439751,138871.74646142934,180.0,1,Urban,47.41548600939676,Approved,771.5097025634964,0.009188515769539097
LN00393,Male,Yes,0,Graduate,Salaried,96629.17531708708,8353.489024979375,111231.04851636969,300.0,1,Urban,27.694801090403367,Approved,370.7701617212323,0.003531727490865985
LN02948,Female,Yes,0,Not Graduate,Salaried,56262.0768367603,18327.604786370102,187704.2902519249,60.0,0,Urban,28.78362540091049,Rejected,3128.4048375320813,0.04194152286825095
LN02332,Male,Yes,0,Graduate,Salaried,29642.52506638381,16501.35653956203,85582.42903979792,120.0,1,Urban,39.41878394854967,Approved,713.1869086649826,0.015455719888399796
LN02825,Male,No,1,Graduate,Self-Employed,94082.11032510982,1338.0166233108248,172614.4996285459,360.0,1,Rural,41.26694991854201,Approved,479.48472119040525,0.005024985152761227
LN00266,Male,No,3,Graduate,Salaried,92648.22607863272,15733.367447781367,119764.0566682261,360.0,1,Semiurban,38.42201451797819,Approved,332.6779351895169,0.003069505848411785
LN04517,Male,Yes,0,Not Graduate,Self-Employed,66881.07843126933,27724.833308487592,178148.95909524278,300.0,1,Semiurban,27.71946365363228,Approved,593.8298636508093,0.00627687903145338
LN05704,Male,Yes,1,Graduate,Salaried,53135.881463139245,20136.092944152217,210997.1599616416,120.0,1,Urban,55.758865687062496,Approved,1758.3096663470133,0.023997028612511906
LN00685,Male,No,1,Not Graduate,Salaried,74259.96860344776,16433.063050000037,229344.98285165452,240.0,1,Urban,31.33549167983288,Approved,955.6040952152272,0.010536687083818514
LN05507,Female,Yes,1,Graduate,Salaried,15000.0,11483.39816165785,130266.01456697485,120.0,1,Semiurban,53.334173726086256,Approved,1085.550121391457,0.0409898350190987
LN05206,Male,No,2,Not Graduate,Self-Employed,83196.79932776689,19500.546711851464,231805.255529816,360.0,0,Urban,32.82451444979312,Rejected,643.9034875828222,0.006269913609397643
LN02122,Male,Yes,1,Graduate,Salaried,59614.79240531211,19187.045782923684,195055.5890531086,360.0,0,Urban,33.62191705994822,Rejected,541.8210807030794,0.006875741647153188
LN04104,Male,No,2,Graduate,Self-Employed,58747.2084534553,6417.839682283733,205945.6135853587,180.0,1,Rural,24.134721252137798,Approved,1144.1422976964373,0.01755760688326639
LN01510,Female,Yes,1,Graduate,Salaried,37166.2177173299,32448.61406623493,138113.83133264436,240.0,1,Urban,38.51271114983116,Approved,575.4742972193515,0.008266547264073307
LN01673,Male,Yes,0,Graduate,Self-Employed,41551.79631002995,12100.1864556336,148432.9423665139,60.0,1,Urban,40.23086504479687,Approved,2473.8823727752315,0.04610980331482695
LN01302,Male,No,2,Not Graduate,Self-Employed,56500.80486609183,10433.023849767536,122804.49732433712,180.0,0,Rural,30.51540780852313,Rejected,682.2472073574285,0.010192860926178816
LN05565,Male,Yes,2,Not Graduate,Self-Employed,73801.47352673225,14958.574150558456,170021.59969281402,240.0,1,Rural,29.68290374660014,Approved,708.4233320533917,0.007981331134803368
LN01158,Male,Yes,2,Graduate,Self-Employed,79635.3097398319,6455.065372619458,72770.01365471883,300.0,0,Semiurban,26.007947245088197,Rejected,242.5667121823961,0.0028175822426787568
LN04151,Male,Yes,2,Graduate,Self-Employed,82555.60501267797,6453.753582449343,207666.3881698445,60.0,1,Semiurban,33.48100521625154,Approved,3461.106469497408,0.03888474789758659
LN04442,Male,No,2,Graduate,Salaried,71037.71943644308,14129.847766818626,167683.9687945524,120.0,0,Semiurban,21.0,Rejected,1397.36640662127,0.016407259858512838
LN01777,Male,Yes,2,Not Graduate,Salaried,59259.26405903176,4811.3004293326485,122961.8322511389,240.0,0,Semiurban,54.71914561877864,Rejected,512.3409677130787,0.007996510906441644
LN04367,Male,No,1,Graduate,Salaried,60648.14026680272,20382.11605492257,106461.68117796308,240.0,1,Urban,28.33790826459352,Approved,443.5903382415128,0.0054743790576234465
LN00516,Female,Yes,2,Graduate,Salaried,70018.34375248762,31923.46572463205,174287.357372773,240.0,1,Urban,38.55629362733423,Approved,726.1973223865541,0.007123645598517117
LN01704,Male,Yes,0,Graduate,Salaried,68196.37313857026,7382.396293173543,176079.75801762537,240.0,1,Semiurban,31.750439544856484,Approved,733.6656584067724,0.009707298278643656
LN02277,Male,Yes,0,Not Graduate,Salaried,37024.11929682687,22814.97239460632,96159.1513186472,120.0,0,Urban,36.6125529171981,Rejected,801.3262609887266,0.013391350676257805
LN05183,Male,No,1,Graduate,Salaried,67350.20821081204,11096.055328828574,170202.45832664846,240.0,1,Urban,35.557769568636466,Approved,709.1769096943685,0.009040289208115131
LN03519,Male,No,3,Graduate,Salaried,15663.623212918712,10953.041431366735,159572.10236723046,360.0,1,Urban,52.71801338110285,Approved,443.2558399089735,0.016653320235003214
LN05317,Male,No,2,Graduate,Salaried,55589.235416869255,19058.50266692899,154007.98802437767,180.0,1,Rural,37.63235251975101,Approved,855.5999334687648,0.011461833344612307
LN05020,Male,No,1,Graduate,Salaried,58841.84500246183,20546.387081318077,193592.22849370452,300.0,0,Urban,46.35011773999508,Rejected,645.3074283123484,0.008128502315448255
LN01685,Female,No,0,Graduate,Salaried,83753.58776923128,24022.713999434527,223570.0174083261,240.0,1,Urban,39.49753410078805,Approved,931.5417392013587,0.008643289145334073
LN04737,Male,Yes,0,Graduate,Salaried,60680.16192456293,4997.294772232117,104428.6281231018,360.0,0,Urban,36.70433731049799,Rejected,290.07952256417167,0.004416728922731368
LN01247,Male,Yes,2,Not Graduate,Self-Employed,44600.53537882716,15150.27750287097,141561.4030281045,60.0,1,Semiurban,38.63166546504413,Approved,2359.356717135075,0.0394866045053883
LN03479,Male,Yes,0,Graduate,Salaried,87726.98794525687,25440.2512944238,65725.38035657113,120.0,0,Urban,31.60041425637924,Rejected,547.7115029714261,0.004839841518192466
LN04661,Female,No,2,Graduate,Salaried,54335.63922109535,17452.358478942362,138958.27539814587,300.0,0,Rural,24.635913647563903,Rejected,463.19425132715287,0.006452251994303911
LN00508,Female,Yes,2,Graduate,Self-Employed,60970.43255889654,2767.7976993807006,73719.2534977378,120.0,0,Urban,45.76251059315326,Rejected,614.3271124811483,0.009638283177800813
LN05702,Male,Yes,0,Graduate,Self-Employed,61167.40581635791,0.0,213417.93057480335,60.0,0,Rural,39.05903024521478,Rejected,3556.965509580056,0.05815132196809337
LN03721,Male,Yes,0,Not Graduate,Self-Employed,94063.45219836076,17377.317279059862,179873.64669483807,300.0,0,Urban,45.286956491297296,Rejected,599.5788223161269,0.005380246611071809
LN00054,Female,Yes,1,Not Graduate,Salaried,80619.99044991902,18412.158424920333,141583.11828814045,120.0,0,Semiurban,35.590432034132604,Rejected,1179.859319067837,0.011913902025482542
LN03672,Male,Yes,1,Graduate,Self-Employed,37139.61375852543,4727.481124948712,105458.4159934609,60.0,1,Semiurban,30.370097489863483,Approved,1757.6402665576818,0.041981424110022515
LN05576,Male,Yes,2,Graduate,Salaried,46637.13903344466,9626.374106866002,125436.8486169339,120.0,1,Urban,34.14387600078379,Approved,1045.3070718077824,0.018578773586373505
LN04634,Female,Yes,0,Graduate,Salaried,46415.3869361409,18105.39637914204,184414.2554244116,180.0,1,Urban,56.35801498864289,Approved,1024.5236412467311,0.01587897090834069
LN02334,Male,Yes,1,Graduate,Salaried,77807.66327039571,25313.80525277331,103245.85817862264,180.0,1,Semiurban,37.79049417507842,Approved,573.588100992348,0.005562256911260685
LN03311,Male,No,1,Graduate,Salaried,68989.47825664614,5469.595366351501,140185.31911271167,180.0,1,Urban,43.06804840485423,Approved,778.8073284039538,0.010459535561068399
LN00142,Male,Yes,1,Graduate,Salaried,27850.335308775448,14834.315901774798,168368.01745737434,120.0,1,Urban,42.193951211791074,Approved,1403.0668121447861,0.03287052306516198
LN05208,Male,Yes,3,Not Graduate,Salaried,39482.63788061048,19868.42068967491,103844.04078817352,360.0,1,Semiurban,21.0,Approved,288.45566885603756,0.004860160472360224
LN00396,Female,Yes,0,Graduate,Salaried,25737.30941818245,16168.301741721838,239227.9444426793,60.0,1,Urban,48.251117422978766,Approved,3987.1324073779883,0.09514554965357282
LN00289,Female,Yes,0,Graduate,Salaried,47546.00960358812,11849.180720910766,119372.45488229692,120.0,1,Rural,40.68194030685756,Approved,994.7704573524744,0.01674833352528477
LN04604,Female,Yes,0,Not Graduate,Salaried,38157.16813142534,16829.14563620256,251802.1416420056,360.0,1,Urban,36.61364641141576,Approved,699.4503934500156,0.012720445243990934
LN00814,Male,Yes,1,Graduate,Salaried,80636.8907893727,760.418878023931,177707.14632563744,240.0,1,Urban,40.343842874540194,Approved,740.4464430234893,0.00909669430168
LN03798,Male,Yes,0,Graduate,Salaried,40132.826008360986,13848.11671223521,112364.0379048466,300.0,0,Rural,29.59031343451345,Rejected,374.54679301615533,0.006938500406611992
LN03577,Male,No,1,Graduate,Salaried,47234.34546943012,22531.89949732549,163546.06713537205,180.0,1,Rural,39.2066966713349,Approved,908.5892618631781,0.013023336174909958
LN02629,Male,Yes,2,Graduate,Salaried,50410.140652015136,8155.595979138174,226913.28204560172,180.0,1,Urban,33.103044921165385,Approved,1260.6293446977872,0.021525031822569294
LN01152,Female,Yes,0,Not Graduate,Salaried,47220.76504620996,6233.029143807071,104689.09369036526,60.0,0,Urban,22.3770241684283,Rejected,1744.8182281727543,0.0326416160837955
LN02942,Female,No,0,Not Graduate,Salaried,72809.59590401647,13546.505776861148,112580.84096544833,360.0,1,Rural,39.21777638060468,Approved,312.72455823735646,0.0036213371394763303
LN03772,Male,Yes,2,Graduate,Salaried,44359.93014977926,752.3434627851057,109809.84099514571,240.0,0,Semiurban,32.458678153877,Rejected,457.54100414644046,0.010142273210965124
LN03404,Male,Yes,0,Graduate,Unemployed,68719.50779000092,21235.257988258585,165433.7647027808,180.0,1,Urban,27.7366570389386,Approved,919.0764705710045,0.010217095921705232
LN05736,Female,Yes,0,Not Graduate,Salaried,71586.93519513552,11600.162776484807,229185.87728197695,240.0,1,Urban,39.71731524922723,Approved,954.9411553415706,0.011479438261776524
LN01508,Female,Yes,0,Not Graduate,Salaried,61768.13772583695,6996.645938346963,93854.94219615836,300.0,0,Urban,43.208194331749056,Rejected,312.8498073205279,0.004549564335842963
LN03929,Male,Yes,2,Not Graduate,Self-Employed,63445.08772822075,20477.389787375607,119558.84187883176,120.0,1,Rural,25.94132624931529,Approved,996.3236823235981,0.011871952685601291
LN02054,Male,Yes,0,Not Graduate,Self-Employed,33082.5815305357,9620.214711780449,146104.59768343408,240.0,1,Urban,31.304964156017533,Approved,608.7691570143087,0.014255955360858817
LN02216,Male,Yes,1,Graduate,Salaried,51265.605279188094,29854.773692725492,151697.8442582584,180.0,1,Urban,28.980045847269743,Approved,842.765801434769,0.010389076236028938
LN04795,Female,Yes,0,Graduate,Salaried,34719.876641052724,12218.80135633666,151350.52771509532,300.0,1,Rural,47.83573856952428,Approved,504.50175905031773,0.01074810328229476
LN00369,Female,Yes,3,Graduate,Salaried,44539.80432289067,10731.958050647425,183494.22451078703,360.0,0,Semiurban,38.79267579924517,Rejected,509.7061791966306,0.009221818833130922
LN01113,Male,No,0,Not Graduate,Salaried,69913.63775945209,5512.513047319999,141687.8963839585,360.0,1,Urban,35.882590799639864,Approved,393.5774899554402,0.005218050845040645
LN04979,Male,No,0,Not Graduate,Self-Employed,15591.579821297484,18820.337057160108,157783.76938441934,120.0,0,Urban,40.419943109794936,Rejected,1314.864744870161,0.03820957575581288
LN04912,Male,Yes,0,Graduate,Unemployed,76542.30857131536,636.4754296083938,80971.44912765018,360.0,0,Urban,33.047787414791614,Rejected,224.9206920212505,0.002914281365440513
LN01641,Male,Yes,1,Graduate,Salaried,88244.41110830859,15893.952789316132,130028.76095069916,180.0,1,Urban,21.0,Approved,722.382005281662,0.006936752011888855
LN04999,Male,No,1,Graduate,Salaried,43038.68803938983,12152.044433525669,164746.7367555068,180.0,1,Rural,38.74244822892869,Approved,915.2596486417044,0.016583574952386475
LN02133,Male,Yes,1,Not Graduate,Salaried,71836.28267482755,33325.612403560124,99001.56406161556,300.0,1,Urban,27.340542720436154,Approved,330.0052135387185,0.0031380683401790416
LN04589,Male,Yes,1,Not Graduate,Unemployed,38403.15104437026,11299.775341627555,240783.87275401576,300.0,1,Semiurban,28.431390381889603,Rejected,802.6129091800525,0.016148202279819137
LN02263,Male,Yes,0,Not Graduate,Salaried,38578.92640701903,14136.621417532731,195411.12620458644,120.0,1,Rural,38.04494839135735,Approved,1628.426051704887,0.030890811513988724
LN03498,Male,Yes,2,Graduate,Salaried,56336.99057893411,15658.9160860224,205154.1639146684,120.0,1,Semiurban,21.0,Approved,1709.6180326222368,0.02374604490472208
LN04203,Male,Yes,2,Not Graduate,Self-Employed,40605.12560730652,15551.70637871464,287661.4755401603,180.0,1,Urban,24.010466145864143,Rejected,1598.1193085564462,0.02845814573290491
LN03635,Male,Yes,1,Graduate,Self-Employed,65336.36792590804,932.8056744044206,186203.7525372152,60.0,0,Urban,26.12025586811892,Rejected,3103.3958756202533,0.04683015808130767
LN05063,Female,Yes,0,Graduate,Self-Employed,33178.70573396863,25071.17823412373,97891.25964507778,300.0,1,Rural,28.849431268287383,Approved,326.3041988169259,0.005601799979475773
LN05874,Male,Yes,0,Graduate,Salaried,85421.30652014067,11435.728794749211,23599.770548975488,360.0,1,Semiurban,27.90070227092477,Approved,65.55491819159857,0.0006768214407809856
LN00518,Female,Yes,0,Graduate,Salaried,61986.64610858452,0.0,194422.3465179277,240.0,1,Urban,44.53867901697902,Approved,810.0931104913655,0.013068832746206216
LN04117,Female,Yes,1,Graduate,Self-Employed,22199.79657634114,19338.352400888765,124198.67341391358,240.0,1,Rural,30.115947558357064,Approved,517.4944725579733,0.012458294009240752
LN04372,Male,Yes,0,Graduate,Self-Employed,38157.57599302866,18306.13261090406,164465.23179368806,180.0,1,Urban,34.89447840689185,Approved,913.6957321871558,0.016181999992177568
LN03326,Male,Yes,1,Graduate,Self-Employed,59951.92318162292,7025.618829299011,130362.05237915956,60.0,1,Semiurban,35.416444233111285,Approved,2172.7008729859926,0.03243924467445661
LN00312,Female,Yes,3,Graduate,Salaried,76508.3269797606,2604.1198747497183,108070.96702592488,60.0,1,Semiurban,21.0,Approved,1801.1827837654148,0.02276737549374289
LN03741,Male,Yes,0,Graduate,Unemployed,70425.59810027629,3347.9800003471155,155033.7751549467,360.0,0,Rural,45.59604528785748,Rejected,430.6493754304075,0.005837447315392832
LN00342,Female,Yes,0,Graduate,Salaried,64899.33142217446,13563.40470102882,113583.53657891296,120.0,0,Semiurban,51.16990703774384,Rejected,946.5294714909413,0.01206342677120879
LN02681,Male,Yes,1,Graduate,Salaried,53959.09001020272,16025.414398175224,178828.05602544974,240.0,1,Urban,27.63137165524541,Approved,745.1169001060406,0.01064688399817891
LN02646,Female,Yes,2,Graduate,Unemployed,52589.83802819942,0.0,201434.935794495,360.0,0,Urban,32.45949340303793,Rejected,559.5414883180416,0.01063972640528019
LN03027,Female,Yes,0,Graduate,Salaried,68984.37442570069,25716.80373890589,187016.67112782397,360.0,1,Semiurban,41.11274500207061,Approved,519.4907531328444,0.005485578566191458
LN00039,Female,Yes,1,Graduate,Salaried,63937.22471738247,23173.06203738326,96476.58784899644,120.0,1,Semiurban,42.02516840553824,Approved,803.9715654083036,0.009229352759125418
LN05573,Female,Yes,1,Graduate,Salaried,52509.316984994985,15217.130184848427,94361.79608394728,360.0,0,Semiurban,31.60398445052523,Rejected,262.1161002331869,0.003870217783251732
LN00228,Male,Yes,0,Graduate,Self-Employed,45693.92581480064,23293.23772582862,198345.8700537734,240.0,1,Semiurban,36.615537695163376,Approved,826.4411252240558,0.011979636251276399
LN01036,Male,No,2,Not Graduate,Salaried,35484.68673995318,0.0,243137.98431901413,300.0,1,Rural,33.911212431228755,Rejected,810.4599477300471,0.022839709806921536
LN05099,Female,Yes,1,Graduate,Salaried,61361.44538497242,13013.30866177097,151042.0741068886,300.0,0,Rural,31.096660960580632,Rejected,503.4735803562954,0.006769415063071939
LN00208,Male,Yes,1,Graduate,Salaried,70300.95372612096,14367.26040103084,214916.7244887708,120.0,1,Urban,35.52551739329192,Approved,1790.97270407309,0.021152834301943216
LN01932,Female,Yes,0,Not Graduate,Self-Employed,50693.790864398936,13253.52054318372,112340.55436057669,120.0,0,Rural,39.304432273114,Rejected,936.1712863381391,0.014639728641150205
LN00361,Male,No,0,Not Graduate,Self-Employed,90654.77826005156,26247.767199858125,198424.94013124375,300.0,0,Urban,41.27502286804375,Rejected,661.4164671041458,0.005657844869861885
LN05997,Male,No,0,Not Graduate,Self-Employed,35651.92413006096,23380.1405453631,189262.76797857732,60.0,1,Semiurban,34.572575265641895,Approved,3154.379466309622,0.05343501847095038
LN01802,Male,Yes,2,Not Graduate,Self-Employed,45831.86466179074,7040.2962614950175,272089.4292664885,240.0,1,Urban,34.44729692442402,Rejected,1133.7059552770356,0.02144239871190385
LN04980,Female,Yes,1,Graduate,Salaried,36040.67141565477,0.0,152773.995938269,240.0,0,Rural,50.26764624926635,Rejected,636.5583164094543,0.01766222135731235
LN02436,Male,Yes,0,Not Graduate,Salaried,57370.54808656665,16576.34558440944,162317.39764742495,360.0,0,Rural,47.42417533860268,Rejected,450.881660131736,0.006097371204501394
LN04985,Male,No,2,Not Graduate,Salaried,92715.9561227163,16951.62047141818,157543.38142557812,360.0,1,Urban,41.75498547964075,Approved,437.62050395993924,0.003990427413013019
LN02128,Male,Yes,0,Not Graduate,Self-Employed,74307.62630882488,13178.39416142076,164361.01725876398,300.0,1,Semiurban,35.38993818453365,Approved,547.8700575292132,0.006262372600609329
LN02279,Male,Yes,1,Graduate,Self-Employed,69251.82585707902,26356.20585491476,163762.4343784182,180.0,0,Semiurban,48.47423516508794,Rejected,909.7913021023234,0.009515845957826495
LN01780,Male,No,3,Not Graduate,Salaried,31873.650726563323,11138.872239138584,265384.4113867725,300.0,1,Semiurban,30.307768460754097,Rejected,884.6147046225751,0.02056644538912458
LN03108,Male,No,0,Graduate,Salaried,69012.06825725078,30323.803825876217,180521.9999658425,180.0,1,Rural,22.014768148280424,Approved,1002.8999998102361,0.010096050689231193
LN03315,Male,No,1,Graduate,Unemployed,68328.92076202905,0.0,54206.54868457759,120.0,0,Urban,43.92384344629626,Rejected,451.72123903814656,0.006610981616574453
LN01965,Female,Yes,0,Not Graduate,Salaried,61791.613625104976,10396.932374256368,141309.25747653146,180.0,1,Urban,39.8975761190793,Approved,785.0514304251748,0.010875013751241369
LN05399,Male,No,3,Graduate,Salaried,66229.8171759558,12894.65059647008,173955.9563891386,120.0,0,Semiurban,43.89947129690782,Rejected,1449.6329699094883,0.01832091906234182
LN01276,Male,No,0,Graduate,Salaried,106386.59079963388,4452.955450340802,134537.80461836353,60.0,1,Urban,30.025685173200607,Approved,2242.2967436393924,0.02023011478757208
LN04053,Female,Yes,2,Graduate,Salaried,63896.84680540276,4041.608369960421,125978.98902982529,240.0,1,Urban,48.11854033471173,Approved,524.9124542909387,0.007726293642327181
LN00261,Female,Yes,3,Graduate,Salaried,58809.492878764,22732.399866657597,145533.2067264477,180.0,1,Rural,42.85121396075613,Approved,808.5178151469318,0.009915367278402159
LN04742,Male,Yes,0,Graduate,Salaried,60032.38062713882,6736.347147341314,151813.96463191675,300.0,1,Urban,37.23712120326242,Approved,506.04654877305586,0.00757909526870562
LN03885,Male,Yes,1,Not Graduate,Salaried,70725.8181903438,4055.056391651038,173002.2695441778,180.0,0,Urban,34.63245964369733,Rejected,961.1237196898767,0.012852533820476186
LN01849,Male,No,0,Graduate,Salaried,68543.8872374337,11733.524368113884,206852.9430022761,240.0,0,Urban,28.77186300848713,Rejected,861.8872625094838,0.010736360892457114
LN03912,Male,Yes,0,Graduate,Self-Employed,80189.43577191938,7821.467856459645,101597.5102225152,300.0,0,Rural,39.048376866490166,Rejected,338.658367408384,0.003847913763484914
LN03504,Female,Yes,2,Not Graduate,Salaried,49964.31614376936,33480.4019177085,96681.84623075904,60.0,1,Semiurban,39.86636567889474,Approved,1611.364103845984,0.01931055843053855
LN00819,Female,Yes,0,Not Graduate,Salaried,81309.60750130702,9563.931039069474,213176.9505398254,180.0,0,Urban,29.60599008841256,Rejected,1184.3163918879188,0.013032577039593424
LN04125,Female,Yes,1,Graduate,Salaried,38089.61222308876,13728.00616017557,150860.97913652804,180.0,1,Urban,25.915767326415622,Approved,838.1165507584891,0.016174354918426313
LN02424,Male,Yes,1,Not Graduate,Salaried,29377.84994888556,21134.60165671837,128608.28921410638,60.0,1,Rural,47.26562590819128,Approved,2143.471486901773,0.042434517010533954
LN05344,Male,No,0,Not Graduate,Self-Employed,53410.21399564028,16119.819326212575,134661.3657668185,120.0,0,Rural,41.50591655236766,Rejected,1122.1780480568207,0.01613947231784408
LN03560,Female,No,0,Graduate,Salaried,64655.73485880328,11828.971674260343,20000.0,180.0,1,Rural,57.85522629576435,Approved,111.11111111111111,0.0014527232455690841
LN05248,Male,No,2,Not Graduate,Salaried,76387.46536278812,27373.69793563599,101117.65814225972,60.0,0,Urban,31.777365650117098,Rejected,1685.2943023709954,0.016242052891446247
LN03441,Female,Yes,3,Not Graduate,Salaried,47717.54869983368,12488.821653575593,130645.78777625304,60.0,1,Semiurban,42.06891545423071,Approved,2177.429796270884,0.03616610307994732
LN03276,Male,Yes,0,Graduate,Salaried,83403.97418393208,10754.018339778577,84357.9863453637,240.0,0,Urban,23.570931081904675,Rejected,351.49160977234874,0.0037329981274169255
LN04780,Female,Yes,2,Graduate,Self-Employed,65581.6771669037,2534.3803384057355,202226.32149090705,60.0,0,Urban,38.72063586327704,Rejected,3370.4386915151176,0.049480824565520436
LN00414,Female,Yes,1,Graduate,Salaried,66646.28023959184,18645.61477355457,225603.39745707263,240.0,0,Rural,31.67708323796715,Rejected,940.014156071136,0.011021142816984516
LN00399,Male,No,2,Graduate,Salaried,84756.32623946923,661.9417607158557,124941.14315234825,300.0,0,Rural,39.34389800910586,Rejected,416.47047717449414,0.004875660522332199
LN00848,Male,No,1,Graduate,Salaried,47245.200314973685,40299.277492519526,71339.35302191465,180.0,1,Semiurban,36.6384464948092,Approved,396.32973901063696,0.004527181484618026
LN02361,Male,No,0,Not Graduate,Salaried,32946.59428312931,17569.974455858304,160875.67479693927,240.0,0,Urban,39.13626142285161,Rejected,670.3153116539137,0.013269216979429932
LN05923,Male,Yes,2,Not Graduate,Salaried,61639.77627649439,8883.068782982016,117842.30013994442,120.0,0,Semiurban,40.94153955573226,Rejected,982.0191678328702,0.013924837646647278
LN03709,Male,Yes,0,Graduate,Self-Employed,60788.94096481479,4248.969518832444,82115.0636566224,360.0,0,Rural,41.98359193637198,Rejected,228.09739904617334,0.003507145253436837
LN03763,Female,Yes,0,Graduate,Salaried,76465.5983135541,18252.594982295817,132222.6664404647,120.0,1,Urban,41.9704721947047,Approved,1101.8555536705392,0.011632987447605981
LN02976,Female,No,1,Graduate,Salaried,85274.13355309337,18070.392372518218,102001.37404279796,240.0,1,Urban,39.48889265775122,Approved,425.00572517832484,0.0041125131822100395
LN00565,Male,Yes,2,Not Graduate,Salaried,51838.49253956897,22072.313738042765,128258.96935669427,180.0,0,Semiurban,30.317083310911045,Rejected,712.5498297594127,0.009640671853626506
LN01988,Male,Yes,1,Graduate,Salaried,47170.36809554096,18247.58239533542,103149.65093769463,360.0,1,Semiurban,31.32644996367199,Approved,286.5268081602629,0.004379941682829452
LN04821,Male,No,3,Graduate,Salaried,56322.9221368158,14357.962050472865,101937.42562744662,300.0,1,Urban,41.8701842422572,Approved,339.7914187581554,0.004807401925784961
LN02881,Female,Yes,3,Not Graduate,Salaried,17585.996947298678,11287.426293296065,199823.1307706492,360.0,1,Rural,43.666622745194175,Approved,555.0642521406922,0.019224054159269095
LN01869,Male,Yes,0,Graduate,Self-Employed,51783.7142409083,22250.81044447508,183688.441716813,120.0,0,Semiurban,25.764684102706678,Rejected,1530.7370143067749,0.02067598894990931
LN00213,Female,Yes,0,Graduate,Unemployed,73027.82502611596,1954.105561995275,211532.29020890055,360.0,1,Rural,35.38865535869777,Approved,587.5896950247237,0.007836417259678949
LN03086,Female,Yes,0,Graduate,Salaried,58868.23022200209,35355.31456719595,38521.22129440613,300.0,1,Urban,33.739733306144764,Approved,128.40407098135378,0.001362759926604611
LN01140,Male,Yes,1,Graduate,Self-Employed,54048.72993280016,0.0,151678.3824034503,180.0,0,Semiurban,46.93150077658492,Rejected,842.6576800191683,0.015590702705999956
LN03263,Female,No,1,Graduate,Salaried,83455.13690534889,7335.335689802123,103764.40597994142,120.0,0,Rural,34.61298352572807,Rejected,864.7033831661786,0.009524164358324544
LN03766,Female,Yes,2,Graduate,Salaried,40492.679454435,24330.66605720985,149206.70407732434,60.0,0,Urban,28.611830841477527,Rejected,2486.778401288739,0.03836238906925924
LN00069,Male,Yes,2,Not Graduate,Self-Employed,47097.60490789751,10026.456285859069,224141.6433192953,240.0,1,Urban,38.45099019613853,Rejected,933.9235138303972,0.016349039166922378
LN02100,Male,Yes,2,Not Graduate,Salaried,67528.19052195034,0.0,41947.20013253645,60.0,0,Semiurban,43.9725886627506,Rejected,699.1200022089408,0.010353009562453606
LN04943,Male,Yes,0,Graduate,Salaried,45436.561980603685,11528.3851758155,157160.65416030653,120.0,0,Urban,31.867025011340885,Rejected,1309.6721180025545,0.022990842322847167
LN02500,Male,Yes,3,Not Graduate,Salaried,71412.25994439062,40054.48905356893,208644.7139315739,60.0,0,Semiurban,29.721343376587686,Rejected,3477.411898859565,0.03119685404051051
LN01729,Female,No,1,Not Graduate,Salaried,96763.67353590246,16664.931271151247,168819.42809445996,120.0,0,Urban,32.66865584775708,Rejected,1406.828567453833,0.01240276709606806
LN01337,Female,Yes,1,Not Graduate,Salaried,53950.60627023743,0.0,119989.7887707186,60.0,0,Semiurban,45.69595666918152,Rejected,1999.82981284531,0.03706779128353452
LN01003,Female,Yes,0,Graduate,Self-Employed,47061.26444588852,12662.759421482746,104005.09147769232,180.0,1,Semiurban,39.84551376920318,Approved,577.8060637649573,0.00967460037602435
LN01021,Male,Yes,1,Graduate,Salaried,48525.99992122842,0.0,200647.14423348903,300.0,1,Semiurban,44.8116281944518,Approved,668.8238141116301,0.01378279304284966
LN01812,Male,Yes,1,Graduate,Self-Employed,92244.41256510848,16551.553428653562,164395.9810623,300.0,1,Rural,24.24145823300357,Approved,547.986603541,0.005036828328473315
LN00714,Male,Yes,2,Graduate,Unemployed,59247.30595150303,0.0,157969.65988881112,180.0,1,Semiurban,45.58542741438399,Approved,877.6092216045062,0.014812643503535408
LN01758,Male,Yes,0,Graduate,Self-Employed,92245.5651597729,927.0655650759744,185916.57715971232,240.0,0,Semiurban,46.494045484308415,Rejected,774.6524048321347,0.00831416263344314
LN00134,Female,Yes,3,Graduate,Self-Employed,41611.51531532394,6978.005919648208,130850.03927582712,360.0,0,Urban,40.00609021068651,Rejected,363.472331321742,0.0074804674358498096
LN00762,Male,Yes,0,Graduate,Self-Employed,111201.69076537588,17972.272215850862,120662.76196349942,120.0,1,Urban,38.99787947651395,Approved,1005.5230163624951,0.007784254606391777
LN00153,Female,Yes,1,Graduate,Salaried,64645.07394322007,6292.722283562587,93791.7007619033,300.0,0,Urban,32.352142504527194,Rejected,312.6390025396777,0.004407227446708309
LN02537,Female,No,1,Graduate,Salaried,78369.08887884827,31976.23779709341,104084.19313357996,120.0,0,Urban,32.2907015264457,Rejected,867.3682761131663,0.00786048944927612
LN03957,Male,No,0,Graduate,Salaried,55209.961559565,4654.020403933451,191705.02859550345,60.0,0,Semiurban,21.0,Rejected,3195.0838099250573,0.05337239029427131
LN03991,Male,Yes,1,Not Graduate,Salaried,50574.7251859496,16914.507159573524,181847.62699974352,180.0,1,Semiurban,41.30125420390398,Approved,1010.2645944430195,0.014969270790795046
LN02093,Male,Yes,2,Graduate,Salaried,37223.33764438462,10104.293529693285,130008.86582022662,60.0,0,Urban,30.585988513091408,Rejected,2166.8144303371105,0.04578328508281456
LN03105,Female,No,1,Graduate,Salaried,67228.34634546205,11568.08431313288,243095.7439075086,240.0,1,Urban,32.07002166133184,Approved,1012.8989329479524,0.012854629638448828
LN01349,Female,Yes,1,Graduate,Self-Employed,55504.69196214633,29194.55680797839,121234.56957991034,180.0,0,Semiurban,40.58587649307696,Rejected,673.5253865550575,0.007951964112255794
LN04355,Female,Yes,2,Not Graduate,Self-Employed,74317.45489381919,40727.52389244474,147282.95794816752,240.0,0,Semiurban,51.91742889820031,Rejected,613.6789914506979,0.005334252723804836
LN00352,Male,Yes,1,Graduate,Salaried,77153.19246404039,1462.4532529024143,31548.78442093743,360.0,0,Semiurban,47.92071881540936,Rejected,87.63551228038175,0.001114733733739403
LN05307,Female,No,0,Graduate,Salaried,42966.75651331214,3703.325406894632,213980.70595888735,60.0,0,Urban,41.12034246824256,Rejected,3566.3450993147894,0.07641608826426051
LN04913,Male,Yes,0,Not Graduate,Salaried,63159.48624502903,20501.284812178797,138370.03807822568,180.0,0,Urban,33.54332854923067,Rejected,768.7224337679205,0.009188565011458746
LN00909,Male,Yes,0,Graduate,Salaried,103265.0944661092,6094.311894089857,152113.15324824897,300.0,0,Urban,37.78121409358005,Rejected,507.0438441608299,0.004636490458724423
LN01471,Female,No,3,Graduate,Salaried,47804.34191361236,11940.45568468408,48803.41945085279,360.0,1,Semiurban,40.337896202060485,Approved,135.56505403014663,0.002269068763805003
LN02297,Female,No,0,Graduate,Salaried,88031.97185892859,18772.632593422262,106132.21324225533,60.0,0,Urban,41.01649307834818,Rejected,1768.8702207042554,0.016561741226179143
LN02809,Male,No,1,Graduate,Salaried,49009.194508089306,22673.073626024867,129579.00749343415,60.0,0,Rural,30.713406610678312,Rejected,2159.6501248905693,0.030128094173163786
LN05579,Female,No,0,Graduate,Salaried,60313.64472943249,7806.783131918263,141070.88652428874,60.0,1,Urban,31.605716637494105,Approved,2351.181442071479,0.03451507155617061
LN01819,Female,Yes,1,Graduate,Salaried,40256.409456976326,17342.592644567656,158500.5109490105,120.0,0,Semiurban,32.72663820146772,Rejected,1320.8375912417541,0.022931605462768043
LN02488,Female,Yes,0,Not Graduate,Salaried,60507.768410848206,20711.412420380737,101296.99215408892,60.0,1,Semiurban,26.68349755954865,Approved,1688.2832025681487,0.020786754868611042
LN03173,Male,Yes,3,Graduate,Salaried,75520.5582768695,3487.7334249285577,154019.25193818274,120.0,1,Urban,38.1299073447914,Approved,1283.4937661515228,0.01624505148137905
LN01785,Male,No,0,Graduate,Salaried,30848.97001070139,15596.918805797362,204911.79017617131,180.0,0,Urban,33.23885043756897,Rejected,1138.398834312063,0.02451021744485757
LN01353,Male,No,1,Graduate,Salaried,75183.10320605294,26788.65937036939,196928.55335299697,300.0,0,Rural,57.52099420360106,Rejected,656.4285111766566,0.006437355740366838
LN04349,Male,Yes,2,Graduate,Self-Employed,48784.78186040279,12846.117111399237,182081.26162206044,360.0,0,Rural,34.34380560280228,Rejected,505.78128228350124,0.008206618607249446
LN02392,Male,Yes,0,Graduate,Self-Employed,30069.414898198414,30741.46786032409,122756.4964588244,120.0,1,Urban,34.23978912698804,Approved,1022.9708038235367,0.01682216664878409
LN01098,Female,Yes,2,Graduate,Self-Employed,78326.55349404963,6225.159778443684,154956.289623808,180.0,0,Rural,30.90117113043615,Rejected,860.8682756878222,0.010181559218243342
LN05733,Male,Yes,0,Graduate,Self-Employed,56191.07628141566,13073.93561239194,215627.4597170113,360.0,0,Urban,37.59763322340648,Rejected,598.9651658805869,0.008647441897489016
LN05416,Female,Yes,1,Graduate,Salaried,52350.9520466142,14654.27774514181,183213.7602128563,120.0,0,Urban,54.15924781159897,Rejected,1526.7813351071356,0.022786002523268463
LN00397,Female,Yes,0,Not Graduate,Salaried,87077.44748330826,2144.089992439724,141728.79739090533,120.0,1,Urban,38.96075605968733,Approved,1181.0733115908777,0.013237535969517614
LN03868,Male,Yes,0,Graduate,Unemployed,62797.74465678255,18796.99677417113,153150.88294496143,240.0,0,Semiurban,36.35550051658372,Rejected,638.1286789373393,0.007820708390593166
LN00137,Male,No,0,Graduate,Salaried,53558.76967588649,9288.160259158136,153713.68450950723,120.0,0,Semiurban,31.12888280151861,Rejected,1280.9473709125602,0.02038201980966265
LN02497,Male,Yes,1,Graduate,Self-Employed,54404.796630083314,27090.10198900997,265875.8115598427,360.0,0,Semiurban,37.28549538854044,Rejected,738.5439209995632,0.009062455853237065
LN04695,Male,No,2,Graduate,Salaried,56036.0864724056,4230.454591220536,202768.2773375353,300.0,1,Rural,23.462039348091253,Approved,675.8942577917844,0.011215082960845753
LN01807,Male,Yes,0,Not Graduate,Salaried,70174.50046459868,32230.747176462497,103897.34764112868,60.0,1,Urban,38.56132493157293,Approved,1731.622460685478,0.016909509039565604
LN00946,Female,Yes,0,Graduate,Salaried,29489.496581505224,0.0,191030.37379543355,180.0,0,Urban,34.88371193199483,Rejected,1061.2798544190753,0.03598840188695092
LN02124,Male,Yes,1,Not Graduate,Salaried,60449.31785624093,11665.137190303049,257172.2409271824,300.0,1,Urban,36.003372521177894,Approved,857.240803090608,0.011887225696115004
LN02330,Male,Yes,1,Graduate,Salaried,54120.66104671636,12848.036764398195,166428.15575937578,60.0,0,Urban,30.786676144587997,Rejected,2773.8025959895963,0.04141938975449569
LN03755,Male,Yes,1,Graduate,Salaried,20621.53715167833,25467.12713775764,106999.87624388492,60.0,0,Urban,42.01424691026984,Rejected,1783.3312707314153,0.03869348999858463
LN01644,Female,Yes,0,Graduate,Salaried,38752.12943706241,24453.117712358653,214245.83924375416,120.0,0,Rural,40.20579561410176,Rejected,1785.3819936979514,0.02824736986594166
LN01324,Female,No,1,Graduate,Self-Employed,61289.488296202406,19746.33485566792,178262.3561987365,120.0,0,Semiurban,29.47587389483475,Rejected,1485.519634989471,0.01833164120768464
LN04889,Male,Yes,1,Not Graduate,Salaried,72719.35501423475,21467.439354186445,197327.42638583912,300.0,0,Rural,32.180762074500464,Rejected,657.758087952797,0.006983548939779281
LN01283,Male,Yes,2,Graduate,Salaried,79134.04633589167,14608.55973031658,102212.28210886776,180.0,0,Urban,51.3379112076889,Rejected,567.846011715932,0.0060575018718263
LN03121,Male,Yes,2,Graduate,Salaried,47756.66165690358,777.6549849312651,157331.62938230875,360.0,1,Rural,34.59193706323844,Approved,437.03230383974653,0.009004604042638158
LN00046,Male,No,0,Graduate,Self-Employed,50787.22458080425,15019.768447558108,182753.9008815263,60.0,1,Urban,43.230887942350165,Approved,3045.8983480254383,0.046285329383044096
LN03480,Male,Yes,2,Graduate,Salaried,53956.38826034757,20838.37081539059,134090.96412366585,300.0,0,Semiurban,25.73204024400441,Rejected,446.9698804122195,0.005975951870633233
LN05064,Male,No,0,Not Graduate,Salaried,74873.03551080347,27710.300994311405,83938.31311681542,180.0,1,Semiurban,47.281866724313794,Approved,466.3239617600857,0.004545806147929634
LN01960,Male,Yes,2,Graduate,Self-Employed,58902.11998767428,8695.415458145224,116630.79728199358,180.0,1,Urban,28.025220725732414,Approved,647.9488737888532,0.00958539197495143
LN05439,Female,Yes,0,Not Graduate,Salaried,58799.24916622871,15182.30997137117,79365.44237536844,180.0,0,Rural,34.72104209785559,Rejected,440.91912430760243,0.005959851744777743
LN03063,Male,Yes,1,Not Graduate,Salaried,49413.357751032585,7119.237460963288,125560.01008245342,360.0,1,Rural,42.85539778040264,Approved,348.77780578459283,0.006169499285795821
LN00258,Male,No,3,Not Graduate,Salaried,68876.38856292456,4965.610965004966,86388.11863840184,300.0,1,Urban,23.985567188325756,Approved,287.96039546133943,0.003899683070640891
LN05250,Female,No,0,Graduate,Self-Employed,40684.347342720816,27833.54577288205,59582.8972987883,120.0,0,Urban,27.810459433210823,Rejected,496.5241441565692,0.007246634734066289
LN05364,Male,Yes,0,Graduate,Salaried,56195.183111735685,12733.377962760003,189071.4459732764,240.0,0,Rural,23.39640705840429,Rejected,787.7976915553184,0.011429191024369316
LN00415,Male,Yes,0,Graduate,Salaried,45030.26926886893,8198.265236520492,142305.11130071824,60.0,0,Rural,48.22977952839551,Rejected,2371.7518550119707,0.04455790258083903
LN04095,Male,No,1,Graduate,Salaried,39360.89515811131,30991.23240836734,104582.93741460076,240.0,1,Semiurban,42.47868743648195,Approved,435.7622392275032,0.006194016503846786
LN00853,Male,Yes,2,Graduate,Unemployed,83780.33062215103,0.0,126971.69851202212,300.0,1,Urban,34.649226422679405,Approved,423.23899504007375,0.005051770408365658
LN04853,Male,Yes,1,Graduate,Salaried,62977.53607835382,11135.051096772098,104663.5517324953,300.0,1,Rural,24.68758083146011,Approved,348.8785057749843,0.004707412317837379
LN05334,Female,Yes,0,Graduate,Salaried,44565.18370806435,750.2882818458784,87832.06311953231,60.0,0,Urban,43.828401159476336,Rejected,1463.8677186588718,0.032303927430896245
LN04008,Male,Yes,2,Graduate,Salaried,50234.52315096911,6523.727875031158,133597.177466162,180.0,0,Urban,31.87101022296766,Rejected,742.2065414786777,0.013076628121234423
LN00815,Male,Yes,0,Graduate,Salaried,30288.79253926056,16785.29169720478,119278.8237776079,180.0,0,Rural,30.54127150825791,Rejected,662.6601320978217,0.014076962788465687
LN03882,Male,Yes,1,Graduate,Salaried,23124.128330385087,3007.9567490435675,114504.04335239678,60.0,0,Urban,36.132860655905134,Rejected,1908.4007225399464,0.07302902607041685
LN04635,Male,No,1,Not Graduate,Salaried,15000.0,3847.827720290808,108455.8668072435,360.0,0,Semiurban,28.19329770229079,Rejected,301.2662966867875,0.01598413892347161
LN05745,Female,No,0,Graduate,Self-Employed,67334.92815784513,21089.84446492435,98127.91517958372,180.0,1,Rural,47.09545403360138,Approved,545.1550843310207,0.006165185028597322
LN01272,Male,Yes,2,Graduate,Salaried,38153.744706548416,24049.620414942,217066.503477484,180.0,1,Urban,29.83751907326097,Approved,1205.9250193193554,0.019386813188708416
LN02220,Female,Yes,0,Graduate,Salaried,52833.19695957556,0.0,189932.4103595572,60.0,1,Urban,30.89485349438243,Approved,3165.540172659287,0.05991574151913137
LN00145,Male,Yes,2,Graduate,Salaried,75636.45743554621,12798.862687451714,185048.61613519827,180.0,1,Semiurban,29.8746318931512,Approved,1028.0478674177682,0.011624856064160057
LN03316,Female,Yes,1,Graduate,Self-Employed,58921.90301988522,12152.105904846048,225514.33256365728,300.0,0,Urban,21.0,Rejected,751.7144418788577,0.01057650262383451
LN03928,Male,No,3,Graduate,Salaried,36412.61756734765,21882.59710772413,142482.58168568663,360.0,1,Urban,45.51947884205252,Approved,395.7849491269073,0.006789321410564305
LN05881,Female,Yes,2,Graduate,Self-Employed,87849.11882966135,11666.199443923344,154244.41207633336,60.0,1,Urban,33.2090576722307,Approved,2570.7402012722227,0.025832607942877867
LN03282,Male,No,0,Graduate,Salaried,16952.32910781639,6567.016887150476,183707.20025599943,60.0,0,Rural,42.30562433738236,Rejected,3061.786670933324,0.13018162459060492
LN04006,Female,No,0,Graduate,Salaried,15000.0,25008.20497768414,125799.01884018608,240.0,0,Semiurban,44.0991714737353,Rejected,524.1625785007753,0.013101377049861241
LN02574,Male,Yes,1,Not Graduate,Self-Employed,112415.8618205995,13551.332448539057,125599.35984139572,300.0,1,Rural,40.35649382911978,Approved,418.6645328046524,0.003323599729546596
LN05845,Male,No,2,Graduate,Salaried,49096.27510547356,13911.513749308382,193837.9994577132,300.0,1,Rural,27.96846927189525,Approved,646.126664859044,0.010254710990544568
LN00850,Female,Yes,1,Graduate,Self-Employed,47537.18947150471,3795.820810636107,209456.4890726733,300.0,0,Urban,44.80515644759832,Rejected,698.1882969089111,0.01360115631387035
LN02869,Male,Yes,2,Graduate,Self-Employed,84579.61004978124,1338.85919066315,176723.42675342556,120.0,0,Rural,39.51340244159211,Rejected,1472.6952229452131,0.017140612908545298
LN00080,Male,Yes,3,Graduate,Salaried,55606.56224324976,30486.392950240366,212944.31028714107,120.0,0,Semiurban,39.33611105891298,Rejected,1774.5359190595088,0.0206118597633374
LN02805,Male,No,1,Not Graduate,Salaried,24475.073330670966,0.0,116925.605735924,180.0,1,Semiurban,39.81813938304791,Rejected,649.5866985329111,0.026540745752082418
LN03308,Female,Yes,3,Graduate,Salaried,95223.76249734747,17201.89314205133,20000.0,120.0,0,Semiurban,36.79550207928553,Rejected,166.66666666666666,0.001482461149270447
LN01848,Female,Yes,0,Graduate,Self-Employed,79389.14401053474,8493.43378663805,157350.5416806432,120.0,0,Urban,29.775794968963236,Rejected,1311.2545140053599,0.014920528583397371
LN04915,Female,Yes,0,Not Graduate,Salaried,64227.93134941318,14820.720317502011,126733.87408294612,120.0,0,Semiurban,24.13007730370976,Rejected,1056.1156173578843,0.013360324244466627
LN03705,Male,No,3,Graduate,Salaried,66152.25336378392,6910.361070741996,219552.12375279728,240.0,1,Semiurban,44.2511838962425,Approved,914.8005156366554,0.012520774444178172
LN03270,Female,No,0,Graduate,Salaried,55686.64724904735,29955.717364824264,140500.92882514608,180.0,1,Semiurban,46.21645219083825,Approved,780.560715695256,0.009114189212482669
LN02051,Male,Yes,0,Not Graduate,Salaried,42657.395685782,3225.8349475071136,107763.1295604412,240.0,1,Urban,48.200560638822026,Approved,449.0130398351717,0.00978599443931493
LN01081,Male,Yes,0,Graduate,Salaried,53014.84591363143,27434.69128345964,131446.79855495738,240.0,1,Urban,23.24253093599292,Approved,547.694993978989,0.006807932190302182
LN05514,Female,No,2,Not Graduate,Salaried,83910.62776173418,14599.627924789009,98696.59586294212,360.0,1,Urban,46.27185306421952,Approved,274.1572107303948,0.002783032170810833
LN01499,Male,Yes,3,Graduate,Salaried,71850.53898402366,13203.802785943668,139867.33685889252,120.0,0,Urban,36.13937560157602,Rejected,1165.561140490771,0.013703723010908428
LN04694,Male,Yes,1,Not Graduate,Self-Employed,56182.5556089364,21847.14854049892,162270.487088567,60.0,1,Urban,32.76139859289151,Approved,2704.508118142783,0.03465998170342101
LN01742,Male,Yes,1,Graduate,Salaried,61401.04326226363,8687.588637592995,113407.0395070968,120.0,1,Urban,43.19701761518111,Approved,945.05866255914,0.01348376529748005
LN02254,Female,Yes,1,Graduate,Salaried,34952.13111173762,16149.417717591316,243286.36779842284,300.0,0,Semiurban,24.28543809972793,Rejected,810.9545593280761,0.015869471237291374
LN02935,Male,Yes,1,Graduate,Salaried,89453.41351501964,14512.343481568849,124330.16596119692,360.0,0,Rural,33.35883682881485,Rejected,345.3615721144359,0.003321878107671245
LN03838,Female,Yes,0,Graduate,Unemployed,40639.08482979509,5011.791306659505,186896.74631310772,300.0,1,Semiurban,49.87771935996353,Approved,622.9891543770258,0.013646817040594247
LN01787,Male,No,1,Not Graduate,Salaried,44956.87188818834,8621.91307140064,123447.04148106622,60.0,1,Semiurban,30.259251101358533,Approved,2057.4506913511036,0.03840047311455282
LN05532,Male,Yes,0,Graduate,Salaried,86310.16581880208,8697.67926353561,133558.458670638,120.0,1,Rural,34.43721383582675,Approved,1112.98715558865,0.011714686872690247
LN02871,Male,Yes,2,Graduate,Unemployed,69167.73407102968,15818.443345295387,193267.9354525035,120.0,0,Urban,35.96737251157325,Rejected,1610.5661287708624,0.018950918581513793
LN04896,Male,No,2,Graduate,Salaried,26229.89623863,0.0,195776.48958623715,180.0,1,Semiurban,25.801376135861844,Approved,1087.6471643679843,0.041465934690437516
LN04871,Female,Yes,0,Graduate,Salaried,87202.31800360625,17819.1802075105,116184.20682113188,360.0,0,Urban,41.94500590433156,Rejected,322.73390783647744,0.0030730270785864233
LN05312,Female,No,0,Graduate,Salaried,43898.09637938983,6510.953436295355,186058.0911042077,180.0,1,Urban,27.254341680615283,Approved,1033.6560616900429,0.020505366902758247
LN01521,Male,Yes,2,Graduate,Self-Employed,71641.95406937231,0.0,106261.18878728162,180.0,1,Semiurban,25.56023846106153,Approved,590.33993770712,0.008240142879624449
LN04423,Male,No,0,Graduate,Self-Employed,78917.39287368291,14867.169110409804,195422.25828228865,120.0,0,Rural,27.165819269666876,Rejected,1628.518819019072,0.017364465798702496
LN01365,Female,No,2,Graduate,Salaried,56829.4085394606,22642.132033388552,203373.3925535343,60.0,1,Semiurban,41.02504392221797,Approved,3389.556542558905,0.04265119963859013
LN03744,Male,Yes,0,Graduate,Salaried,40097.03036293241,20724.71411779736,105376.75161421712,360.0,1,Urban,42.43865866938104,Approved,292.7131989283809,0.004812640634158752
LN00044,Male,No,0,Not Graduate,Salaried,30429.560192651454,16095.71580077858,233563.1230151817,120.0,0,Semiurban,36.8710026945837,Rejected,1946.3593584598477,0.041834450562629626
LN03732,Male,Yes,0,Graduate,Self-Employed,19630.24271222724,27696.132625998427,181264.4756271034,120.0,0,Rural,35.99839615659064,Rejected,1510.5372968925285,0.03191745165559853
LN02126,Female,Yes,0,Graduate,Salaried,36383.743693823104,23790.141545570077,157349.61421442777,300.0,1,Urban,43.21738289263442,Approved,524.4987140480926,0.00871638439102693
LN04322,Male,Yes,0,Graduate,Salaried,84405.65792835434,25370.053243691586,151898.18641053175,360.0,1,Semiurban,41.098555883209976,Approved,421.93940669592155,0.003843649949437697
LN02913,Female,No,0,Graduate,Self-Employed,75158.43699847239,17820.362104622207,142520.7342341312,180.0,1,Rural,28.799306959439686,Approved,791.7818568562844,0.008515724708149427
LN01255,Female,Yes,1,Graduate,Salaried,35807.17962617589,33197.71787312598,138304.60072775529,360.0,0,Urban,38.79938957818828,Rejected,384.1794464659869,0.005567422898785898
LN05585,Male,Yes,1,Graduate,Self-Employed,45520.70539064425,25832.61776294304,249807.61598774628,240.0,1,Urban,40.98284297580857,Approved,1040.8650666156095,0.014587478488915761
LN00387,Male,No,1,Graduate,Salaried,97523.41678431771,777.7035049379283,79659.47276975641,120.0,1,Urban,46.97835088516172,Approved,663.82893974797,0.0067530149991640205
LN04582,Female,Yes,0,Not Graduate,Salaried,59880.90581574541,10128.328169708557,127026.2284023678,180.0,1,Urban,37.0269282340005,Approved,705.7012689020432,0.010080116989262715
LN05865,Male,No,0,Graduate,Salaried,48003.57212165877,3709.355781676983,144260.5589182725,120.0,0,Semiurban,37.02243147023007,Rejected,1202.1713243189374,0.023247017197829
LN05464,Female,Yes,0,Not Graduate,Salaried,20653.498715480117,47877.61187388739,184674.79103023,120.0,0,Semiurban,21.36751980179406,Rejected,1538.9565919185834,0.022456320621153773
LN02673,Male,Yes,0,Graduate,Salaried,49223.16287614523,26936.11755172588,108349.587208028,120.0,1,Urban,21.0,Approved,902.9132267335666,0.011855590305750029
LN05718,Female,No,0,Graduate,Self-Employed,71118.82903291684,6536.016942223123,145877.70204254234,360.0,0,Urban,37.030028435887445,Rejected,405.2158390070621,0.005218165510711152
LN02025,Male,Yes,1,Not Graduate,Self-Employed,63676.9908950739,13630.104223060576,230867.93487225275,360.0,1,Urban,41.63921102103987,Approved,641.299819089591,0.008295484626729388
LN04036,Male,Yes,1,Graduate,Salaried,70338.93031496742,11956.551289460484,173730.19615173806,360.0,0,Urban,25.278014224306624,Rejected,482.58387819927236,0.0058640385692002184
LN05545,Female,Yes,3,Graduate,Unemployed,26576.604550118696,27962.567097480016,90265.8265991724,60.0,0,Urban,29.594400286574984,Rejected,1504.43044331954,0.027584402143844774
LN01734,Male,Yes,1,Graduate,Salaried,75998.838038841,16177.07418460958,201072.9052007688,60.0,0,Rural,32.84350747618685,Rejected,3351.2150866794796,0.03635673361773244
LN03502,Female,Yes,1,Graduate,Salaried,60904.45417999965,16755.740849258218,233138.86445897343,300.0,0,Semiurban,33.72005929158415,Rejected,777.1295481965781,0.01000679367214827
LN02759,Female,Yes,1,Not Graduate,Salaried,72454.22447800537,29617.170162571183,161179.97272229526,120.0,1,Urban,23.125819718009254,Approved,1343.1664393524604,0.013159087755018386
LN03078,Female,No,2,Graduate,Self-Employed,64680.48908706296,4343.173021804334,60186.171661123226,300.0,0,Rural,35.7000265221151,Rejected,200.62057220374408,0.002906547784835236
LN00622,Female,Yes,1,Not Graduate,Salaried,97640.48992950068,18653.94241925141,114224.36169386256,240.0,0,Urban,31.361752096609944,Rejected,475.93484039109404,0.004092498933773773
LN02797,Female,Yes,1,Not Graduate,Self-Employed,24282.67016131778,23976.55771649744,150008.02537035424,120.0,1,Urban,37.29436564414628,Approved,1250.0668780862854,0.025903167809714203
LN05990,Male,No,0,Graduate,Salaried,70755.36380736968,9774.79070590363,197111.5008783918,360.0,1,Urban,40.39035851650082,Approved,547.5319468844216,0.0067990922182345395
LN02483,Female,Yes,2,Graduate,Salaried,44666.86824433304,1751.5421906725987,167601.93064790603,240.0,1,Urban,35.70115484056665,Approved,698.3413776996084,0.015044491423880521
LN02109,Male,Yes,0,Graduate,Salaried,72063.74862164687,19147.844620792413,38703.22910209611,120.0,0,Semiurban,29.977217589974373,Rejected,322.5269091841343,0.0035360297712031166
LN05148,Male,Yes,1,Graduate,Self-Employed,74932.22729204314,2226.2886644938208,154398.21387371377,60.0,1,Semiurban,25.9831532976979,Approved,2573.303564561896,0.03335086908632906
LN05159,Male,Yes,2,Graduate,Salaried,37396.42541030633,33056.68878116265,147575.2069225587,60.0,0,Urban,26.35617559527869,Rejected,2459.5867820426447,0.03491097320919379
LN05732,Female,Yes,0,Not Graduate,Salaried,80456.82943101529,24363.80134616622,159813.61692204318,360.0,1,Urban,50.61003547370048,Approved,443.92671367234215,0.004235108207047548
LN01857,Male,Yes,0,Graduate,Self-Employed,54999.06970802094,6140.292661022231,129309.49406890514,360.0,1,Semiurban,42.97781825668609,Approved,359.19303908029207,0.00587498830805869
LN01716,Male,Yes,2,Graduate,Salaried,66639.6066113803,7859.348820178212,197327.56807117368,240.0,0,Urban,31.31046696470297,Rejected,822.198200296557,0.011036372195203498
LN04240,Male,Yes,3,Graduate,Salaried,23162.04454084285,31857.01754034972,250445.4709548064,300.0,0,Urban,44.04449626094588,Rejected,834.8182365160213,0.015173254594636051
LN02448,Male,No,0,Not Graduate,Salaried,44324.68668827207,7134.279084421499,158247.84377045123,240.0,1,Rural,23.04266690774692,Approved,659.3660157102134,0.012813433107513065
LN04287,Female,No,1,Not Graduate,Salaried,63713.77160837478,15092.26992995469,124161.62162268552,360.0,1,Urban,28.816001733712238,Approved,344.89339339634864,0.004376484171313189
LN02872,Female,No,2,Graduate,Salaried,18259.459627958626,0.0,154468.03692981196,120.0,1,Urban,37.63539370339063,Approved,1287.2336410817663,0.07049680917779037
LN01201,Male,Yes,2,Graduate,Salaried,51411.889177494944,15650.2463118878,223034.01660645683,360.0,1,Urban,33.020364020930074,Approved,619.5389350179356,0.009238282236270582
LN04584,Male,Yes,0,Not Graduate,Salaried,56234.77329827387,6579.013102786113,89222.83939744715,180.0,1,Semiurban,28.18690393488556,Approved,495.68244109692864,0.007891300134846894
LN01327,Male,No,1,Graduate,Salaried,57118.24888556769,19081.35912778356,213943.68823501875,120.0,1,Rural,40.39435366725952,Approved,1782.8640686251563,0.023397286614817932
LN05626,Male,No,1,Not Graduate,Salaried,66556.22147148247,7612.612746950725,224226.038292435,60.0,1,Rural,43.3459675655633,Approved,3737.10063820725,0.05038640120999054
LN03800,Male,Yes,1,Graduate,Salaried,32229.14892337578,24338.10426074997,76188.47598453009,60.0,1,Semiurban,33.250278318450185,Approved,1269.8079330755015,0.022447756636552452
LN00008,Male,Yes,1,Graduate,Self-Employed,50610.51228130096,26400.678464951605,131597.08589281596,60.0,1,Urban,21.0,Approved,2193.284764880266,0.028480078591525907
LN03325,Female,Yes,0,Graduate,Self-Employed,69503.35492990763,18619.142707305266,121932.16312380265,60.0,1,Urban,36.677650525693664,Approved,2032.2027187300441,0.0230611112169825
LN03427,Male,Yes,0,Graduate,Unemployed,87690.64095187813,8875.771090991318,149202.5136511615,120.0,1,Semiurban,43.8958080832288,Approved,1243.354280426346,0.012875639201282268
LN03850,Female,Yes,1,Not Graduate,Salaried,49506.75185866394,8608.064662498418,241655.7074199225,360.0,0,Semiurban,31.36780258899733,Rejected,671.2658539442291,0.011550683528352696
LN01490,Female,No,1,Graduate,Salaried,48962.83708215106,12356.441667965331,108710.64373727466,240.0,0,Urban,21.0,Rejected,452.9610155719777,0.007386926669797432
LN01316,Male,Yes,0,Graduate,Salaried,38697.72673849255,5717.800326519822,266651.7781055734,180.0,0,Urban,27.735821202974503,Rejected,1481.3987672531855,0.03335317320640632
LN03636,Male,Yes,0,Graduate,Salaried,53217.55441459922,14237.609826794023,250545.1517706717,120.0,0,Urban,26.9310368189308,Rejected,2087.8762647555977,0.030952059612277864
LN02331,Male,Yes,0,Graduate,Salaried,58568.01496283866,26433.981071495527,138700.9227327969,180.0,1,Urban,28.83943952136888,Approved,770.5606818488717,0.009065206910407436
LN02244,Female,Yes,2,Graduate,Salaried,92344.25149937248,7948.894798340395,184421.82599373345,300.0,1,Urban,44.67457740770503,Approved,614.7394199791115,0.006129426014358973
LN01624,Male,Yes,2,Graduate,Self-Employed,97465.95552435092,42219.121479064925,120432.53101008612,360.0,0,Semiurban,43.70899714413762,Rejected,334.5348083613504,0.0023949216017769004
LN04948,Male,Yes,0,Not Graduate,Salaried,52286.54738044304,7445.391986071181,122423.62999491852,60.0,0,Rural,32.015123476118866,Rejected,2040.393833248642,0.03415917606037899
LN00340,Male,No,1,Graduate,Self-Employed,43555.59208867137,5741.100961088501,130829.1029015534,360.0,0,Semiurban,39.37464992676909,Rejected,363.4141747265372,0.007371978772687825
LN01428,Female,Yes,0,Graduate,Unemployed,55574.92752828456,17023.833705986952,129441.3302223342,180.0,1,Semiurban,32.50334968285193,Approved,719.11850123519,0.009905382530077077
LN04261,Female,Yes,0,Graduate,Salaried,54264.11528523461,23949.300615655608,192866.10959530887,120.0,1,Urban,28.703702794217826,Approved,1607.2175799609072,0.020549129090558158
LN03953,Male,Yes,0,Graduate,Salaried,71410.14416709032,5392.204417551098,208976.9133803869,120.0,0,Semiurban,21.38222118208237,Rejected,1741.4742781698908,0.02267475292439355
LN05371,Male,Yes,2,Not Graduate,Unemployed,37488.25771936062,0.0,196543.66445328455,300.0,1,Rural,42.81341662747271,Rejected,655.1455481776152,0.017476020173625425
LN05075,Male,No,2,Graduate,Self-Employed,62015.821452896125,16949.677059907586,185664.9088310316,120.0,0,Semiurban,24.36488318706772,Rejected,1547.20757359193,0.019593463002592973
LN04525,Male,Yes,1,Graduate,Self-Employed,82885.86137119879,14138.378959005056,77855.57129711533,240.0,0,Semiurban,47.90289567329269,Rejected,324.39821373798054,0.003343475946154816
LN05713,Female,No,1,Graduate,Salaried,67960.96433018525,17930.08807258655,98400.10543173803,180.0,0,Rural,42.73261135249949,Rejected,546.6672523985446,0.006364658915052519
LN03924,Male,Yes,0,Graduate,Salaried,54746.80959367665,15466.373665659656,209091.414697102,60.0,1,Urban,32.81752297591615,Approved,3484.8569116183667,0.04963251557398919
LN03462,Male,Yes,2,Not Graduate,Self-Employed,63133.87456493049,14037.87737959421,179391.75609328947,60.0,0,Urban,36.22980833810782,Rejected,2989.8626015548243,0.03874296651583214
LN04425,Female,Yes,2,Graduate,Self-Employed,37344.3009746451,20069.15720136311,201442.4576804797,300.0,1,Semiurban,39.59134703811888,Approved,671.4748589349324,0.011695426129470226
LN01143,Female,No,0,Graduate,Salaried,62511.52906943084,0.0,150751.69627708953,240.0,1,Urban,33.07057302629541,Approved,628.1320678212064,0.010048259531830478
LN03401,Female,No,0,Graduate,Self-Employed,71395.20714397293,11066.488751771272,187666.5585889106,60.0,0,Urban,37.83565842800421,Rejected,3127.775976481843,0.03793004670236554
LN00821,Female,No,1,Graduate,Salaried,88186.9488037116,33338.96546024375,113860.9872277753,180.0,1,Rural,27.638358867672004,Approved,632.5610401543072,0.005205153517959792
LN00184,Female,Yes,1,Not Graduate,Salaried,55530.74429348298,14389.02491994132,175676.06846273676,120.0,0,Semiurban,31.469013002426085,Rejected,1463.967237189473,0.02093781563724609
LN00640,Male,Yes,0,Graduate,Salaried,53284.30601419744,4009.607754681409,77491.8416481649,240.0,1,Rural,39.80555023834682,Approved,322.88267353402046,0.005635549263339123
LN04150,Female,Yes,3,Graduate,Salaried,58791.92541606184,15342.046845380755,147372.29190399032,60.0,0,Semiurban,26.975175313385392,Rejected,2456.204865066505,0.03313197431812227
LN00446,Female,Yes,1,Graduate,Salaried,67331.96492193696,7339.547975996002,110399.82129523778,180.0,1,Rural,37.18968970340554,Approved,613.3323405290988,0.00821373930601153
LN03702,Male,No,0,Not Graduate,Salaried,41673.58161853161,20870.575345945355,102568.90493955166,60.0,1,Rural,47.70850677740504,Approved,1709.4817489925276,0.02733239733271099
LN02754,Male,Yes,0,Graduate,Salaried,58521.04868783215,8439.027639943586,200841.54445064257,180.0,1,Urban,30.0371405031974,Approved,1115.7863580591254,0.016663457081459235
LN00764,Female,Yes,1,Graduate,Salaried,82985.46652571352,0.0,159172.71132361164,180.0,0,Urban,36.977014569752,Rejected,884.2928406867313,0.010655996498046175
LN04359,Male,Yes,1,Graduate,Salaried,73604.40720953382,16224.909253744549,200464.74778899047,360.0,0,Semiurban,27.017218971173836,Rejected,556.8465216360846,0.006198939762206915
LN04254,Female,Yes,1,Graduate,Salaried,64676.960515791965,15490.947313056717,102628.85524907704,240.0,1,Semiurban,31.849127854310968,Approved,427.62023020448765,0.005334057502378866
LN01357,Male,No,1,Graduate,Salaried,67836.08010805093,12689.404631591016,112644.86231664669,300.0,1,Urban,42.83816826660024,Approved,375.48287438882227,0.004662907346697108
LN01576,Male,No,1,Not Graduate,Salaried,27697.36368188981,0.0,233602.08865211604,360.0,1,Urban,33.892355603947465,Rejected,648.8946907003224,0.02342803084629345
LN05060,Female,Yes,0,Graduate,Salaried,53896.22309038496,3187.988268511199,194084.8213478871,300.0,1,Urban,27.43435752798606,Approved,646.949404492957,0.011333245902715524
LN02105,Male,Yes,1,Not Graduate,Salaried,92853.45906511928,0.0,263884.44630154653,240.0,1,Rural,32.747255519393526,Approved,1099.518526256444,0.011841438513188161
LN02558,Male,No,0,Not Graduate,Salaried,66556.42345686171,14060.964312869528,102245.88559320864,300.0,1,Urban,28.41998559373017,Approved,340.8196186440288,0.004227619227969994
LN04759,Male,Yes,1,Graduate,Salaried,74438.06970876284,5967.068892208908,137163.30982599733,240.0,1,Urban,34.70478296790196,Approved,571.5137909416555,0.007107926195835803
LN05207,Female,Yes,2,Graduate,Salaried,49880.67602024289,9104.210040638722,191142.9611391676,60.0,1,Semiurban,21.837647187133086,Approved,3185.7160189861265,0.05400902217049245
LN01783,Male,Yes,0,Graduate,Salaried,75201.11927379205,41068.59163149769,147415.10303123842,120.0,1,Urban,47.86696475917898,Approved,1228.459191926987,0.010565599435674675
LN05654,Male,Yes,1,Graduate,Salaried,42483.1518700978,0.0,226639.19423840527,360.0,0,Urban,42.105885774687465,Rejected,629.5533173289035,0.014818893834758552
LN01137,Male,Yes,0,Not Graduate,Salaried,35447.84369726015,8888.22847980673,107371.37056267505,240.0,1,Urban,26.935590740517306,Approved,447.3807106778127,0.010090670840012375
LN04864,Female,Yes,0,Not Graduate,Salaried,58482.570986299535,14499.194011435333,119404.34736790897,180.0,1,Semiurban,40.98587218886792,Approved,663.357485377272,0.009089359313218318
LN05682,Female,Yes,2,Graduate,Self-Employed,39861.45278109712,34519.29089517424,215449.4704864556,240.0,0,Urban,32.97588952644665,Rejected,897.7061270268983,0.012069066302079483
LN05624,Female,Yes,3,Graduate,Salaried,94318.15262265388,36773.203810422216,52496.10367378096,240.0,0,Semiurban,39.48808142065193,Rejected,218.73376530742067,0.001668559783490281
LN05375,Male,Yes,2,Graduate,Salaried,74793.50936235668,0.0,165774.8404161746,120.0,0,Urban,39.29987679927029,Rejected,1381.4570034681215,0.0184702792427521
LN00614,Female,No,1,Not Graduate,Salaried,108915.03959233651,22674.793445541305,153770.4564462333,120.0,0,Urban,48.66895026596841,Rejected,1281.4204703852774,0.009737989940426657
LN01204,Female,Yes,0,Not Graduate,Salaried,60977.20140651408,0.0,187352.94139120617,300.0,0,Urban,44.90760719348123,Rejected,624.5098046373539,0.010241693456443848
LN02437,Male,Yes,3,Graduate,Salaried,76520.94342883013,16949.550924121875,114590.69193202088,120.0,1,Rural,43.55533837602692,Approved,954.9224327668406,0.010216298088260642
LN05414,Male,Yes,2,Graduate,Salaried,45811.37685343048,15343.93795307583,122557.30701838736,240.0,0,Urban,46.22703124782297,Rejected,510.65544590994733,0.008350140090450793
LN00580,Male,Yes,1,Not Graduate,Salaried,66769.92814988828,12120.939231320795,167404.76458936723,240.0,0,Semiurban,37.527527082414906,Rejected,697.5198524556968,0.008841579204411667
LN05568,Male,Yes,2,Graduate,Unemployed,65462.36868587288,20698.763759795227,80922.54705602808,360.0,0,Rural,36.64590595592366,Rejected,224.78485293341134,0.0026088892584502327
LN00048,Male,No,0,Graduate,Self-Employed,66872.36579136923,1549.8551606933124,200876.57119653127,300.0,0,Semiurban,27.037611445105224,Rejected,669.5885706551043,0.009786127391629486
LN03285,Female,No,1,Not Graduate,Salaried,90068.39656857998,0.0,76698.08992755639,60.0,1,Urban,26.66062307056144,Approved,1278.3014987926065,0.014192564178926854
LN01614,Female,Yes,1,Graduate,Self-Employed,56390.40172818749,30050.620386083297,274265.6962266843,360.0,0,Urban,38.89211532803226,Rejected,761.8491561852342,0.00881351397231406
LN00928,Male,Yes,2,Not Graduate,Self-Employed,91310.4805846868,14327.225350864655,76066.32018448514,240.0,0,Urban,42.97193859884943,Rejected,316.9430007686881,0.0030002828815882464
LN02591,Male,Yes,2,Graduate,Self-Employed,50853.9668982642,0.0,116980.93147322304,60.0,1,Urban,31.4083960254144,Approved,1949.682191220384,0.03833884178830762
LN01453,Male,Yes,2,Graduate,Salaried,112033.6622836079,25216.24764399948,154056.22917092516,240.0,0,Rural,29.941545566446965,Rejected,641.9009548788548,0.004676877057459827
LN02669,Male,Yes,1,Not Graduate,Self-Employed,72512.61867292001,22985.666731105903,105007.1014182366,360.0,0,Urban,23.620837058954123,Rejected,291.68639282843503,0.0030543626159819873
LN03704,Male,No,1,Graduate,Self-Employed,57192.49882189327,20424.23969532102,104518.39136276489,60.0,0,Semiurban,41.07492984696071,Rejected,1741.9731893794149,0.02244326704082097
LN02571,Female,Yes,1,Graduate,Salaried,31028.17170732912,19113.57631151439,82172.74738567305,300.0,1,Semiurban,42.38092244858612,Approved,273.9091579522435,0.005462696630546409
LN05830,Female,Yes,1,Graduate,Salaried,55271.02326528281,9494.660317992988,80781.09278931549,240.0,0,Urban,38.90911379334565,Rejected,336.5878866221479,0.005197009712548818
LN02580,Male,No,0,Graduate,Salaried,67442.10945213726,16739.472084128112,146780.1229687646,120.0,0,Urban,42.58608735838442,Rejected,1223.1676914063717,0.014530110614272932
LN04481,Female,No,1,Graduate,Salaried,65716.06573589466,12541.516825560167,165523.96385029666,120.0,1,Semiurban,25.08747121590762,Approved,1379.366365419139,0.017625977193148505
LN01749,Male,Yes,0,Graduate,Salaried,80020.92185134282,28919.208876799188,180311.85967481445,360.0,0,Semiurban,37.56921290898897,Rejected,500.8662768744846,0.00459762874825611
LN00355,Female,No,0,Graduate,Self-Employed,39949.41270724383,12647.26090027561,178360.89527169362,240.0,1,Semiurban,36.15927833563645,Approved,743.1703969653901,0.01412960831916837
LN02148,Male,Yes,2,Not Graduate,Salaried,57934.90479701905,17637.55584822576,186138.83869663865,180.0,1,Rural,29.706534491783135,Approved,1034.1046594257703,0.013683617690842498
LN02594,Male,Yes,3,Not Graduate,Salaried,76968.61764410569,14039.993382661418,56026.65180269169,60.0,0,Rural,35.73658098808686,Rejected,933.7775300448615,0.010260320639002196
LN04477,Male,No,1,Graduate,Salaried,75131.2934982628,26529.132562048097,146043.88888077455,300.0,0,Rural,33.171663637862004,Rejected,486.81296293591515,0.004788618165411871
LN01293,Female,Yes,1,Not Graduate,Salaried,76769.81548903283,5217.450619395226,186279.50877411608,300.0,0,Urban,36.907324514671856,Rejected,620.9316959137203,0.007573513856316894
LN00825,Female,Yes,1,Not Graduate,Unemployed,89067.68954235403,9025.211419755968,174080.6922844047,300.0,0,Urban,34.07879893624206,Rejected,580.2689742813491,0.005915504267790872
LN01354,Male,Yes,2,Not Graduate,Salaried,48469.791985465614,28111.622966036164,187847.636806391,180.0,0,Urban,48.36432277642841,Rejected,1043.5979822577278,0.013627300865603329
LN01585,Male,Yes,2,Not Graduate,Salaried,73862.11214526289,6771.440984815676,176048.84367458857,360.0,1,Rural,44.28867715538806,Approved,489.024565762746,0.006064777586742934
LN04112,Female,Yes,3,Graduate,Salaried,91175.78368993787,8286.924086289138,210233.79678784628,300.0,0,Rural,43.91755343465427,Rejected,700.7793226261542,0.0070456489501852316
LN00295,Female,Yes,1,Graduate,Unemployed,46141.80809478692,21787.28069279419,213526.46120735715,300.0,1,Urban,43.911935649144354,Approved,711.7548706911905,0.010477909882125706
LN05770,Male,Yes,1,Graduate,Salaried,97768.73879228512,0.0,242833.6168958857,300.0,0,Semiurban,38.32722779411552,Rejected,809.4453896529524,0.008279184120116984
LN02821,Male,Yes,2,Not Graduate,Self-Employed,76903.15942368643,28427.218613511854,207928.2746411161,300.0,0,Rural,27.548694027119787,Rejected,693.0942488037203,0.0065801933090845685
LN01107,Male,Yes,0,Graduate,Salaried,38931.68873652688,13506.385043503587,190927.4358219999,360.0,1,Rural,21.04077428007179,Approved,530.3539883944442,0.01011391056466331
LN03618,Female,Yes,3,Graduate,Salaried,83895.25723753875,25270.60426873017,276350.5209164303,60.0,0,Semiurban,49.45958962735533,Rejected,4605.842015273838,0.042191230405939174
LN05826,Male,No,1,Graduate,Salaried,57819.53160073073,31807.657133881898,122303.26580788787,60.0,1,Urban,36.842071392457306,Approved,2038.387763464798,0.022742962177475998
LN01979,Male,No,1,Graduate,Salaried,68141.0457424907,0.0,161575.93860232306,120.0,1,Urban,41.65629202091105,Approved,1346.466155019359,0.019759986662190938
LN05954,Male,Yes,2,Graduate,Salaried,70617.88628431899,6687.121045181098,132001.19132095494,300.0,1,Urban,39.163455919011966,Approved,440.0039710698498,0.005691791337583142
LN00099,Male,Yes,0,Not Graduate,Salaried,55308.25733249706,7819.352163817357,158111.1608449416,180.0,0,Rural,42.138561153631066,Rejected,878.3953380274532,0.013914598462321572
LN05010,Male,Yes,3,Graduate,Salaried,91966.43615282066,17066.776285391163,128911.15678061848,60.0,1,Semiurban,29.71474522475017,Approved,2148.5192796769747,0.01970518185818401
LN03039,Male,Yes,0,Graduate,Salaried,55867.774406079065,14925.192032592531,150789.2386680325,300.0,1,Urban,42.31142897053792,Approved,502.63079556010837,0.007100010366079808
LN04722,Female,Yes,0,Not Graduate,Salaried,60524.09505548071,15261.851491857984,131642.82144763845,240.0,1,Semiurban,43.15105164568895,Approved,548.5117560318268,0.007237644722022521
LN00618,Male,No,2,Not Graduate,Salaried,69620.18463473427,612.798989431305,170018.41447312804,120.0,0,Urban,21.045013029441517,Rejected,1416.8201206094004,0.0201731444045032
LN03201,Female,Yes,3,Not Graduate,Salaried,68508.89728368344,10239.374422221332,187886.7057104952,300.0,0,Semiurban,50.93860108231853,Rejected,626.289019034984,0.007953050974552666
LN05617,Male,No,1,Graduate,Salaried,53479.75008366302,24030.58166736933,196951.45787495727,180.0,1,Semiurban,32.273568815000964,Approved,1094.174765971985,0.01411650216498282
LN05757,Male,No,2,Graduate,Salaried,53371.37257436995,32283.29380566333,149946.4433231293,180.0,1,Urban,29.385148323726952,Approved,833.0357962396072,0.009725515625075084
LN04468,Male,Yes,2,Not Graduate,Salaried,62148.887486817854,27237.93622513165,136512.96966941713,180.0,0,Urban,44.84768466104804,Rejected,758.4053870523173,0.008484532233702487
LN00894,Female,Yes,0,Graduate,Salaried,87643.17982075055,7924.477147058937,132576.690431901,60.0,1,Semiurban,31.78892005028844,Approved,2209.61150719835,0.02312091325983459
LN02363,Female,No,1,Graduate,Salaried,82253.7674997985,10640.985309095671,78078.66406122979,60.0,0,Semiurban,44.277341098043095,Rejected,1301.3110676871631,0.014008445346361581
LN05625,Male,Yes,1,Graduate,Salaried,58049.49232508753,0.0,149832.11899800095,120.0,1,Urban,36.30250065651767,Approved,1248.600991650008,0.021509249118969367
LN03181,Male,Yes,3,Graduate,Self-Employed,70442.85091867871,11115.200932285192,52040.919563201154,360.0,1,Urban,23.483565986935456,Approved,144.55810989778098,0.0017724566320188838
LN01318,Female,Yes,2,Graduate,Self-Employed,47809.75595681433,18553.38195590137,142937.9089465734,300.0,0,Rural,51.43923282839006,Rejected,476.45969648857806,0.007179583598280766
LN04818,Female,No,3,Graduate,Salaried,72552.12595123662,14957.98084608844,53949.3430588372,120.0,0,Urban,37.58221347588303,Rejected,449.57785882364334,0.005137439265899578
LN03886,Female,Yes,2,Graduate,Salaried,16077.443578001068,13597.244144495717,248785.2550615037,60.0,0,Urban,30.79861200189073,Rejected,4146.420917691728,0.1397292182639641
LN01645,Female,Yes,1,Graduate,Unemployed,68566.14194415297,9474.306538811476,126305.85651071405,180.0,0,Rural,27.563090672464806,Rejected,701.6992028373003,0.00899148091121587
LN01498,Male,Yes,0,Graduate,Salaried,80481.25051622925,0.0,156059.1075950339,120.0,0,Semiurban,46.80832844108215,Rejected,1300.4925632919492,0.0161589507487797
LN00472,Male,Yes,3,Graduate,Self-Employed,29696.17875602896,16293.680067038184,165868.13166276808,60.0,0,Rural,51.25603881888844,Rejected,2764.468861046135,0.06011040111433348
LN00288,Female,Yes,1,Not Graduate,Salaried,65619.83735470065,29488.20108337716,133386.3649374956,120.0,1,Urban,34.7153492892966,Approved,1111.5530411457964,0.011687267021803815
LN02125,Male,Yes,1,Graduate,Unemployed,70942.3823035042,23852.5632086596,137170.2582105238,360.0,1,Semiurban,35.5435410471453,Approved,381.02849502923283,0.004019502231586181
LN05333,Male,Yes,1,Not Graduate,Unemployed,83866.22011854252,26003.92892278729,162191.34633083822,300.0,0,Rural,32.645543168951306,Rejected,540.6378211027941,0.0049206979859417735
LN00072,Female,Yes,2,Not Graduate,Salaried,59283.47921780097,16849.705750731562,164700.81996533155,60.0,1,Urban,32.648472476979954,Approved,2745.0136660888593,0.03605541613980069
LN03496,Male,Yes,1,Graduate,Salaried,76310.02044888525,27428.26893326828,247200.88250002207,240.0,1,Rural,43.454379694729695,Approved,1030.0036770834254,0.009928866990365283
LN02320,Female,Yes,0,Not Graduate,Self-Employed,68790.02461240452,0.0,94030.45601270453,120.0,0,Semiurban,23.406916154689476,Rejected,783.5871334392044,0.011390999463284165
LN01604,Male,Yes,1,Not Graduate,Self-Employed,50345.12955635935,18056.65568642596,195438.17390621797,120.0,0,Urban,24.44332143831776,Rejected,1628.651449218483,0.023810072258169102
LN03058,Male,Yes,0,Graduate,Unemployed,35957.00947847823,177.68576322691297,245608.90238314768,360.0,0,Semiurban,37.30130136481365,Rejected,682.2469510642991,0.018880661549813722
LN01239,Female,No,0,Not Graduate,Salaried,92567.93246257077,5030.683735978731,162797.21885391732,300.0,0,Semiurban,32.6057953267721,Rejected,542.6573961797244,0.005560093137752801
LN03738,Male,Yes,2,Graduate,Self-Employed,52588.34475198435,24230.44827226762,153296.55542894502,180.0,0,Rural,21.0,Rejected,851.6475301608057,0.011086447685944995
LN02351,Male,Yes,0,Not Graduate,Salaried,72340.11899153395,9432.82102142837,194087.3200380006,360.0,1,Urban,34.55854379142386,Approved,539.1314445500017,0.006593029973785224
LN01174,Male,Yes,2,Not Graduate,Self-Employed,44920.70822266648,28746.112675765544,182717.7845298109,240.0,1,Semiurban,22.010781211513823,Approved,761.3241022075454,0.010334694682389232
LN01487,Female,Yes,2,Graduate,Salaried,24783.823760384483,19610.78032296435,151792.16474290247,180.0,0,Urban,37.24314568242216,Rejected,843.2898041272359,0.01899532210139768
LN05621,Female,No,0,Graduate,Salaried,24412.02138985559,28255.00219721257,162611.5739959649,120.0,0,Urban,26.56203627397856,Rejected,1355.0964499663742,0.025729505061666408
LN02683,Male,No,0,Graduate,Self-Employed,74637.41408576591,23312.11103199756,211023.8195540537,360.0,0,Rural,27.4818785081379,Rejected,586.1772765390381,0.00598448308794029
LN00592,Female,Yes,0,Graduate,Salaried,69579.59651492783,29697.842587874955,108856.6197501011,180.0,0,Rural,37.305198477795926,Rejected,604.7589986116728,0.006091605545802192
LN04729,Male,No,2,Not Graduate,Salaried,60386.88141623508,3915.029092032168,96578.12570770856,180.0,1,Semiurban,27.9246375723292,Approved,536.5451428206031,0.008344155540318197
LN04665,Male,Yes,0,Not Graduate,Self-Employed,56845.0603353703,14923.259363154964,181748.14368062752,300.0,0,Urban,31.901922466691666,Rejected,605.8271456020917,0.008441428587808232
LN00231,Male,Yes,1,Not Graduate,Salaried,64329.1717916395,11364.267050849709,177166.9798499524,300.0,1,Urban,32.44101164815569,Approved,590.5565994998414,0.007801952303009155
LN04513,Male,Yes,0,Not Graduate,Unemployed,41288.07402475148,879.2439368436972,153992.8417884652,60.0,1,Semiurban,33.578833341048,Rejected,2566.5473631410864,0.060865795768149794
LN02415,Female,Yes,1,Graduate,Salaried,65429.90621651296,17951.409793374165,107701.8483685374,120.0,0,Urban,30.281691748923336,Rejected,897.515403071145,0.010763987017963595
LN00988,Female,Yes,0,Graduate,Salaried,55580.71652340672,14775.639480194264,126868.53617035548,360.0,0,Urban,32.41942455437477,Rejected,352.4126004732097,0.005008966076287016
LN05914,Female,No,0,Graduate,Salaried,55301.51456958051,3962.414373976835,116495.47130909831,120.0,1,Urban,48.25942847263272,Approved,970.7955942424859,0.016380884824005956
LN00272,Male,Yes,1,Not Graduate,Salaried,83263.27504309919,14080.315337969534,141954.7530861701,60.0,0,Urban,55.39664925145135,Rejected,2365.912551436168,0.02430475948312965
LN04088,Female,Yes,2,Graduate,Salaried,82791.11072050939,22700.501089175857,65028.52401962409,300.0,1,Rural,36.34711284660822,Approved,216.7617467320803,0.0020547770861927364
LN00678,Male,Yes,2,Graduate,Salaried,78713.56786294922,8470.498441679192,201936.3529721092,360.0,1,Semiurban,37.8245289559634,Approved,560.9343138114144,0.006433908598062667
LN03947,Female,No,1,Graduate,Salaried,68563.72495621152,8859.618384505888,172269.8386057143,120.0,0,Urban,50.33638477269877,Rejected,1435.5819883809525,0.01854197876812653
LN00040,Male,Yes,0,Not Graduate,Salaried,74769.33159990821,24540.851021566283,166345.54321195875,240.0,0,Rural,29.91617770491998,Rejected,693.1064300498281,0.006979208090792022
LN02422,Male,No,1,Not Graduate,Salaried,55412.18511863945,9017.20665802152,136921.63883867324,360.0,0,Semiurban,34.15109972963416,Rejected,380.33788566298125,0.005903173616497737
LN04085,Female,Yes,1,Graduate,Salaried,55513.62058243791,16756.737124917792,214063.48227006712,360.0,0,Rural,41.90479798846748,Rejected,594.6207840835198,0.008227727147709954
LN03072,Male,No,2,Graduate,Salaried,64046.57592845604,0.0,204118.9355661721,120.0,1,Urban,39.00424252180335,Approved,1700.9911297181009,0.026558658367907325
LN04447,Male,Yes,2,Graduate,Unemployed,61997.73908818426,4490.588338110396,145870.4837291744,240.0,1,Rural,39.38545074566407,Approved,607.7936822048933,0.009141359178852265
LN00339,Male,Yes,0,Graduate,Salaried,48725.5089439205,14548.771096759485,173593.4973938338,300.0,0,Rural,25.87269877336971,Rejected,578.6449913127793,0.009145026872542206
LN05798,Male,Yes,0,Graduate,Salaried,70202.4872250015,32293.008660447565,147770.06640023884,120.0,1,Urban,25.048101313915524,Approved,1231.4172200019902,0.012014354478349427
LN02147,Male,Yes,1,Graduate,Salaried,43430.05950439508,31646.41821966275,269650.6147383393,120.0,0,Urban,41.28612999162153,Rejected,2247.088456152828,0.02993065903293917
LN02746,Male,Yes,1,Graduate,Salaried,64826.43869833562,14006.85662207968,184846.53174813787,120.0,0,Urban,43.54154402958324,Rejected,1540.3877645678156,0.01953981193234357
LN05666,Male,Yes,2,Graduate,Salaried,73878.46466382516,23427.74030099027,209464.17267198212,300.0,1,Rural,27.39110709323852,Approved,698.213908906607,0.007175430479064222
LN03661,Male,Yes,0,Graduate,Salaried,45438.45804289357,17813.48347489577,117068.39595224848,180.0,0,Urban,35.5716768459863,Rejected,650.3799775124916,0.010282371764502675
LN02197,Male,Yes,3,Graduate,Salaried,60382.95554831504,35773.43439569953,127931.12483526854,300.0,1,Semiurban,35.99181893388597,Approved,426.43708278422844,0.004434828335719698
LN02526,Male,No,2,Not Graduate,Salaried,68401.88980903683,11760.911467840782,152066.34159385017,360.0,0,Urban,31.718414995941743,Rejected,422.4065044273616,0.005269358077550138
LN05398,Female,Yes,1,Not Graduate,Self-Employed,22144.75644819896,14618.654311753597,98600.29633912804,360.0,0,Urban,36.34146881683251,Rejected,273.88971205313345,0.007450062613654155
LN02888,Female,Yes,2,Not Graduate,Salaried,52299.56376574273,14317.137922357091,215056.49260892865,120.0,1,Urban,41.39935859758924,Approved,1792.1374384077387,0.02690222411188334
LN01214,Male,No,1,Graduate,Salaried,54101.00643415944,15140.049673713807,122176.7111075012,300.0,1,Urban,23.22922234288884,Approved,407.2557036916707,0.00588170843404225
LN00187,Female,No,0,Graduate,Salaried,58543.42174686254,26671.207880032976,128703.7700341217,60.0,0,Rural,25.5057547970398,Rejected,2145.062833902028,0.025172471479298686
LN04134,Female,Yes,1,Graduate,Self-Employed,57783.74879441825,4476.705303968047,95816.70832859533,360.0,1,Semiurban,28.881227328067155,Approved,266.157523134987,0.004274904945511559
LN05291,Female,Yes,1,Graduate,Salaried,69133.76021460799,24259.04176727718,224307.5662571672,60.0,0,Rural,32.8040697359801,Rejected,3738.459437619453,0.0400294172386495
LN04812,Female,No,0,Graduate,Salaried,73189.02482227223,13998.272312132434,179655.26996788697,360.0,0,Urban,30.409489535677928,Rejected,499.0424165774638,0.005723797307400857
LN03008,Male,Yes,0,Graduate,Unemployed,81653.82107774146,18051.50835874973,86848.23232114669,360.0,0,Urban,21.0,Rejected,241.245089780963,0.002419580689863
LN02617,Female,No,0,Graduate,Self-Employed,61639.91112827121,22265.1162233606,226776.5386685941,180.0,1,Urban,44.27944034131124,Approved,1259.869659269967,0.015015425166242612
LN00496,Female,No,1,Graduate,Self-Employed,39255.07691347087,24972.65567658873,195963.05458406455,180.0,0,Rural,45.67172413748539,Rejected,1088.6836365781364,0.016950366962613747
LN00485,Female,Yes,1,Graduate,Salaried,31554.925808046515,39984.30483721495,143206.3475818102,360.0,0,Urban,34.880583738050184,Rejected,397.7954099494728,0.005560521218378821
LN01801,Male,No,1,Graduate,Salaried,58786.78372370759,8201.114602638136,63213.30315261864,60.0,0,Urban,33.9940315265696,Rejected,1053.555052543644,0.01572754301696446
LN01193,Male,Yes,0,Not Graduate,Salaried,66395.63868285074,24911.911129266664,60712.93590268685,300.0,0,Rural,42.04806661100336,Rejected,202.37645300895616,0.002216426280470608
LN05247,Female,No,3,Graduate,Self-Employed,28824.26009952317,14036.15363685103,146326.3472717891,60.0,0,Semiurban,24.670596708581023,Rejected,2438.7724545298183,0.05690034794181452
LN04784,Male,Yes,0,Not Graduate,Salaried,115104.35487439804,30803.39770822969,119110.1863259486,360.0,0,Urban,47.62668423693231,Rejected,330.86162868319053,0.0022676082855557877
LN01203,Male,Yes,1,Graduate,Self-Employed,70865.96058072775,6561.461225751007,155333.48276835223,120.0,1,Urban,44.92966142334065,Approved,1294.4456897362686,0.01671818148577376
LN03206,Male,Yes,0,Graduate,Self-Employed,44546.81109458352,25525.473107347487,174630.47434065264,120.0,0,Rural,36.03236522473888,Rejected,1455.253952838772,0.02076789660010354
LN05230,Female,Yes,2,Graduate,Salaried,96152.17015538526,18029.718735872837,201552.13693913305,300.0,0,Semiurban,26.590199756818382,Rejected,671.8404564637768,0.0058839493985215876
LN04923,Female,Yes,1,Graduate,Salaried,88283.7457666218,12402.788289234675,204295.920575336,60.0,1,Urban,35.291879719013934,Approved,3404.9320095889334,0.033817153818205985
LN03710,Female,Yes,2,Graduate,Salaried,31281.80952262945,4530.782498930939,229560.76454411467,360.0,1,Semiurban,31.280468198423552,Approved,637.6687904003186,0.017805714537959733
LN01629,Female,No,0,Graduate,Salaried,77055.4735024444,18949.57970323307,60547.7422876839,240.0,1,Urban,21.0,Approved,252.28225953201624,0.00262780188238151
LN02817,Female,No,0,Not Graduate,Salaried,67374.66294635039,15812.91425042481,111761.58550737333,360.0,0,Semiurban,30.404727982584912,Rejected,310.44884863159257,0.0037319135752354525
LN00900,Male,Yes,0,Graduate,Salaried,67373.46617745803,24468.075665118704,117402.39229883072,240.0,0,Semiurban,34.465062372796204,Rejected,489.17663457846135,0.005326311217825009
LN05215,Male,No,3,Graduate,Salaried,70085.75706768545,26119.533608604088,209623.87012537857,180.0,1,Urban,43.8500061437878,Approved,1164.5770562521031,0.0121051248643971
LN05638,Male,Yes,3,Graduate,Salaried,53204.819847049526,12903.600065808378,119290.47909372536,240.0,1,Urban,21.0,Approved,497.04366289052234,0.007518613567616804
LN04608,Male,Yes,2,Not Graduate,Salaried,73727.07110029066,26346.39699821057,142823.76652885217,120.0,1,Urban,42.21557217881099,Approved,1190.1980544071014,0.011893242804732241
LN03056,Male,Yes,0,Not Graduate,Salaried,48889.06441026267,13164.596779835343,129006.29188578212,60.0,0,Semiurban,41.540415418276034,Rejected,2150.1048647630355,0.034649121800828256
LN00324,Male,Yes,0,Graduate,Salaried,39879.65237000596,10084.3806098107,197485.01921389348,360.0,0,Semiurban,34.24681339640063,Rejected,548.5694978163708,0.010979287801646627
LN04496,Female,No,1,Graduate,Salaried,43896.56496514248,126.255535960232,178860.28262639756,360.0,1,Urban,48.26396481082416,Approved,496.8341184066599,0.011285831138289171
LN00350,Male,Yes,2,Graduate,Salaried,66218.15131196009,42799.63624223556,117617.36218109772,180.0,0,Semiurban,35.776769762362264,Rejected,653.4297898949874,0.005993790596512978
LN01738,Female,Yes,3,Graduate,Salaried,79006.15183947151,17100.08308022589,145370.03023658035,60.0,1,Rural,38.0289987264186,Approved,2422.833837276339,0.0252099547891015
LN02688,Male,No,0,Graduate,Self-Employed,75135.77359973964,35372.10639718358,210160.63911461429,60.0,1,Urban,32.61427475714402,Approved,3502.677318576905,0.031696176948416956
LN03773,Male,Yes,2,Graduate,Self-Employed,44805.93765039426,12875.48297286944,179299.5884489391,360.0,1,Urban,46.692827348522336,Approved,498.05441235816414,0.008634572570795734
LN05838,Male,Yes,1,Graduate,Salaried,35446.40071087886,33752.25388483389,186492.1517557492,60.0,1,Urban,41.51691621518957,Approved,3108.2025292624867,0.04491709481090196
LN01605,Male,Yes,3,Not Graduate,Self-Employed,40933.42783482575,7687.4543118704305,189784.3510061193,180.0,0,Urban,21.0,Rejected,1054.3575055895517,0.0216852812832232
LN00658,Female,Yes,2,Not Graduate,Unemployed,63961.6952153571,13886.811512021994,173660.85329059916,60.0,1,Urban,54.82404861127611,Approved,2894.3475548433194,0.03717923023211164
LN00675,Female,Yes,0,Graduate,Salaried,44443.66624818249,22769.367029315166,167823.8552334746,180.0,0,Semiurban,35.42511542445636,Rejected,932.3547512970812,0.013871636285893163
LN00009,Female,Yes,0,Graduate,Salaried,70851.2008717193,6629.098663849603,129620.53276701522,240.0,1,Urban,41.24712376839207,Approved,540.0855531958968,0.0069706177755283405
LN05013,Male,Yes,2,Graduate,Salaried,55246.33366078032,7233.059470278561,132452.3628930956,360.0,0,Semiurban,26.15158746990792,Rejected,367.92323025859884,0.005888713251212775
LN00043,Male,Yes,0,Not Graduate,Self-Employed,53977.92608821423,11439.079513809447,190493.09924354372,360.0,1,Urban,35.35022146211848,Approved,529.1474978987326,0.008088837039070516
LN02064,Male,No,0,Graduate,Unemployed,65307.24698799257,6185.662947730045,147377.61501754404,240.0,1,Rural,28.03075773065136,Approved,614.0733959064335,0.008589290832594876
LN01987,Male,Yes,0,Not Graduate,Salaried,70323.56574229916,11479.12252546119,205391.16412084005,120.0,1,Urban,30.358766144426934,Approved,1711.5930343403338,0.020923432598423514
LN00937,Male,No,0,Graduate,Salaried,74167.12894598706,10401.407376848598,186049.457671546,360.0,1,Semiurban,35.14707729357867,Approved,516.8040490876277,0.006111067680239341
LN02218,Male,Yes,1,Graduate,Salaried,101994.43578333032,12792.712430416334,188322.79799248543,240.0,0,Semiurban,45.93867428926484,Rejected,784.6783249686893,0.0068359423261176375
LN03654,Male,Yes,0,Not Graduate,Salaried,62987.26964542378,19202.685290565616,144480.84096769823,180.0,0,Urban,24.61861298059016,Rejected,802.6713387094346,0.00976605157326787
LN03552,Female,No,1,Graduate,Salaried,66934.1995520984,20558.260275751272,20000.0,360.0,1,Urban,34.01921333791364,Approved,55.55555555555556,0.0006349753529031733
LN04617,Male,No,0,Graduate,Salaried,15000.0,12374.243406843778,254363.60808968137,180.0,0,Semiurban,29.74007996551926,Rejected,1413.1311560537854,0.05162265619733955
LN00648,Male,Yes,0,Graduate,Salaried,55381.30939582644,26062.31558859969,60243.54016900658,240.0,1,Urban,32.43682627887685,Approved,251.01475070419409,0.003082067512984519
LN00198,Male,No,1,Not Graduate,Salaried,61164.17436892,12011.799109707958,107581.1098058931,120.0,1,Rural,53.17176822230406,Approved,896.5092483824425,0.012251415399950644
LN04478,Male,Yes,3,Graduate,Salaried,32110.098622814767,34006.49041722087,205821.5374391104,180.0,0,Urban,24.57683287103646,Rejected,1143.4529857728355,0.017294494503950278
LN02864,Female,Yes,0,Graduate,Salaried,68172.14615403535,19713.91262764991,196108.67282535436,300.0,1,Semiurban,40.64528898694841,Approved,653.6955760845145,0.0074379894279744336
LN04988,Male,No,1,Graduate,Salaried,63851.9383746261,21248.178230538757,162879.08746052184,360.0,1,Urban,21.0,Approved,452.44190961256066,0.005316583897431479
LN03520,Male,Yes,2,Not Graduate,Unemployed,70054.8961498163,25296.04361419693,150346.2360521857,300.0,1,Urban,28.38932287349689,Approved,501.1541201739523,0.0052558907276034515
LN02477,Male,Yes,1,Graduate,Salaried,89065.21326642069,0.0,97186.47961259467,180.0,1,Urban,34.8421870479513,Approved,539.9248867366371,0.006062129836500366
LN04578,Female,Yes,2,Graduate,Salaried,48672.108175705536,18886.472460333105,222774.9146039472,240.0,1,Semiurban,34.29005879699411,Approved,928.22881084978,0.013739613859717812
LN03274,Male,Yes,0,Graduate,Salaried,41674.5179887255,8485.574501363188,170434.23811377044,300.0,1,Urban,32.056320555707096,Approved,568.1141270459015,0.01132601833136885
LN03864,Male,Yes,0,Graduate,Self-Employed,52562.84235442669,16155.96738679908,139101.58075196354,120.0,1,Rural,35.04556571000838,Approved,1159.1798395996962,0.016868450486334327
LN05917,Female,Yes,1,Graduate,Self-Employed,22531.173920907662,23410.4127696162,159308.0977790867,300.0,0,Semiurban,26.45223395732896,Rejected,531.0269925969557,0.011558742978863808
LN04918,Male,Yes,1,Not Graduate,Salaried,87022.28179973431,4763.402538692855,124894.60875851513,360.0,1,Urban,35.56219069275729,Approved,346.9294687736531,0.003779777546730204
LN00252,Male,No,1,Graduate,Salaried,102443.12394025268,41378.817522602,268416.7271200219,120.0,0,Rural,34.419266838123335,Rejected,2236.806059333516,0.015552606483978123
LN00578,Female,Yes,2,Graduate,Salaried,30428.27508440317,17537.37296774833,87680.3250730419,360.0,1,Semiurban,26.494524519605942,Approved,243.5564585362275,0.005077726840496691
LN02512,Male,Yes,2,Not Graduate,Salaried,70977.6767063473,17378.29540758336,102814.7284284962,300.0,0,Rural,51.59107161286459,Rejected,342.71576142832066,0.0038788069807709847
LN03941,Female,Yes,1,Not Graduate,Salaried,84604.44351301575,33015.284078321856,203435.24900673088,120.0,0,Semiurban,33.74242341029727,Rejected,1695.2937417227574,0.014413345247771272
LN02849,Male,Yes,1,Graduate,Salaried,49217.545937020426,21690.85210267524,152343.92716516557,360.0,0,Semiurban,25.34389432606673,Rejected,423.1775754587933,0.005967947198890203
LN00930,Female,No,2,Not Graduate,Salaried,48896.009466136034,7176.460774980064,114026.38078310312,360.0,0,Urban,35.03021546966229,Rejected,316.73994661973086,0.005648760349913671
LN00259,Male,Yes,1,Graduate,Self-Employed,75492.68106858674,11686.477009121509,185651.29252164744,360.0,0,Urban,38.09599692771407,Rejected,515.698034782354,0.005915382141253074
LN01563,Female,Yes,0,Not Graduate,Salaried,77680.907927221,23727.8741446961,131371.88597145426,300.0,0,Rural,42.13222380630732,Rejected,437.9062865715142,0.0043182284376609495
LN02561,Female,Yes,1,Graduate,Salaried,61713.74322806718,22095.994793835664,69304.92722605042,360.0,0,Urban,24.643712385901456,Rejected,192.51368673902894,0.002297032436597253
LN01224,Male,Yes,2,Not Graduate,Salaried,56294.24682244584,14879.564470400685,202219.3025938289,300.0,1,Semiurban,39.17914263546354,Approved,674.0643419794297,0.00947067930935965
LN04994,Male,Yes,0,Not Graduate,Salaried,46852.54892010551,1875.1130966368764,120228.7807378492,60.0,1,Semiurban,28.257795850421516,Approved,2003.8130122974867,0.041122699702050035
LN04671,Male,Yes,2,Graduate,Self-Employed,27373.297791658537,14398.455005948725,111583.8253151686,360.0,1,Semiurban,35.71216437354025,Approved,309.95507031991275,0.007420207426336856
LN04394,Female,Yes,1,Not Graduate,Self-Employed,76793.27728862378,22172.635437832152,171229.25480235726,120.0,0,Semiurban,31.53144215378543,Rejected,1426.9104566863105,0.014418201352119329
LN01504,Male,Yes,1,Not Graduate,Salaried,56596.30754950144,8326.666187835197,185892.3114498133,180.0,1,Urban,21.0,Approved,1032.735063610074,0.015907081948961264
LN04096,Male,Yes,2,Graduate,Salaried,71909.81795278515,21731.336922329683,151542.43335267535,180.0,1,Rural,25.63151116262577,Approved,841.9024075148631,0.00899073071704073
LN02155,Male,Yes,0,Graduate,Salaried,47672.77183921045,11139.974243505609,132578.6024854203,60.0,0,Urban,42.734996435210654,Rejected,2209.643374757005,0.037570824726485215
LN04822,Male,No,2,Graduate,Salaried,43086.53791011774,0.0,49513.33165656413,240.0,0,Rural,47.80297291261715,Rejected,206.3055485690172,0.00478816722288963
LN05866,Female,No,2,Graduate,Salaried,46857.30075443884,14333.989729780264,74859.9144347465,360.0,1,Semiurban,31.525698863161363,Approved,207.94420676318472,0.0033982647713045435
LN03962,Male,Yes,2,Graduate,Self-Employed,60986.166630404456,21884.959745615663,71332.65251971301,300.0,0,Urban,39.03616554735145,Rejected,237.77550839904336,0.0028692201831571453
LN05592,Male,Yes,2,Graduate,Self-Employed,44922.757726180775,38330.16418252688,164533.32465565248,360.0,1,Urban,49.97305552635072,Approved,457.037012932368,0.005489741410319981
LN01599,Male,No,1,Graduate,Salaried,45439.94117541731,17547.311373802095,165657.1511566766,60.0,0,Semiurban,37.5431287659388,Rejected,2760.9525192779433,0.04383351245746881
LN03481,Male,Yes,2,Graduate,Salaried,15000.0,10647.518029948318,136699.16522198266,240.0,0,Rural,30.981121520522592,Rejected,569.5798550915945,0.022207991214842016
LN04107,Male,Yes,2,Graduate,Salaried,87131.66771655963,13925.551182057508,189244.4343747093,60.0,0,Urban,53.72468308767162,Rejected,3154.073906245155,0.031210772873231277
LN00484,Male,No,0,Not Graduate,Salaried,44872.98509431393,22031.40197236049,96887.9841328358,300.0,1,Semiurban,49.2107958574362,Approved,322.9599471094527,0.004827186396425736
LN05035,Female,Yes,0,Graduate,Salaried,107887.23801164902,5150.5387488296765,153176.89775784084,300.0,1,Rural,34.97107099750538,Approved,510.5896591928028,0.004516982497583231
LN00649,Male,Yes,2,Graduate,Self-Employed,73924.12729626837,17006.986942888783,219278.76169707405,60.0,1,Urban,42.153162475330745,Approved,3654.6460282845674,0.040191369685325905
LN03602,Male,Yes,0,Not Graduate,Salaried,100996.24191571852,16902.23221844894,257135.55172320933,240.0,0,Urban,35.13700647988341,Rejected,1071.3981321800388,0.009087463939192266
LN05951,Male,Yes,3,Graduate,Salaried,60507.70555944544,0.0,172583.12366420968,240.0,0,Semiurban,31.57904348537593,Rejected,719.0963486008736,0.011884376410445801
LN01321,Male,Yes,2,Graduate,Self-Employed,70593.85508713461,13823.326978071464,108711.54522659208,240.0,0,Urban,25.799030865450163,Rejected,452.964771777467,0.005365788820427398
LN01660,Female,No,0,Graduate,Self-Employed,86342.3013467973,28722.713166079917,222242.5143629904,60.0,0,Rural,39.91241052053806,Rejected,3704.04190604984,0.032190861155588786
LN01565,Female,Yes,0,Graduate,Self-Employed,54373.44885763573,0.0,117047.01547427296,120.0,0,Semiurban,32.56998182909363,Rejected,975.3917956189414,0.017938751653822412
LN05339,Female,Yes,0,Graduate,Salaried,75416.04439975943,20157.19619170136,218739.89850273897,300.0,1,Urban,27.90122935117445,Approved,729.1329950091299,0.007629049622016019
LN05855,Male,Yes,2,Graduate,Self-Employed,24035.705211817847,0.0,239850.8258248977,300.0,0,Semiurban,38.76307329674526,Rejected,799.5027527496591,0.033263128570763155
LN03719,Male,Yes,1,Graduate,Salaried,57873.2599493737,8867.881075240035,187914.11930589605,120.0,0,Rural,21.0,Rejected,1565.9509942158004,0.023463053975032986
LN00390,Male,Yes,0,Graduate,Self-Employed,42031.70657303284,0.0,211428.60410309987,240.0,1,Rural,36.003424708118786,Rejected,880.9525170962495,0.020959237416771002
LN03213,Female,Yes,3,Graduate,Salaried,90464.77243424515,20328.9172022704,196965.9945116228,240.0,0,Rural,32.88425324851141,Rejected,820.6916437984283,0.0074073861651407944
LN01006,Male,Yes,0,Graduate,Salaried,77903.86440055465,31079.150611191573,109220.41143904252,360.0,0,Semiurban,42.37455098876967,Rejected,303.39003177511813,0.0027838285786314374
LN00889,Male,Yes,0,Graduate,Salaried,82174.07161165815,14032.398968131109,118046.7333583992,300.0,1,Urban,21.10654580332044,Approved,393.489111194664,0.004090048297409706
LN01825,Male,Yes,2,Graduate,Salaried,68838.81299138819,26655.94895144128,215330.8534647524,300.0,1,Semiurban,29.887244039748506,Approved,717.7695115491747,0.007516323376761616
LN04153,Male,Yes,1,Graduate,Self-Employed,45061.53429859665,917.7323169254996,195404.51491310692,120.0,1,Urban,30.123835139024173,Approved,1628.3709576092244,0.03541533124539882
LN02225,Male,Yes,0,Not Graduate,Self-Employed,86426.08064546024,10202.81103233864,235048.57597082495,300.0,1,Semiurban,25.0186250801152,Approved,783.4952532360832,0.008108291833136034
LN04732,Female,Yes,0,Graduate,Self-Employed,39077.57829874991,9818.659433331428,82446.27707742513,240.0,0,Urban,28.139233715841883,Rejected,343.52615448927133,0.007025615270679204
LN05765,Female,Yes,0,Graduate,Salaried,53623.07289010537,22254.18827157766,113927.96250848973,60.0,1,Rural,24.776686414456663,Approved,1898.7993751414954,0.02502461667791935
LN04854,Male,Yes,1,Graduate,Salaried,83631.35432838292,6863.354248624472,171797.31619496684,60.0,0,Urban,27.92036920403465,Rejected,2863.2886032494475,0.03164039807711965
LN03332,Female,No,3,Graduate,Salaried,91796.77956361369,9255.132945837242,225797.2573147117,240.0,1,Urban,29.67936089664853,Approved,940.8219054779654,0.00931028302299548
LN01622,Male,Yes,1,Graduate,Self-Employed,78384.57869150407,6968.891660466855,179929.75457221962,300.0,1,Urban,25.93761758992748,Approved,599.7658485740654,0.007026847837596051
LN03494,Male,Yes,0,Not Graduate,Self-Employed,70229.99150723722,5738.367365167916,96487.2279992792,120.0,1,Semiurban,31.8648882643672,Approved,804.0602333273267,0.010584146416507555
LN03652,Male,Yes,0,Not Graduate,Salaried,68895.47615663189,16928.618431501905,175215.950778228,180.0,1,Urban,32.78401377425211,Approved,973.4219487679334,0.01134205905042569
LN02032,Male,Yes,1,Not Graduate,Salaried,69527.15538712438,29113.56861745625,204343.1744860918,120.0,1,Semiurban,42.66919204395772,Approved,1702.8597873840984,0.017263253129660948
LN01503,Male,Yes,0,Not Graduate,Salaried,59932.51085178096,15998.26315099768,176899.18360754705,240.0,1,Urban,33.65780214260436,Approved,737.0799316981127,0.009707262192153338
LN03249,Male,Yes,3,Not Graduate,Salaried,22841.970972034254,0.0,113719.12717183564,240.0,0,Semiurban,44.00605293917102,Rejected,473.8296965493152,0.020743818347787567
LN02454,Male,Yes,0,Graduate,Self-Employed,73641.04131425239,3987.13510160172,116610.8802855855,60.0,1,Urban,30.08806230547777,Approved,1943.5146714264251,0.02503620155927685
LN04485,Female,Yes,2,Graduate,Salaried,28104.88083673335,15716.68553880244,94154.02440439204,120.0,1,Rural,25.91370256368902,Approved,784.6168700366003,0.017904811145103828
LN01241,Male,No,0,Not Graduate,Salaried,55928.392797952765,10563.93169792614,111161.304540647,360.0,1,Urban,28.39476473068756,Approved,308.78140150179723,0.00464386534600599
LN04811,Male,Yes,0,Graduate,Salaried,21718.79858825065,17263.042077451344,210454.31990070024,120.0,1,Urban,31.7103537151356,Approved,1753.785999172502,0.044989820111690185
LN04434,Male,Yes,3,Graduate,Salaried,48938.20366171736,17510.035431501467,73827.89709321901,300.0,1,Semiurban,33.91738497514755,Approved,246.09299031073004,0.0037035291479356044
LN04518,Male,Yes,1,Not Graduate,Salaried,66966.83478492254,0.0,142770.6616336776,360.0,0,Rural,27.819774537940635,Rejected,396.58517120466,0.005922113124778453
LN01866,Female,Yes,1,Graduate,Salaried,80650.92408683314,23601.826383951564,185924.51486585647,300.0,1,Rural,40.79134114943405,Approved,619.7483828861882,0.005944671772087812
LN03011,Male,No,3,Graduate,Salaried,86515.9329508438,2016.7406033109728,227748.13638628824,120.0,0,Semiurban,33.81242893511776,Rejected,1897.901136552402,0.02143729608923953
LN02092,Female,Yes,0,Not Graduate,Salaried,72444.14288086804,13965.372101530766,75438.60843047686,240.0,0,Rural,27.5375555591866,Rejected,314.3275351269869,0.0036376495712424016
LN00995,Female,Yes,0,Graduate,Salaried,54377.994142280906,12021.331950431388,122785.58534222572,180.0,0,Semiurban,34.16751414908449,Rejected,682.1421407901429,0.010273329278036331
LN04669,Female,Yes,0,Not Graduate,Self-Employed,60711.32148065987,8991.703609040853,140547.10395738127,60.0,1,Urban,43.57312840101379,Approved,2342.451732623021,0.03360617031482527
LN01176,Male,Yes,1,Not Graduate,Salaried,26140.863716092288,26870.776787417555,139987.3086593612,60.0,0,Urban,49.44958081545134,Rejected,2333.1218109893534,0.04401149990509877
LN00337,Male,No,1,Graduate,Salaried,53572.283166940135,10551.931618295095,178608.65655187317,120.0,1,Urban,37.37851216224979,Approved,1488.4054712656098,0.02321128572491026
LN01373,Female,Yes,0,Graduate,Salaried,27728.772042465174,0.0,153307.05575745009,180.0,0,Semiurban,38.39397809741567,Rejected,851.7058653191672,0.03071559981144581
LN01409,Male,Yes,0,Not Graduate,Salaried,54983.339670899055,26799.885296897864,172973.75294845045,60.0,1,Semiurban,42.36195743648416,Approved,2882.895882474174,0.03525045488985482
LN00373,Male,Yes,1,Not Graduate,Self-Employed,79185.41652170414,27744.284266875813,102356.94797068497,120.0,0,Urban,41.24980940156401,Rejected,852.9745664223748,0.007976965802128871
LN00665,Male,No,0,Not Graduate,Salaried,62128.60455383794,5759.371926589347,118234.73151891676,60.0,1,Urban,24.269085428422343,Approved,1970.5788586486126,0.029026919946814857
LN05786,Female,Yes,1,Graduate,Salaried,57860.5706028304,8439.65241759345,164264.09755837472,180.0,0,Rural,37.48385021226003,Rejected,912.5783197687484,0.013764332579810898
LN04774,Male,No,1,Graduate,Salaried,15000.0,34941.23740734439,218076.9101424056,240.0,1,Semiurban,28.934595772668416,Approved,908.6537922600234,0.01819445891675876
LN00034,Female,No,1,Not Graduate,Salaried,76450.89824206378,731.7342321865763,215279.13579052617,360.0,0,Urban,37.92570911634463,Rejected,597.9975994181283,0.007747825906529323
LN02204,Female,No,3,Graduate,Self-Employed,40871.27246363982,11015.547250106332,218706.79120750545,360.0,1,Urban,50.41833921933025,Approved,607.518864465293,0.011708539236301383
LN04331,Male,Yes,1,Graduate,Salaried,36926.15437320283,9673.932433265036,153618.01949541923,60.0,1,Urban,41.42831538028218,Approved,2560.300324923654,0.05494196471256995
LN05875,Female,Yes,2,Graduate,Salaried,40398.75396318772,0.0,108290.29530631089,120.0,1,Urban,40.65419038881384,Approved,902.4191275525907,0.02233779607100991
LN05156,Male,Yes,1,Graduate,Salaried,62747.04958814072,10971.66571525196,129866.58943816344,120.0,0,Urban,25.248605246242988,Rejected,1082.221578651362,0.014680418319790717
LN03062,Female,Yes,2,Graduate,Salaried,58132.26282200104,19006.41638339837,178243.20660779794,120.0,0,Urban,41.25710216819039,Rejected,1485.3600550649828,0.01925571023986386
LN03958,Male,Yes,1,Graduate,Salaried,82336.67551059909,21506.67628792086,195590.6796785401,300.0,1,Semiurban,40.94020059352666,Approved,651.9689322618003,0.006278388755466699
LN05902,Female,Yes,0,Not Graduate,Salaried,56960.65235367922,0.0,98408.67246357826,180.0,1,Rural,41.00449855353911,Approved,546.7148470198792,0.009598114214444484
LN00234,Male,Yes,0,Graduate,Salaried,102878.8817865065,12782.185962838645,142174.8084895395,180.0,0,Rural,32.7361742612105,Rejected,789.8600471641082,0.006829091781132898
LN05354,Female,Yes,0,Not Graduate,Salaried,49208.17558525737,22344.25852809667,243361.5643590404,120.0,0,Urban,46.09994961752281,Rejected,2028.0130363253368,0.028343033489434327
LN03017,Male,Yes,1,Graduate,Salaried,15000.0,7652.5678652729075,140069.89223232577,120.0,0,Rural,51.07788279747902,Rejected,1167.2491019360482,0.051528334839489764
LN01475,Male,No,0,Graduate,Salaried,72965.60867687718,32303.218148571686,170076.93178596025,180.0,1,Rural,40.18412011878512,Approved,944.8718432553347,0.008975799120684328
LN01495,Female,Yes,0,Not Graduate,Self-Employed,100121.85776318246,9997.389834133244,163264.4172391904,240.0,0,Semiurban,42.85515568241914,Rejected,680.2684051632933,0.006177561325617664
LN04758,Male,Yes,3,Graduate,Salaried,46691.55403741079,19080.96058569945,175886.03820135363,240.0,0,Urban,30.38654943021367,Rejected,732.8584925056401,0.011142321328370473
LN05759,Male,Yes,1,Graduate,Salaried,77064.03090103109,17424.501806358196,147230.3237258832,120.0,0,Urban,36.12808109245368,Rejected,1226.91936438236,0.012984849369836932
LN04246,Male,No,3,Graduate,Salaried,63285.89530741138,1675.5021900179509,228198.0668429852,300.0,1,Semiurban,47.82266629989693,Approved,760.6602228099506,0.011709419010575497
LN03125,Female,Yes,0,Graduate,Salaried,74793.06303449343,15644.07522431942,137964.87140763452,60.0,1,Semiurban,35.40566983156457,Approved,2299.4145234605753,0.02542555600200567
LN01579,Female,No,0,Graduate,Salaried,43794.95125971238,710.9539348827329,86755.55779486458,360.0,0,Semiurban,33.29005386643373,Rejected,240.9876605412905,0.005414734505176552
LN05466,Female,Yes,0,Graduate,Self-Employed,65870.75059937281,11742.6110681738,136723.85692833256,360.0,1,Urban,36.063466834190514,Approved,379.78849146759046,0.004893339024463308
LN04483,Male,No,0,Graduate,Salaried,71067.77966148853,21121.71618618584,166497.93939202174,360.0,0,Urban,46.34131851707695,Rejected,462.4942760889493,0.005016778450043085
LN05561,Female,Yes,3,Graduate,Salaried,59474.78413460296,3570.574536167845,246242.27475617605,300.0,0,Urban,41.80871908314828,Rejected,820.8075825205868,0.013019318151664844
LN05658,Female,Yes,1,Graduate,Salaried,87569.34710907616,20224.452109266946,121651.18044978606,240.0,0,Semiurban,40.414771481753,Rejected,506.87991854077524,0.004702310543058772
LN01029,Female,Yes,3,Graduate,Salaried,39544.14869603189,18225.04660289905,166598.19642832768,120.0,1,Urban,44.40747785070221,Approved,1388.3183035693974,0.0240321558295116
LN05677,Male,Yes,0,Graduate,Salaried,86902.95240904829,11348.670622042157,166333.5460771084,300.0,1,Semiurban,32.47164523106376,Approved,554.4451535903613,0.005643114449263747
LN04549,Male,Yes,0,Graduate,Salaried,55378.61045084639,22125.044420921608,200554.85027934957,180.0,0,Urban,24.22723304261999,Rejected,1114.1936126630533,0.014376013808723193
LN04335,Male,Yes,1,Graduate,Salaried,47088.5585592921,14329.89958274779,20000.0,300.0,0,Urban,28.33055672065714,Rejected,66.66666666666667,0.0010854500207818547
LN03820,Male,Yes,0,Not Graduate,Salaried,52002.01875737726,17951.953681588362,143141.75445629418,180.0,1,Urban,52.29356201806746,Approved,795.2319692016343,0.011367931533773426
LN00856,Male,No,2,Not Graduate,Unemployed,43352.88853791542,16514.073906247777,185920.58488883148,180.0,1,Urban,40.823563963618085,Approved,1032.892138271286,0.01725312419574728
LN03875,Male,Yes,0,Graduate,Self-Employed,83837.98668827146,14790.789626169231,88780.01133894852,120.0,1,Rural,39.94525707613175,Approved,739.833427824571,0.00750119240520526
LN03750,Male,Yes,3,Graduate,Salaried,48281.44653364489,10153.714353999188,203796.70613504,360.0,0,Urban,40.58119426679446,Rejected,566.1019614862222,0.009687694067869377
LN04298,Male,Yes,0,Not Graduate,Salaried,40306.90430305475,25864.801228903816,69990.53566189203,60.0,1,Semiurban,28.356261649137984,Approved,1166.5089276982005,0.017628515364997183
LN01164,Male,Yes,0,Not Graduate,Salaried,80451.4086401928,7576.136295692654,104779.97488345653,60.0,1,Urban,34.11065903667243,Approved,1746.3329147242755,0.0198384825567521
LN04858,Male,Yes,1,Not Graduate,Salaried,62613.80048928765,24948.686937879385,135374.1903225329,360.0,1,Rural,46.272747929514686,Approved,376.0394175625914,0.0042945264417639396
LN05072,Male,Yes,1,Graduate,Self-Employed,72190.52090417202,3848.737373365124,195361.73300288105,60.0,0,Urban,37.95386278135887,Rejected,3256.028883381351,0.0428203661784431
LN03775,Female,Yes,2,Graduate,Salaried,69430.84760836411,30874.00602415537,88654.21618523796,300.0,1,Urban,21.0,Approved,295.5140539507932,0.00294615906657368
LN05021,Male,Yes,2,Graduate,Salaried,45297.66398550824,0.0,152464.87126085794,60.0,1,Urban,26.321587909682847,Approved,2541.0811876809657,0.05609740026536282
LN02059,Female,Yes,1,Graduate,Self-Employed,63871.79822735089,5084.729588953678,99764.7569646602,60.0,0,Rural,28.20667423089493,Rejected,1662.7459494110035,0.024112959310254773
LN00273,Male,Yes,3,Not Graduate,Salaried,60204.66122039174,4180.856312868671,90580.76646299646,300.0,1,Rural,21.0,Approved,301.9358882099882,0.004689500058052861
LN01256,Male,Yes,0,Not Graduate,Salaried,93451.44773675408,14169.106722568167,242755.9286517673,360.0,0,Urban,36.9480904152267,Rejected,674.322024032687,0.006265736386700768
LN04990,Male,Yes,2,Graduate,Salaried,18012.874711619486,14026.540311072671,222350.230879253,60.0,0,Urban,40.4490439808335,Rejected,3705.8371813208837,0.11566494515259398
LN02743,Female,No,1,Not Graduate,Salaried,71162.79029037012,23848.425828011583,181601.16118085108,60.0,1,Rural,34.55821702294366,Approved,3026.686019680851,0.03185609176825684
LN03076,Male,No,0,Graduate,Salaried,75503.10988069566,11642.140610202505,65145.19283552724,120.0,0,Urban,38.75923003593653,Rejected,542.876606962727,0.006229560462614396
LN02065,Male,Yes,0,Graduate,Unemployed,48344.82684776836,15903.09799206435,178998.60855168052,120.0,1,Semiurban,32.44299145829515,Approved,1491.6550712640044,0.023217171215765112
LN00574,Female,Yes,0,Graduate,Salaried,76588.11162366979,16587.560509375428,187950.64852910943,180.0,0,Urban,40.666824458172805,Rejected,1044.1702696061634,0.01120646887435592
LN00194,Male,Yes,2,Graduate,Salaried,63463.61851702364,0.0,185383.9122013621,300.0,0,Urban,21.0,Rejected,617.9463740045404,0.009737017655852399
LN00857,Male,Yes,3,Graduate,Salaried,69428.31112772808,12073.14541024723,161151.01514810816,180.0,0,Semiurban,28.296789913000215,Rejected,895.2834174894898,0.010984876289570795
LN03969,Female,Yes,2,Graduate,Salaried,85812.88921845095,7716.0968675829,199999.55025298052,120.0,0,Semiurban,40.10647392783079,Rejected,1666.6629187748376,0.01781974752983782
LN05925,Male,Yes,2,Not Graduate,Salaried,42785.41673209323,15738.86936124554,140709.7194950111,120.0,1,Rural,30.136027598466526,Approved,1172.580995791759,0.02003580178529033
LN01333,Female,No,1,Not Graduate,Salaried,89814.52273699903,28954.340821991853,269229.8900165735,120.0,1,Semiurban,35.501919158920764,Approved,2243.582416804779,0.01889032486776656
LN00430,Male,Yes,0,Graduate,Salaried,36334.829746684496,8713.297529691397,217466.19639053696,300.0,0,Urban,30.632657767790896,Rejected,724.8873213017898,0.01609139747041016
LN02237,Female,Yes,1,Graduate,Salaried,40921.2116120671,5129.538210636847,136444.24258190452,180.0,0,Semiurban,35.38339963814221,Rejected,758.0235698994695,0.01646061297194663
LN05620,Male,Yes,0,Graduate,Self-Employed,53592.29881126411,11855.562097023709,114233.12154526668,120.0,1,Urban,36.46608312751761,Approved,951.942679543889,0.014545054129085253
LN01851,Male,Yes,0,Graduate,Salaried,95506.21785219024,11924.285828842008,139735.3739185743,180.0,1,Semiurban,21.0,Approved,776.3076328809683,0.007226137887111404
LN01739,Male,Yes,0,Graduate,Self-Employed,94212.2674516385,21151.639842785804,56551.29620865616,120.0,0,Urban,28.69926975259665,Rejected,471.2608017388013,0.004084993415974373
LN01968,Male,Yes,2,Graduate,Salaried,56101.83439294638,10952.046205797067,100844.84264279252,60.0,1,Urban,37.89568298490593,Approved,1680.7473773798752,0.02506562427665628
LN03295,Male,Yes,0,Not Graduate,Salaried,38493.75213901524,5051.436475324588,155119.10991738265,120.0,1,Urban,22.582299950241016,Approved,1292.659249311522,0.02968546676327491
LN02614,Male,No,1,Graduate,Salaried,71975.8877912382,14880.02655372276,98110.2263490908,180.0,1,Urban,46.86220112921662,Approved,545.0568130505044,0.006275413910050287
LN04446,Male,No,0,Graduate,Self-Employed,42434.73494353067,22735.47615107018,176703.1478158476,120.0,0,Semiurban,44.84713795532876,Rejected,1472.52623179873,0.022595081511416558
LN01192,Female,No,1,Graduate,Unemployed,47972.64712097573,14181.05620427507,124101.6350391745,240.0,1,Urban,32.411869787792824,Approved,517.0901459965604,0.008319538793861145
LN00474,Female,Yes,1,Graduate,Salaried,92899.35427002568,0.0,167554.56458383673,300.0,0,Urban,31.583735213932776,Rejected,558.5152152794558,0.006012046258750614
LN01939,Male,Yes,1,Graduate,Self-Employed,61959.66306941791,12153.744957463212,162239.230980175,300.0,0,Semiurban,33.96659824666278,Rejected,540.7974366005833,0.007296890684131469
LN00155,Female,Yes,2,Not Graduate,Self-Employed,45712.97163947264,19484.8545419644,102492.3734974064,60.0,0,Urban,35.316806215726274,Rejected,1708.2062249567732,0.026200355518036112
LN05949,Male,Yes,2,Graduate,Salaried,30104.87707100712,2991.8100016495955,164241.9847677725,120.0,0,Semiurban,34.19239603884632,Rejected,1368.6832063981042,0.04135408487844878
LN05323,Male,Yes,1,Graduate,Self-Employed,64206.06080443991,31037.018554669303,227305.4280215705,300.0,0,Urban,46.19525435471292,Rejected,757.6847600719017,0.007955273655265696
LN04544,Female,No,1,Graduate,Salaried,67404.23779883482,12326.82976832191,90141.67036548848,180.0,1,Semiurban,34.28803175772206,Approved,500.78705758604707,0.006280952618177836
LN00934,Female,Yes,2,Graduate,Salaried,68800.28900106665,23789.639730706516,206684.42490492543,360.0,1,Semiurban,36.42301195471275,Approved,574.1234025136818,0.006200711139727506
LN05773,Male,Yes,0,Not Graduate,Salaried,43278.16659560747,19670.909439935745,151513.43355543097,120.0,0,Semiurban,21.0,Rejected,1262.6119462952581,0.020057672420518834
LN05362,Male,No,2,Not Graduate,Self-Employed,61237.66705774271,6385.565705357136,173127.39613988748,120.0,0,Urban,38.99391986322252,Rejected,1442.728301165729,0.021334802289324835
LN01806,Male,Yes,0,Graduate,Salaried,65342.53302022967,19279.62626552635,109845.77096404704,300.0,0,Rural,34.291901541293825,Rejected,366.1525698801568,0.004326911212980467
LN03784,Female,No,2,Not Graduate,Salaried,69287.39727093148,0.0,186199.8516200952,360.0,1,Semiurban,35.843860566146816,Approved,517.22181005582,0.007464875726726322
LN05656,Female,Yes,0,Not Graduate,Salaried,80205.49173672032,29658.35978602963,164163.4975073299,300.0,1,Semiurban,46.9929207663789,Approved,547.2116583577664,0.00498081626279462
LN01922,Male,Yes,2,Graduate,Salaried,38545.139485203865,2434.3466405456456,148933.38091844562,120.0,0,Semiurban,26.677254954113245,Rejected,1241.1115076537135,0.03028616571338262
LN05458,Male,Yes,3,Graduate,Salaried,39273.8150525246,7581.568389915245,161315.79764492394,120.0,1,Urban,41.90116900419008,Approved,1344.2983137076994,0.02869037056028197
LN01803,Female,No,1,Not Graduate,Self-Employed,29725.712147743456,16918.895450216474,126593.77331019047,360.0,0,Urban,28.970754217414765,Rejected,351.6493703060847,0.007538907248122387
LN05963,Female,Yes,0,Graduate,Salaried,32489.782208625147,5099.862860968608,184763.46135443737,360.0,0,Urban,32.54066154267116,Rejected,513.2318370956593,0.01365354304743921
LN05068,Female,Yes,1,Graduate,Salaried,59588.788852989856,29744.820073782557,108852.56870688211,120.0,1,Urban,42.6498173906336,Approved,907.1047392240176,0.010154126203135706
LN00844,Male,Yes,0,Not Graduate,Self-Employed,63329.04416426112,39412.21722471914,257860.79437238688,300.0,0,Urban,36.36671787394196,Rejected,859.5359812412896,0.008366025193978017
LN02372,Male,No,0,Graduate,Salaried,63200.36451705576,17496.094582097117,230903.424058302,240.0,0,Semiurban,21.0,Rejected,962.097600242925,0.01192242647302259
LN05386,Male,No,2,Not Graduate,Salaried,87020.31504974,23509.82678506765,163873.9620668733,240.0,0,Urban,50.82454406487778,Rejected,682.8081752786387,0.00617757440589488
LN03230,Female,Yes,0,Graduate,Self-Employed,51641.80908468219,14472.448919992345,151442.44473965926,240.0,0,Urban,33.27963543070751,Rejected,631.010186415247,0.009544237588972595
LN04642,Male,Yes,0,Not Graduate,Salaried,55486.87238575497,25692.837063951836,161365.6897746159,300.0,1,Semiurban,37.95797227539912,Approved,537.885632582053,0.00662586299246721
LN00551,Male,No,2,Not Graduate,Self-Employed,56886.45529215841,26568.33781036989,70457.7071570652,360.0,1,Semiurban,32.58350615466535,Approved,195.71585321407002,0.002345172109810679
LN05920,Female,Yes,1,Graduate,Self-Employed,85045.6732391328,22145.49761463506,56708.0122398282,60.0,0,Semiurban,38.97139480838756,Rejected,945.13353733047,0.008817270394590971
LN01258,Female,Yes,1,Graduate,Salaried,45899.76288483183,9155.99023403969,173975.52814706517,240.0,0,Urban,53.989845032827375,Rejected,724.8980339461049,0.013166617344802624
LN00530,Male,Yes,0,Graduate,Salaried,72771.84917554748,20789.28648571235,150015.93057325343,240.0,1,Urban,43.68332604643102,Approved,625.0663773885559,0.006680833585129007
LN05562,Male,Yes,0,Graduate,Salaried,47509.79089822845,3150.48058773925,152355.23488796566,240.0,0,Urban,34.88282588695638,Rejected,634.8134786998569,0.012530795040758769
LN03167,Male,No,1,Graduate,Salaried,63161.06979840264,5010.636237544088,125217.56235603295,60.0,1,Semiurban,40.97321802817176,Approved,2086.959372600549,0.030613277765120062
LN05022,Male,Yes,2,Graduate,Self-Employed,56281.510381024586,22631.42300709657,174011.46309528514,180.0,0,Urban,35.400156447534265,Rejected,966.7303505293619,0.012250594535304459
LN01528,Male,Yes,3,Graduate,Self-Employed,50223.01156427452,148.13837300067826,239069.9858300429,120.0,1,Urban,41.00002259647018,Rejected,1992.2498819170241,0.03955140758942129
LN03867,Female,Yes,1,Graduate,Salaried,93072.3453698457,16165.080524758709,154461.41434373744,240.0,0,Semiurban,32.48380407360588,Rejected,643.5892264322393,0.005891654999754331
LN04323,Male,Yes,1,Graduate,Self-Employed,38466.41745057973,12245.176848209778,157202.61157632485,120.0,0,Urban,35.189780402501405,Rejected,1310.0217631360404,0.025832785997960843
LN00691,Male,Yes,2,Graduate,Salaried,83186.59606728496,7970.885619604325,156471.08384076503,240.0,0,Semiurban,22.233386852108342,Rejected,651.962849336521,0.007152049807342248
LN01918,Female,Yes,0,Graduate,Self-Employed,56637.12362830421,8108.882022782098,188746.8053554237,180.0,1,Urban,25.089302873556758,Approved,1048.5933630856873,0.01619549117418171
LN03544,Male,No,1,Graduate,Self-Employed,87529.92900039075,29086.194934459192,110807.9130457658,240.0,0,Urban,29.459031904094616,Rejected,461.69963769069085,0.003959140658358951
LN01865,Female,Yes,0,Graduate,Salaried,26750.16023928652,4824.152227866243,225817.37328995985,240.0,0,Urban,41.43003928811974,Rejected,940.9057220414994,0.02979972162562013
LN00379,Male,Yes,2,Not Graduate,Salaried,43834.03429289697,15722.520482379156,188636.4188959697,300.0,0,Semiurban,38.12908182149965,Rejected,628.7880629865656,0.010557831381602954
LN01452,Female,Yes,1,Graduate,Salaried,64815.063589771366,4366.455001696813,93773.91601930524,180.0,1,Urban,35.137926152342686,Approved,520.9662001072513,0.0075304244647138975
LN04906,Male,Yes,2,Graduate,Self-Employed,50069.36529036062,6651.700894533269,164814.7682751834,240.0,1,Semiurban,29.25312019299025,Approved,686.7282011465975,0.012107110238514678
LN05531,Male,Yes,3,Graduate,Salaried,45016.565467935165,18963.19682007863,190452.71445438892,300.0,1,Semiurban,26.76355123976221,Approved,634.8423815146297,0.009922549862826912
LN03378,Female,Yes,2,Not Graduate,Salaried,70119.3110691173,11002.294885569425,183416.66148030804,180.0,1,Rural,37.95365742738998,Approved,1018.981452668378,0.012561159763498336
LN00869,Female,No,1,Graduate,Salaried,100204.090775327,1776.5256531670457,93473.97719835196,360.0,0,Semiurban,27.214674579611533,Rejected,259.6499366620888,0.0025460714570611376
LN02221,Male,Yes,2,Graduate,Salaried,47049.16388729682,24669.56645344817,196096.8300642678,180.0,0,Rural,41.85484783704561,Rejected,1089.4268336903767,0.015190269383107713
LN05237,Female,Yes,1,Graduate,Self-Employed,84051.53010450455,15395.697241336482,176629.82438070327,180.0,0,Urban,29.4501800309567,Rejected,981.2768021150182,0.009867311822606143
LN02037,Male,No,0,Graduate,Self-Employed,49820.72748585002,964.4137043633746,130826.09905380566,240.0,1,Urban,38.32665545482483,Approved,545.1087460575236,0.010733626672727837
LN01092,Male,No,2,Graduate,Self-Employed,74552.5908727396,394.99100581512175,172566.14123717058,360.0,0,Semiurban,60.70645918106838,Rejected,479.3503923254738,0.006395808647999005
LN02036,Female,Yes,0,Not Graduate,Unemployed,67848.31934357533,0.0,211231.9365607588,240.0,1,Urban,39.47876391817476,Approved,880.1330690031616,0.01297206883705223
LN00613,Male,No,0,Graduate,Salaried,37490.21905403247,36966.46054978954,227859.3316188379,360.0,1,Urban,40.99092215479469,Approved,632.9425878301053,0.008500816732601316
LN05249,Female,Yes,1,Graduate,Salaried,68477.78964887973,12422.754384137048,201443.8720839472,60.0,1,Urban,36.35172414585319,Approved,3357.397868065787,0.04150031261465412
LN05741,Male,Yes,2,Graduate,Salaried,40148.43986542354,13825.896996551306,176327.38895768402,300.0,0,Urban,54.12702712625797,Rejected,587.75796319228,0.01088958192659812
LN03579,Male,Yes,0,Graduate,Salaried,38675.301362015496,11613.309461162424,119570.40972153608,300.0,1,Urban,39.08841820119257,Approved,398.5680324051203,0.007925612298310318
LN04547,Female,Yes,1,Not Graduate,Salaried,58852.18593996915,24035.206838035017,102851.8313775118,360.0,1,Semiurban,36.15126197070928,Approved,285.6995316041994,0.003446839404991099
LN03576,Female,No,1,Graduate,Salaried,43360.90165011097,0.0,153903.88569479948,360.0,1,Urban,26.536296155988172,Approved,427.5107935966652,0.009859361252363882
LN02781,Female,Yes,1,Not Graduate,Salaried,47004.69546303466,24559.358223307623,123860.93917169144,240.0,1,Rural,36.6839221091816,Approved,516.0872465487143,0.007211542945997308
LN00014,Female,Yes,1,Graduate,Salaried,25501.643349739345,19790.03143392759,150949.95411299355,240.0,1,Rural,44.16821288295517,Approved,628.9581421374731,0.013886837816036949
LN03190,Male,Yes,2,Not Graduate,Salaried,51806.26814741005,5604.348327460419,97057.09955710029,240.0,1,Semiurban,26.366242138903797,Approved,404.4045814879179,0.0070440731404605664
LN05435,Female,Yes,0,Graduate,Salaried,47740.33457458621,2916.964843406673,136485.38411877526,360.0,1,Urban,25.073155664413125,Approved,379.12606699659796,0.007484134988489671
LN01093,Male,No,1,Graduate,Self-Employed,61038.91771614599,26912.606816318323,93165.34405395924,300.0,1,Semiurban,27.78671659386979,Approved,310.5511468465308,0.0035309353475948156
LN05311,Male,Yes,2,Graduate,Salaried,84674.48556672386,4269.086716373846,262980.1013871239,240.0,1,Urban,37.57582745499462,Approved,1095.7504224463496,0.01231961337193311
LN03286,Female,Yes,0,Graduate,Unemployed,53397.59812067099,19283.52913771449,149993.4156886531,180.0,0,Semiurban,35.11131697337874,Rejected,833.2967538258506,0.011465104976473935
LN03030,Female,Yes,2,Not Graduate,Salaried,15000.0,14879.759710868118,102013.3832583533,120.0,1,Urban,21.0,Approved,850.1115271529441,0.028451083120448733
LN04019,Male,Yes,0,Graduate,Unemployed,58238.17511941853,32945.24848392212,199720.5140608815,120.0,1,Urban,32.368928252840135,Approved,1664.3376171740126,0.01825263355337578
LN01180,Male,Yes,2,Graduate,Self-Employed,63597.88302306957,18144.445908748527,162263.84661088037,180.0,0,Rural,30.05121508200616,Rejected,901.4658145048909,0.011028139597745136
LN04209,Female,Yes,0,Not Graduate,Salaried,37478.920781778994,8113.055665547653,106467.86045166668,180.0,1,Rural,31.757077361365877,Approved,591.4881136203704,0.012973513317715648
LN04141,Male,No,1,Graduate,Self-Employed,92767.1946454188,22528.910814937848,147338.3166218284,180.0,0,Semiurban,41.49331037180874,Rejected,818.5462034546022,0.007099513033734264
LN00453,Male,Yes,0,Not Graduate,Salaried,70080.93031035688,8808.770517500685,123500.35341482624,120.0,1,Rural,35.25850478388942,Approved,1029.1696117902186,0.01304567771192254
LN03060,Male,Yes,0,Graduate,Salaried,66349.0652250035,13978.96941108561,229305.7065710656,360.0,0,Semiurban,46.662372415792426,Rejected,636.9602960307377,0.007929489360923185
LN02276,Female,Yes,1,Graduate,Self-Employed,73587.46565913007,39598.7198502938,180336.50012600533,60.0,0,Urban,34.31850104865267,Rejected,3005.608335433422,0.02655455099848007
LN04862,Female,Yes,1,Graduate,Self-Employed,46259.71800601005,14876.340617576354,155892.21630706504,60.0,1,Semiurban,23.453418395670774,Approved,2598.2036051177506,0.042498709658645856
LN04489,Male,Yes,0,Graduate,Salaried,60026.51377468815,7262.194211093422,240865.5409862804,360.0,1,Urban,41.66575301118224,Approved,669.0709471841122,0.009943287175695068
LN05071,Male,No,2,Graduate,Salaried,55606.6109529808,0.0,152101.95184986154,360.0,0,Rural,42.77174601398613,Rejected,422.50542180517095,0.007598114946484119
LN04597,Male,Yes,2,Graduate,Salaried,85825.47678031758,23844.42437381738,88561.03245474931,60.0,0,Semiurban,31.086525439909916,Rejected,1476.0172075791552,0.013458726524287597
LN00581,Female,Yes,1,Graduate,Salaried,51694.24172198398,17450.38664315406,130435.00550508112,60.0,0,Urban,43.283900445591776,Rejected,2173.9167584180186,0.03144013945577996
LN00200,Female,Yes,1,Graduate,Salaried,67155.74720696567,9477.387478873914,166543.1765533456,60.0,0,Semiurban,39.135548757113945,Rejected,2775.7196092224267,0.036220880440315975
LN05177,Female,Yes,0,Graduate,Salaried,22939.63034204861,24334.229544758644,27914.65065487566,360.0,1,Urban,36.31522289021125,Approved,77.5406962635435,0.0016402446605630952
LN00404,Female,Yes,0,Graduate,Salaried,50998.69057041513,20214.49399059529,36341.3898726584,180.0,1,Urban,36.48754111036155,Approved,201.89661040365777,0.0028351015566602986
LN04072,Male,Yes,0,Graduate,Salaried,29248.304071016493,24878.61582406509,84079.93087632667,300.0,1,Rural,46.349772737968095,Approved,280.2664362544223,0.005177949101808943
LN01694,Female,No,1,Not Graduate,Salaried,62527.59159092824,21183.60566259665,107401.43774750127,180.0,1,Urban,34.37171442412893,Approved,596.6746541527848,0.007127775897717914
LN01177,Male,No,2,Not Graduate,Salaried,58033.207464105,5352.102623703144,249444.23193774268,240.0,1,Semiurban,37.67058944941082,Approved,1039.3509664072612,0.01639734766568848
LN05831,Female,Yes,1,Graduate,Salaried,57607.60751262457,8832.698900435984,139604.38449669429,120.0,1,Rural,29.345164881820065,Approved,1163.3698708057857,0.017510001588088634
LN02570,Male,Yes,1,Graduate,Self-Employed,60764.759899200566,7795.449293249411,138971.87327955052,180.0,0,Semiurban,32.33628294666112,Rejected,772.0659626641695,0.011261137790536254
LN03538,Female,Yes,0,Graduate,Salaried,59019.41318323927,2104.9993027601995,147220.47384003643,60.0,0,Semiurban,54.84822117027579,Rejected,2453.674564000607,0.040142300992465504
LN01779,Male,No,3,Graduate,Salaried,46151.58040252288,5599.840678762459,158691.17626224243,300.0,0,Semiurban,37.6953076784022,Rejected,528.9705875408081,0.010221373181423564
LN00384,Male,No,2,Graduate,Salaried,44817.34676892604,19394.526904579907,130246.65469363952,360.0,0,Semiurban,42.34369931162486,Rejected,361.79626303788757,0.00563441373596245
LN04282,Female,No,1,Graduate,Unemployed,83187.62086601045,25421.905769830173,192500.21339847965,360.0,0,Urban,48.008748464231886,Rejected,534.7228149957768,0.004923350939449918
LN01994,Female,Yes,3,Graduate,Salaried,67028.96415083166,7925.604551878121,135105.23276282346,120.0,1,Urban,26.016560194568747,Approved,1125.8769396901955,0.015020791383054047
LN03389,Male,Yes,0,Graduate,Self-Employed,62781.207973068354,23083.595496657083,189050.4477303576,60.0,1,Urban,45.310731196362354,Approved,3150.84079550596,0.03669537072447731
LN03388,Male,Yes,2,Graduate,Salaried,77232.72248995888,25271.51035893151,154765.1699576809,300.0,1,Urban,21.0,Approved,515.8838998589363,0.005032805821974607
LN04632,Male,No,1,Graduate,Salaried,67727.65307696121,11682.21228227878,205460.39912933653,360.0,0,Urban,47.52676711807591,Rejected,570.7233309148237,0.007187058287190702
LN03380,Male,Yes,0,Not Graduate,Salaried,103301.12135613203,14977.618835258188,165656.17085964957,60.0,0,Urban,39.971052348338986,Rejected,2760.9361809941597,0.023342624181882644
LN01580,Male,Yes,2,Graduate,Salaried,64011.38394461886,26892.26461255785,152760.40044961666,120.0,0,Urban,31.75486606279558,Rejected,1273.0033370801389,0.01400387506206028
LN00939,Male,Yes,3,Not Graduate,Self-Employed,48718.42738526543,1988.907336086548,216130.8920630386,120.0,0,Semiurban,37.50115496445972,Rejected,1801.0907671919883,0.035519334176986044
LN04120,Female,Yes,0,Graduate,Self-Employed,47847.07309253055,40031.71790905711,197458.30351190805,360.0,0,Semiurban,28.340173494420213,Rejected,548.4952875330779,0.006241497877720786
LN05962,Male,Yes,0,Graduate,Salaried,60697.75894178817,2973.28492228008,89116.4311196758,120.0,1,Urban,32.64684162290853,Approved,742.6369259972984,0.011663652438033826
LN04576,Male,No,0,Not Graduate,Self-Employed,36460.75774460064,13135.63584178446,78868.32653927979,360.0,1,Semiurban,38.30479223237711,Approved,219.07868483133277,0.004417230144965075
LN03893,Male,Yes,3,Graduate,Salaried,21839.95725753385,12835.812883616289,85631.07034323273,240.0,0,Semiurban,36.88885412934581,Rejected,356.7961264301364,0.01028949393128899
LN02573,Male,No,1,Graduate,Salaried,58995.9076591651,27146.667801329026,90643.4833858338,300.0,1,Urban,30.96323874678181,Approved,302.144944619446,0.00350749838862216
LN01108,Female,No,0,Graduate,Self-Employed,47524.6207860839,0.0,122658.07724026089,60.0,1,Urban,31.844686629418327,Approved,2044.3012873376815,0.04301562544895238
LN02383,Male,Yes,0,Graduate,Unemployed,59026.95296859098,27428.625628583148,176986.18398691536,120.0,0,Urban,43.71303884843896,Rejected,1474.8848665576281,0.01705945284837682
LN00752,Male,Yes,1,Graduate,Salaried,40482.53494045335,12354.541012952775,90921.6710448794,240.0,1,Semiurban,21.0,Approved,378.84029602033087,0.007169970880947455
LN04082,Male,No,0,Graduate,Salaried,93573.49346745132,17736.601192125017,169524.21469371676,300.0,0,Urban,44.10793071864303,Rejected,565.0807156457225,0.00507663493930114
LN02564,Male,No,1,Graduate,Self-Employed,42093.07355273952,0.0,92570.83423806303,300.0,0,Urban,21.0,Rejected,308.56944746021014,0.007330646622266615
LN04069,Male,Yes,1,Graduate,Salaried,81079.71542365753,11474.5375726338,179224.4394323731,360.0,0,Urban,28.9928410905864,Rejected,497.84566508992526,0.005378960436425046
LN01317,Male,Yes,2,Graduate,Salaried,53895.50591290665,27434.28278102925,170197.02080341522,300.0,1,Urban,40.85138690391735,Approved,567.3234026780507,0.006975591745516872
LN03102,Male,Yes,3,Graduate,Salaried,92989.61788647842,22331.79317422557,195868.3324738924,300.0,1,Urban,27.95925085022538,Approved,652.8944415796414,0.005661519708911336
LN02837,Male,No,2,Graduate,Salaried,92519.17830724128,1503.5032977985938,128185.49045029216,300.0,1,Semiurban,32.919068622022124,Approved,427.2849681676405,0.004544488211499137
LN03561,Female,Yes,2,Graduate,Salaried,44864.72045968147,6965.657258287429,144089.5777214527,120.0,0,Urban,39.04268389351954,Rejected,1200.7464810121057,0.023166847973709114
LN03550,Male,Yes,0,Graduate,Salaried,49370.9089728157,18607.55754663835,62128.831479862245,360.0,1,Rural,46.325310908776,Approved,172.5800874440618,0.002538746404270136
LN05222,Female,Yes,1,Not Graduate,Salaried,55502.93888410296,14237.218482604174,137947.2892703018,60.0,1,Semiurban,41.742589992458335,Approved,2299.121487838363,0.0329669673062127
LN01141,Male,Yes,2,Graduate,Self-Employed,87514.13626623238,18955.988347629424,204468.9918077304,60.0,1,Urban,23.93788322255311,Approved,3407.81653012884,0.03200725595549046
LN02563,Female,Yes,1,Graduate,Self-Employed,65107.67511348634,17084.91970575581,137317.9773053749,240.0,0,Rural,29.559300365359643,Rejected,572.1582387723954,0.006961189630655719
LN04982,Male,Yes,0,Graduate,Salaried,65735.48224765173,10939.708455872846,23587.74498431428,180.0,0,Urban,43.37942637383532,Rejected,131.0430276906349,0.0017090668635873529
LN05226,Female,Yes,1,Not Graduate,Salaried,51423.04148787853,42148.16939486322,76844.93743751507,300.0,0,Urban,40.8676522631572,Rejected,256.14979145838356,0.002737485055947136
LN02724,Male,Yes,0,Graduate,Salaried,99251.7438106159,13616.647179836222,132940.0133653352,120.0,1,Urban,26.60145940686123,Approved,1107.8334447111267,0.009815267454329545
LN03580,Male,No,2,Not Graduate,Self-Employed,102495.42806033924,29664.4239118858,147668.76173926654,60.0,1,Semiurban,32.59577075365178,Approved,2461.1460289877755,0.018622493838030437
LN04132,Female,Yes,3,Graduate,Self-Employed,81407.3032045986,6445.173040744186,97373.84725013108,240.0,1,Urban,47.484353703695945,Approved,405.7243635422128,0.004618246188179824
LN01235,Male,Yes,3,Not Graduate,Salaried,92782.33610888134,27863.82136995533,193229.23958758856,60.0,0,Urban,45.3678574146807,Rejected,3220.487326459809,0.02669365849488191
LN00118,Female,Yes,0,Graduate,Salaried,82856.45629030041,20519.64259331828,112040.82269162478,300.0,0,Urban,46.75861752625603,Rejected,373.4694089720826,0.0036127249238969276
LN02816,Male,Yes,0,Graduate,Self-Employed,69641.33454670772,12316.312008626192,56924.33196704,360.0,0,Rural,24.06187744467003,Rejected,158.1231443528889,0.0019293275368288138
LN02189,Female,No,0,Graduate,Salaried,71771.06539541439,24465.770035733865,104119.2005446834,120.0,1,Urban,33.07522649406406,Approved,867.6600045390283,0.009015882542810622
LN05108,Male,No,0,Graduate,Self-Employed,38526.22682164495,13071.939126925876,203942.47832544817,240.0,1,Urban,29.85478516785907,Approved,849.760326356034,0.016468808740275988
LN03811,Male,No,0,Not Graduate,Self-Employed,68403.83085789983,7980.427017048782,237352.9572276757,60.0,0,Urban,32.94045397806918,Rejected,3955.882620461262,0.05178923943906843
LN02687,Male,Yes,0,Graduate,Salaried,29288.557535857883,28801.389388685147,119717.21832446838,360.0,1,Urban,25.66756697538565,Approved,332.54782867907886,0.005724705328291103
LN02370,Male,Yes,0,Graduate,Salaried,56882.03644126665,11139.77202129302,113650.25871414716,240.0,1,Semiurban,35.0998445707218,Approved,473.54274464227984,0.0069616312083635
LN01824,Female,Yes,0,Not Graduate,Self-Employed,63373.09343933455,24625.025919532985,252575.4732042791,240.0,1,Semiurban,27.462338673938632,Approved,1052.3978050178296,0.01195932154783919
LN03936,Female,No,2,Graduate,Unemployed,84990.09801412317,18120.621317267385,87035.2224059981,360.0,1,Urban,29.04310513720489,Approved,241.76450668332805,0.0023447077883950555
LN04657,Male,No,3,Graduate,Salaried,41179.54598667242,6133.6083079540185,170327.10691333475,120.0,0,Urban,31.729315977659056,Rejected,1419.3925576111228,0.029999956223006028
LN04713,Male,Yes,0,Graduate,Salaried,67139.45518533852,0.0,110193.42472285229,300.0,1,Urban,40.8278106955791,Approved,367.31141574284095,0.005470872748801394
LN01265,Male,Yes,3,Not Graduate,Salaried,31725.7100619004,8433.759292002953,206311.9094218192,360.0,0,Urban,24.296333207152927,Rejected,573.0886372828311,0.01427032394856903
LN02882,Female,Yes,3,Graduate,Unemployed,47862.69644285649,24811.49715570353,194447.00027965187,60.0,0,Rural,34.690815940294485,Rejected,3240.7833379941976,0.0445933167954465
LN02844,Female,Yes,0,Graduate,Salaried,64335.51127525258,19352.115282896026,160041.21448372368,360.0,1,Semiurban,33.36678845961809,Approved,444.5589291214547,0.005312122561064176
LN05114,Male,No,1,Graduate,Salaried,57316.39578646151,13835.116473689652,153984.70336913562,240.0,1,Urban,23.10915204440286,Approved,641.6029307047318,0.00901741804670068
LN04950,Male,No,3,Graduate,Self-Employed,64804.11687892446,8070.429954687849,216522.58357811585,240.0,1,Semiurban,49.31854063166006,Rejected,902.1774315754827,0.012379870212233919
LN03387,Male,No,0,Not Graduate,Salaried,61562.86125939295,32464.906315946217,189751.07296345863,240.0,1,Rural,54.845453547511,Approved,790.6294706810776,0.008408467956527742
LN01410,Male,No,0,Graduate,Salaried,86563.88283698115,25522.111559570585,112671.83238650444,180.0,0,Rural,32.887728926402346,Rejected,625.9546243694691,0.005584592684746046
LN04091,Male,Yes,3,Graduate,Salaried,88410.08574542127,3609.384923836489,189486.6062316004,60.0,1,Urban,38.98318968206243,Approved,3158.110103860007,0.0343200203271228
LN05860,Male,No,3,Graduate,Self-Employed,84868.11594374324,19213.602543067085,117094.32534541527,60.0,0,Urban,38.60728159577299,Rejected,1951.5720890902546,0.018750383040010685
LN01546,Male,Yes,2,Graduate,Self-Employed,40032.29121623417,15118.626791807845,95820.17276637311,180.0,1,Urban,31.21628224618226,Approved,532.3342931465173,0.009652319714222948
LN02918,Male,Yes,1,Graduate,Salaried,61961.35079077889,0.0,146985.96254860092,60.0,1,Urban,29.931541423715046,Approved,2449.766042476682,0.03953700187635769
LN02635,Male,Yes,1,Graduate,Salaried,81430.86304469772,3322.4258410007897,147430.25364037382,360.0,1,Urban,39.84491123764196,Approved,409.52848233437174,0.004832006966557691
LN01959,Male,Yes,1,Graduate,Salaried,64464.7782825832,11195.440958336489,151989.9727058008,180.0,1,Rural,42.10460264912665,Approved,844.388737254449,0.011160273466373648
LN02145,Male,Yes,2,Not Graduate,Salaried,89797.26877204164,14748.113164705206,53427.385545188925,240.0,0,Semiurban,42.6085060444226,Rejected,222.6141064382872,0.0021293538013278817
LN03890,Male,Yes,0,Graduate,Salaried,73857.15168474874,27519.47454513157,201359.5780020207,240.0,0,Semiurban,37.76665110035548,Rejected,838.9982416750862,0.008276052112570651
LN05221,Female,No,0,Not Graduate,Salaried,60269.00729238586,12305.062442960136,200449.5738465824,180.0,0,Urban,44.37351257480503,Rejected,1113.6087435921245,0.015344443926778435
LN02553,Male,Yes,3,Not Graduate,Salaried,67792.28354741808,15075.601803941332,193045.50522707315,180.0,1,Urban,21.96297228582982,Approved,1072.4750290392954,0.012941986204812718
LN01811,Male,No,3,Graduate,Self-Employed,62935.860239710986,13219.767099361616,152772.66675788496,60.0,0,Urban,36.54919103661638,Rejected,2546.211112631416,0.033434313413173745
LN00653,Male,Yes,1,Graduate,Salaried,37869.48182516659,18377.660990546014,169105.8585296259,180.0,0,Urban,36.52995895519378,Rejected,939.476991831255,0.016702661589573446
LN05304,Male,Yes,2,Graduate,Self-Employed,54853.99998764421,5071.312946213018,205607.45314032992,180.0,0,Urban,36.81613446586203,Rejected,1142.2636285573885,0.019061454544562262
LN04879,Male,Yes,0,Graduate,Self-Employed,79356.52048050408,6143.31815993584,160053.3495015696,120.0,1,Semiurban,27.90274959847561,Approved,1333.77791251308,0.015599771107430214
LN04003,Female,No,0,Graduate,Self-Employed,69452.60691686811,16104.180469461196,126875.04234000151,60.0,1,Urban,33.13485764202056,Approved,2114.5840390000253,0.024715561483762586
LN05032,Female,Yes,2,Graduate,Self-Employed,74620.01253570963,0.0,149124.1318552126,360.0,0,Semiurban,52.47056982758653,Rejected,414.23369959781274,0.0055512413563262265
LN05515,Male,No,3,Graduate,Salaried,29620.604383733706,30330.12542249183,141013.37429949397,360.0,0,Urban,32.62539194287299,Rejected,391.70381749859433,0.006533762287209357
LN04938,Male,Yes,0,Graduate,Salaried,79653.66285539883,0.0,130614.15667542162,120.0,1,Urban,48.95452199890453,Approved,1088.4513056285134,0.013664799164408289
LN00696,Male,No,0,Not Graduate,Salaried,66522.66044484236,24970.59356453641,221163.24605328304,240.0,0,Semiurban,38.66135840469673,Rejected,921.5135252220127,0.010071928637793891
LN04748,Female,No,1,Graduate,Salaried,42634.78076803335,0.0,143499.30133724344,300.0,1,Urban,36.129150931988825,Approved,478.3310044574781,0.011219267364360895
LN03417,Female,No,2,Graduate,Salaried,64156.05014706627,18842.092216494624,133751.0277869337,300.0,1,Urban,21.0,Approved,445.836759289779,0.00537164744406999
LN02678,Male,Yes,1,Graduate,Salaried,61906.883988826165,19235.07874022037,208533.939435325,300.0,0,Semiurban,21.0,Rejected,695.1131314510834,0.008566629498133308
LN00031,Male,Yes,2,Not Graduate,Salaried,97045.56369017877,10751.686524743614,91292.88137594429,60.0,0,Semiurban,39.98882792803068,Rejected,1521.5480229324048,0.014114905713260734
LN03128,Male,Yes,0,Graduate,Salaried,61453.610486586826,20704.860860796907,137052.05826162433,240.0,1,Rural,33.393626043921465,Approved,571.0502427567681,0.006950594788238507
LN00207,Male,No,0,Graduate,Self-Employed,70275.71901824417,16291.874733317103,179384.7450933906,240.0,1,Urban,41.51002740004503,Approved,747.4364378891275,0.008634136695934757
LN01659,Male,No,0,Graduate,Self-Employed,82797.57122258091,6604.724419823428,160019.73924381757,240.0,0,Rural,21.0,Rejected,666.7489135159066,0.0074578500330998365
LN01208,Male,Yes,0,Not Graduate,Salaried,31947.89456400613,2296.3795367491384,157099.47252877965,120.0,0,Urban,56.587711241003376,Rejected,1309.1622710731638,0.038230107235483486
LN03371,Female,Yes,1,Graduate,Self-Employed,36094.12472801511,14500.89766958838,227365.54915438392,180.0,1,Semiurban,21.13026147902297,Rejected,1263.1419397465772,0.024965735360686546
LN01519,Female,Yes,0,Graduate,Salaried,97081.85132668375,21700.49671815524,121531.9403954566,60.0,1,Rural,34.32442328800599,Approved,2025.5323399242766,0.017052469270599543
LN00257,Female,Yes,0,Graduate,Salaried,45846.61068762439,1547.9032919139754,208817.20280857277,300.0,1,Urban,30.071222530182496,Approved,696.0573426952426,0.014686453858261983
LN03951,Male,Yes,1,Graduate,Unemployed,43314.36379930751,17274.050789916208,150939.8095992746,240.0,0,Semiurban,33.11120105870119,Rejected,628.9158733303108,0.01038013418232221
LN01040,Male,No,3,Not Graduate,Salaried,93678.55382915738,22663.884765723997,105183.33335140022,120.0,0,Urban,31.24961526830752,Rejected,876.5277779283351,0.007534033053755322
LN05308,Male,Yes,0,Graduate,Salaried,44820.58602193311,10091.935335035798,222464.6214201913,300.0,0,Semiurban,36.88983694468069,Rejected,741.5487380673044,0.0135041830122265
LN01078,Male,No,0,Not Graduate,Salaried,90015.19581268622,20587.23836944485,200996.4302713877,360.0,1,Urban,30.41004908597015,Approved,558.3234174205214,0.005048021063452545
LN04779,Female,Yes,1,Graduate,Self-Employed,15000.0,15748.875843715578,146260.9351674346,180.0,1,Urban,37.91904307080986,Approved,812.5607509301922,0.026425705936702154
LN00502,Male,Yes,0,Graduate,Salaried,32028.648523617176,19385.792909210053,112076.80385345676,240.0,1,Urban,32.344974882450146,Approved,466.9866827227365,0.009082792104876853
LN01559,Male,Yes,0,Graduate,Salaried,54577.52797914863,12864.067577949576,175269.66881102315,360.0,1,Urban,32.97576034914039,Approved,486.860191141731,0.007218989810665728
LN01341,Male,Yes,2,Graduate,Salaried,60060.92040306829,19119.52999061809,113754.03285541992,120.0,0,Urban,36.551871055106005,Rejected,947.950273795166,0.011972024269651703
LN02022,Female,Yes,3,Graduate,Salaried,87213.17191677302,0.0,105601.85316991892,180.0,1,Urban,50.59758485500936,Approved,586.6769620551052,0.006726930682156215
LN02208,Male,Yes,1,Graduate,Self-Employed,53738.83938953692,4222.792542083984,108401.44459607344,360.0,1,Semiurban,38.88291500652837,Approved,301.1151238779818,0.005195076705797663
LN01890,Male,No,0,Graduate,Salaried,70925.684960074,16666.378953118387,185303.3474927715,360.0,1,Urban,35.19806697140836,Approved,514.7315208132542,0.005876462978693777
LN01320,Male,No,0,Graduate,Salaried,61132.99849794214,21353.291952162064,112787.83165222144,360.0,1,Urban,43.09704199343807,Approved,313.2995323672818,0.0037982012605694286
LN05811,Female,No,3,Graduate,Salaried,88838.84803905201,2487.720846223243,206396.24927584137,180.0,0,Urban,45.00545150338683,Rejected,1146.6458293102298,0.01255544627709216
LN04887,Male,Yes,0,Graduate,Salaried,92190.41331551946,6552.970012970172,148259.38426210237,360.0,0,Rural,32.99975291859115,Rejected,411.8316229502843,0.004170726271149167
LN05908,Male,No,2,Not Graduate,Salaried,93426.95150874952,8103.444950990561,185216.93005737977,360.0,0,Urban,34.257742903176016,Rejected,514.4914723816105,0.0050673639650921885
LN04005,Male,No,1,Graduate,Salaried,71851.34547694662,7289.578428587954,240923.21891907963,360.0,1,Urban,37.5503512541685,Approved,669.2311636641101,0.008456195993654665
LN02144,Male,Yes,0,Graduate,Salaried,55535.95490730389,25845.005302909256,84040.24736161003,240.0,0,Rural,41.44239831291941,Rejected,350.1676973400418,0.004302820910880534
LN01047,Male,Yes,2,Not Graduate,Salaried,28472.15686031501,14071.254986069473,171606.01219918847,360.0,1,Urban,31.105017694242058,Approved,476.683367219968,0.011204634196739406
LN05555,Male,Yes,3,Not Graduate,Salaried,30981.44217777552,20085.353176271303,179352.1212033917,240.0,0,Urban,30.584677214327392,Rejected,747.3005050141321,0.014633785022793912
LN00959,Male,No,0,Graduate,Salaried,68954.1712003463,15971.557870862478,86435.7875442949,60.0,0,Semiurban,29.73042701565024,Rejected,1440.5964590715816,0.016963015505744625
LN00168,Male,Yes,0,Graduate,Salaried,55092.23767994259,13380.451830586726,146205.06074601697,240.0,1,Urban,23.377840873293536,Approved,609.1877531084041,0.008896798964129001
LN03100,Female,Yes,0,Not Graduate,Self-Employed,45862.14864025302,11589.070678583916,223649.17888149148,180.0,1,Semiurban,42.01510460622928,Rejected,1242.4954382305082,0.02162696376094358
LN01451,Female,No,0,Graduate,Salaried,94044.29889270476,19753.34925427491,157023.34878674283,180.0,1,Urban,27.31931403924819,Approved,872.3519377041268,0.007665816929515165
LN01115,Male,No,1,Graduate,Salaried,67299.2200493245,10666.104333138468,119774.30697201024,240.0,1,Urban,40.41526453179369,Approved,499.05961238337596,0.00640104580255721
LN04170,Male,No,3,Graduate,Salaried,29143.935635142007,32699.13067655593,95117.83182106946,300.0,1,Urban,35.56791504721684,Approved,317.05943940356485,0.005126838921691555
LN00817,Male,Yes,1,Graduate,Salaried,77792.61591246874,188.54275378284365,177376.99100845266,300.0,0,Rural,29.90960071381068,Rejected,591.2566366948422,0.007582044776037988
LN00124,Male,No,2,Graduate,Salaried,71737.14187600541,30303.34564354411,194936.33870068224,120.0,0,Semiurban,25.99338168070731,Rejected,1624.469489172352,0.015919852292563052
LN02371,Female,Yes,3,Graduate,Salaried,49034.25407018798,5842.4495886643945,111561.65857196537,180.0,1,Semiurban,36.95278776541328,Approved,619.7869920664742,0.011294173132545545
LN00370,Female,Yes,1,Graduate,Salaried,60490.203485178856,12410.612034216094,164741.53446048472,240.0,0,Rural,23.61508943063834,Rejected,686.4230602520197,0.009415848853836208
LN03457,Female,Yes,2,Not Graduate,Self-Employed,52473.98550150008,15523.727687275685,141721.05137162027,60.0,0,Urban,37.45902768997611,Rejected,2362.017522860338,0.03473671998796323
LN04275,Male,Yes,2,Graduate,Salaried,57974.38562596934,20709.40993942198,129682.15743147882,300.0,0,Rural,21.38635214340229,Rejected,432.2738581049294,0.005493810447230928
LN00079,Male,Yes,3,Not Graduate,Salaried,20248.621707982144,28366.57357758983,186301.7999614667,120.0,1,Urban,48.64650081195023,Approved,1552.5149996788891,0.031934768348850895
LN01662,Male,No,3,Graduate,Self-Employed,17562.902019828107,8270.946679905985,227931.4008535043,360.0,0,Urban,36.600473028742925,Rejected,633.142780148623,0.024508263848241087
LN02217,Male,No,3,Graduate,Salaried,58677.347707483554,0.0,131928.29018248437,120.0,1,Urban,31.841469283422903,Approved,1099.4024181873697,0.018736402737016603
LN00133,Female,No,1,Not Graduate,Salaried,69471.84861270363,15348.075404998322,168452.6024294984,120.0,1,Urban,22.100634676450248,Approved,1403.7716869124865,0.01655002292408938
LN04623,Female,Yes,1,Graduate,Self-Employed,75435.92354471322,28527.590306147627,133033.20777919696,60.0,0,Urban,27.750395247681,Rejected,2217.2201296532826,0.021326906407126246
LN00879,Female,Yes,0,Not Graduate,Salaried,83767.86546896168,0.0,192177.514561106,240.0,0,Urban,34.52125670585473,Rejected,800.7396440046084,0.009559031252877092
LN00954,Male,Yes,2,Graduate,Salaried,58356.97643214862,5019.053722309647,201244.32163829653,300.0,1,Rural,42.94294041136944,Approved,670.8144054609885,0.010584670636928481
LN01683,Female,Yes,0,Graduate,Self-Employed,66487.18563443205,30422.76627661302,193263.5578647273,240.0,1,Rural,39.37402462592185,Approved,805.2648244363638,0.008309413105225014
LN00000,Male,Yes,2,Graduate,Salaried,69934.28306022465,3859.186417669125,208740.7028792846,360.0,1,Urban,35.56680135307603,Approved,579.8352857757906,0.00785754200037296
LN04810,Male,No,1,Graduate,Self-Employed,75129.76708632197,7868.076956338672,160270.66352288754,180.0,1,Urban,39.91880327192179,Approved,890.392575127153,0.010727900048457813
LN05283,Female,Yes,0,Graduate,Salaried,71991.55082490711,11532.501089917572,79550.78500241326,180.0,0,Urban,32.681691004704376,Rejected,441.9488055689626,0.005291275931149134
LN00002,Male,No,2,Graduate,Salaried,72953.77076201385,5579.398164257551,133610.24720612683,360.0,0,Urban,30.53425594889344,Rejected,371.13957557257453,0.004725895830346642
LN03161,Male,Yes,0,Graduate,Salaried,69118.08390341405,13979.937198727384,124444.73938356077,240.0,0,Urban,41.210327375879096,Rejected,518.5197474315032,0.0062398567445325235
LN03590,Female,Yes,2,Graduate,Salaried,81367.58667388033,23766.058798421796,107820.16937341436,240.0,0,Urban,42.82496850716054,Rejected,449.25070572255987,0.004273139238198648
LN00428,Male,No,2,Not Graduate,Salaried,81168.48973699176,28528.00534896725,138027.24531172082,240.0,0,Urban,44.75823092389021,Rejected,575.11352213217,0.005242770260631451
LN01861,Female,No,2,Not Graduate,Salaried,76216.16546319565,16478.20739036527,227072.8597416127,360.0,0,Urban,21.487297087235795,Rejected,630.7579437267019,0.006804705877056601
LN05374,Female,No,2,Graduate,Salaried,68632.63259275195,3903.906320969693,49185.28447884174,60.0,0,Rural,28.71013388742701,Rejected,819.754741314029,0.011301266280282324
LN02661,Male,Yes,0,Not Graduate,Salaried,42098.60315446791,1006.5783415122914,210476.57005681345,120.0,1,Semiurban,42.39468895781597,Approved,1753.9714171401122,0.040690500683860466
LN01885,Male,No,2,Graduate,Salaried,65603.22317639213,19752.586047173118,82782.69975847242,300.0,0,Urban,50.02659290645541,Rejected,275.94233252824137,0.0032328477116945723
LN02494,Male,No,0,Graduate,Self-Employed,34869.86211441488,5124.770375730053,191961.2572334395,360.0,0,Urban,40.40220160133128,Rejected,533.225714537332,0.01333243191242535
LN00038,Male,No,1,Graduate,Unemployed,33436.27902203139,23202.32398305984,236738.1396561789,360.0,1,Semiurban,41.914068035561165,Rejected,657.6059434893858,0.0116105607942038
LN00892,Female,Yes,1,Graduate,Salaried,81333.49379178308,2555.135501111343,83467.54584896869,300.0,0,Urban,30.540137197830987,Rejected,278.22515282989565,0.0033166014890824063
LN00478,Female,Yes,0,Graduate,Self-Employed,121577.61616910476,12559.716478288658,176699.0398709332,180.0,1,Semiurban,32.868529837482164,Approved,981.6613326162956,0.007318330499360585
LN02671,Female,Yes,0,Graduate,Salaried,71640.53134169454,30696.28586939493,116253.10715432507,360.0,1,Urban,29.152579709568784,Approved,322.92529765090296,0.0031555143735299785
LN04641,Male,Yes,1,Graduate,Salaried,62572.34900809933,8994.933645860367,166342.6203130467,300.0,0,Semiurban,23.044435199368685,Rejected,554.475401043489,0.007747610087761391
LN03080,Female,Yes,3,Graduate,Salaried,84010.63316947746,13926.213815899546,138784.6586028177,240.0,0,Urban,46.13044864981767,Rejected,578.2694108450738,0.005904513251599936
LN03701,Female,Yes,1,Graduate,Salaried,89052.33490972359,19467.03610809144,170682.3949141187,360.0,1,Urban,47.64462450663009,Approved,474.1177636503297,0.00436896896105762
LN04679,Female,Yes,3,Graduate,Salaried,65026.33296476205,23048.5593818008,150257.15702709247,360.0,1,Urban,33.12417621671282,Approved,417.38099174192354,0.004738932749410417
LN03575,Female,Yes,0,Graduate,Self-Employed,65739.11708603418,6544.478236453862,178688.38805722923,300.0,1,Semiurban,27.459921466831965,Approved,595.627960190764,0.008240154042330252
LN04867,Female,Yes,0,Graduate,Salaried,59273.38783915316,7053.408158541961,132963.9614233959,60.0,0,Semiurban,34.501400199638184,Rejected,2216.066023723265,0.03341132328780474
LN03468,Male,Yes,2,Not Graduate,Salaried,50909.04562513112,8151.878902611041,120541.04751511768,240.0,1,Urban,31.02688415444501,Approved,502.25436464632367,0.008504004443926445
LN02836,Female,Yes,0,Graduate,Self-Employed,98082.73179146012,9540.38072885072,163262.8511790201,120.0,0,Rural,34.90552344777896,Rejected,1360.5237598251674,0.012641557449552546
LN05047,Female,Yes,1,Graduate,Self-Employed,59559.302719914594,9119.81480963033,119843.995588694,60.0,1,Urban,33.85142920462242,Approved,1997.3999264782333,0.029083075006299784
LN01058,Female,Yes,1,Graduate,Self-Employed,70872.00309188865,34531.07198272574,142345.81334951724,300.0,1,Urban,32.62047733637313,Approved,474.4860444983908,0.004501633791637523
LN01026,Male,Yes,1,Graduate,Self-Employed,60760.069563364006,18104.727541807515,190261.99289522035,180.0,1,Urban,24.382159570609204,Approved,1057.011071640113,0.013402824966765812
LN01574,Female,Yes,0,Graduate,Salaried,69328.59964867053,7651.891024658092,155227.1122774608,180.0,1,Semiurban,39.31297027578317,Approved,862.3728459858934,0.011202485700505922
LN03557,Female,No,2,Graduate,Salaried,62461.56403312362,22339.504783642384,207786.6356060446,300.0,1,Rural,41.405370749259205,Approved,692.6221186868154,0.008167610719428542
LN02139,Female,Yes,3,Graduate,Salaried,30649.4946849512,18463.127102248865,167348.01484422406,60.0,1,Urban,40.61616537604472,Approved,2789.133580737068,0.05679056583096085
LN01972,Female,Yes,0,Not Graduate,Self-Employed,73118.01553059522,8452.302243760507,157402.87069454073,240.0,1,Rural,50.93397241945482,Approved,655.8452945605864,0.008040244447432721
LN00820,Male,Yes,0,Graduate,Salaried,49654.23099799256,34920.366359593085,221579.44526070557,60.0,1,Urban,25.31925353075347,Approved,3692.9907543450927,0.04366548431476348
LN04196,Female,Yes,1,Graduate,Salaried,81946.00375087417,17725.17990229593,139588.86451936237,180.0,1,Urban,40.79389710986181,Approved,775.4936917742353,0.007780520541150113
LN04111,Female,No,1,Graduate,Salaried,44452.57030308187,33641.995258873496,189846.79628292975,240.0,0,Semiurban,27.126031222248173,Rejected,791.0283178455406,0.01012910837205424
LN01307,Female,Yes,0,Not Graduate,Self-Employed,59817.62006711593,29363.68034243754,68184.91074502702,240.0,0,Semiurban,40.28353966765423,Rejected,284.1037947709459,0.003185687957747155
LN05973,Female,No,1,Graduate,Salaried,16925.388524170776,6878.305282736701,224507.17979417383,300.0,1,Urban,36.22814978900581,Approved,748.3572659805794,0.03143870325551816
LN00780,Male,No,1,Graduate,Salaried,63554.02001866508,27019.31669539543,207044.7988575137,360.0,0,Urban,36.13376346659621,Rejected,575.1244412708713,0.0063498206220064055
LN02569,Male,Yes,0,Graduate,Salaried,55307.58860085173,0.0,54417.88945404785,300.0,0,Urban,35.06027237204296,Rejected,181.39296484682617,0.003279712051015595
LN03048,Male,Yes,1,Graduate,Salaried,68509.7986648046,13066.590503203772,202001.3359931344,360.0,1,Urban,39.44917637655253,Approved,561.1148222031511,0.006878397388336504
LN01751,Female,No,1,Graduate,Self-Employed,73557.50639061816,18169.520069841157,147262.6802161892,60.0,1,Urban,45.888494965584805,Approved,2454.3780036031535,0.026757413799532247
LN00561,Male,No,1,Graduate,Salaried,101508.01597290878,28460.99794514257,138346.14039745892,240.0,0,Urban,44.80536075825192,Rejected,576.4422516560788,0.00443522832311046
LN04013,Male,Yes,0,Graduate,Salaried,63973.600190948135,10340.490219279493,121376.24880942046,300.0,1,Semiurban,34.66922808083113,Approved,404.58749603140154,0.0054442904945482505
LN02161,Male,Yes,3,Not Graduate,Self-Employed,64930.0955686401,23778.260312391256,134371.12873026545,300.0,0,Urban,39.43431012005299,Rejected,447.90376243421815,0.005049172177589576
LN01600,Male,No,1,Not Graduate,Salaried,56342.0711779032,13711.226213112464,105465.19573688612,300.0,1,Urban,44.49495950054482,Approved,351.5506524562871,0.00501833126418077
LN00862,Male,Yes,2,Graduate,Salaried,90950.10402660124,34333.59747714357,176681.3212408238,120.0,1,Urban,33.818067854769104,Approved,1472.3443436735317,0.011752082082516714
LN02433,Female,Yes,3,Not Graduate,Self-Employed,56512.91484194328,22410.16951336449,162199.30939988233,300.0,1,Semiurban,35.97492136812705,Approved,540.6643646662744,0.006850522493928779
LN05498,Male,Yes,0,Graduate,Salaried,16112.350603599516,12589.36777534219,160783.13937430322,300.0,0,Semiurban,53.735373986245456,Rejected,535.943797914344,0.01867288191035848
LN00566,Female,Yes,1,Not Graduate,Salaried,19237.50929644292,29751.123643098555,176666.2515307174,180.0,0,Urban,40.68983893408907,Rejected,981.4791751706522,0.02003483494593386
LN05327,Female,No,1,Not Graduate,Salaried,64356.04679497452,21756.644532569764,135632.05629251827,300.0,0,Semiurban,31.652976519176644,Rejected,452.10685430839425,0.005250176801334995
LN02615,Female,Yes,3,Graduate,Self-Employed,73366.80977436161,5219.769764774317,223837.18353941452,120.0,1,Rural,44.04712108861882,Approved,1865.3098628284542,0.023735730372379096
LN00590,Male,No,2,Not Graduate,Salaried,61431.32474438785,12842.128736717805,91849.85711082778,60.0,1,Rural,40.654366737526566,Approved,1530.8309518471297,0.02061074152471658
LN05725,Male,No,1,Graduate,Self-Employed,35703.877282227135,8043.192558334849,234922.93511877823,360.0,0,Urban,37.3267659410344,Rejected,652.5637086632729,0.014916740962116285
LN01129,Male,Yes,3,Graduate,Self-Employed,66575.2482060696,28098.65169433534,197053.32757259652,300.0,1,Semiurban,37.081938257519546,Approved,656.8444252419885,0.0069379673377031655
LN03609,Male,Yes,2,Graduate,Self-Employed,51695.72464189457,19991.10506798941,98755.25503095666,240.0,1,Rural,32.144001019446804,Approved,411.48022929565275,0.005739969684262923
LN05721,Male,Yes,1,Graduate,Salaried,94443.1019561639,4966.981690245033,230370.22749117145,180.0,1,Semiurban,33.93197348064545,Approved,1279.8345971731746,0.012874293534702274
LN02347,Male,Yes,1,Graduate,Self-Employed,42744.48471913759,18160.67869729951,58724.39455076451,300.0,1,Rural,27.72245015082995,Approved,195.74798183588172,0.003213980077476538
LN03641,Male,No,3,Graduate,Self-Employed,56348.62051240918,18740.620881310435,173967.7129409251,180.0,1,Semiurban,26.405939858616875,Approved,966.4872941162505,0.012871182025246649
LN03570,Male,No,0,Graduate,Salaried,54050.355982523,11240.16420648134,35027.223816505066,120.0,1,Rural,34.188558516545385,Approved,291.89353180420886,0.004470687796011266
LN00719,Female,Yes,1,Graduate,Salaried,58861.08752557865,23598.33561467458,102923.30398661282,300.0,1,Urban,55.80538991376653,Approved,343.0776799553761,0.004160563667439725
LN01266,Female,Yes,0,Graduate,Salaried,57775.47877302599,23739.897510068826,137980.07621557944,300.0,1,Urban,32.586407502933646,Approved,459.9335873852648,0.005642292391412893
LN05388,Female,No,1,Not Graduate,Self-Employed,33385.89737338148,21051.33015758949,236098.2144066088,60.0,1,Semiurban,27.844018226100488,Rejected,3934.9702401101467,0.07228454531177997
LN03620,Male,Yes,0,Not Graduate,Self-Employed,32542.810970378723,18624.498815945262,190080.25798631852,120.0,0,Rural,47.23758463951708,Rejected,1584.0021498859876,0.03095730763451942
LN01485,Male,Yes,2,Not Graduate,Salaried,78651.8166374618,8725.792655736266,189962.32287586224,240.0,0,Semiurban,40.19465843258743,Rejected,791.5096786494261,0.009058495477868852
LN01076,Female,Yes,1,Graduate,Salaried,28868.362026804974,23007.019475455767,170056.91306321148,60.0,1,Urban,47.55568543819335,Approved,2834.281884386858,0.05463635740709375
LN01632,Female,Yes,0,Graduate,Salaried,47129.00335365076,24653.266671611265,208164.10663971043,240.0,1,Urban,56.21583767919078,Approved,867.3504443321268,0.012083073494706756
LN04885,Male,Yes,0,Not Graduate,Salaried,50516.4364979207,25813.169577685367,244778.738661428,240.0,1,Rural,40.21094165455529,Approved,1019.9114110892834,0.01336193730751132
LN04841,Male,Yes,2,Graduate,Self-Employed,61513.898800101866,3757.99903053022,199915.2284289192,240.0,0,Urban,43.79142951610328,Rejected,832.98011845383,0.012761696015262981
LN00392,Female,Yes,2,Graduate,Self-Employed,33595.335859587154,0.0,216773.69489253272,240.0,1,Urban,31.501625302850808,Rejected,903.2237287188863,0.026885390653450837
LN00001,Male,Yes,0,Graduate,Salaried,57234.71397657631,8690.6916626221,56050.95276230863,120.0,0,Urban,41.59248351944086,Rejected,467.0912730192386,0.007085148259467244
LN05210,Female,Yes,2,Not Graduate,Salaried,62143.39830519192,24955.26691674114,108281.1844122631,360.0,0,Urban,36.63868993026748,Rejected,300.7810678118419,0.003453337281868008
LN05668,Male,Yes,1,Not Graduate,Salaried,25394.745390313103,14024.061098455855,156238.9289838706,120.0,0,Semiurban,34.0200037518163,Rejected,1301.9910748655884,0.03302969295218378
LN02509,Male,No,3,Not Graduate,Salaried,33550.8408651286,20935.39432293191,91575.45539503664,240.0,1,Urban,42.15157758667607,Approved,381.5643974793193,0.007002950307767474
LN01420,Male,No,2,Graduate,Salaried,70765.92158099265,10716.817422022445,104410.88561656792,300.0,1,Urban,27.116485551928715,Approved,348.03628538855975,0.004271288491856924
LN03226,Male,No,1,Graduate,Salaried,43062.98067749271,10084.555861930954,177143.186017911,360.0,1,Urban,45.25187301502846,Approved,492.06440560530837,0.00925846121278464
LN03131,Male,Yes,1,Graduate,Salaried,59248.587100410376,35135.542946487,92672.49181462712,60.0,0,Urban,29.894809559628865,Rejected,1544.5415302437855,0.01636441983918628
LN01838,Female,Yes,0,Graduate,Salaried,59335.40018711078,12240.485483038618,142563.52060913033,360.0,0,Urban,34.29061146624559,Rejected,396.00977946980646,0.0055327262214369165
LN02141,Male,No,3,Not Graduate,Self-Employed,61017.75403712036,7658.381338789859,121666.470351928,240.0,1,Semiurban,36.29102150263113,Approved,506.94362646636665,0.0073816562870278974
LN02513,Male,Yes,1,Not Graduate,Salaried,54900.884128926045,19796.25319551573,124749.13646274118,360.0,1,Urban,35.40005820557738,Approved,346.52537906316996,0.004639071743245813
LN05768,Male,Yes,2,Not Graduate,Self-Employed,64101.5067846926,15073.506749196991,83393.55226845495,60.0,0,Urban,38.34432257950344,Rejected,1389.8925378075826,0.01755468645689162
LN01761,Female,Yes,1,Graduate,Salaried,74842.54982143785,22132.662507965422,167043.22996241107,180.0,0,Urban,41.93254342393464,Rejected,928.017944235617,0.009569640756066056
LN01101,Female,Yes,3,Graduate,Salaried,15000.0,13725.931276100402,77269.26257114195,360.0,1,Urban,21.0,Approved,214.6368404753943,0.007471884493923068
LN03667,Male,Yes,0,Not Graduate,Self-Employed,71808.44122502927,11174.161572775663,44699.68993084332,360.0,0,Semiurban,30.129773413533258,Rejected,124.16580536345367,0.0014962871876409514
LN04837,Female,Yes,0,Graduate,Salaried,44824.6948412925,8150.038498736073,115770.71904293346,300.0,1,Urban,33.60174020766972,Approved,385.90239680977817,0.007284650105415142
LN03348,Female,Yes,3,Graduate,Salaried,73578.62580118557,21092.38830889753,71425.54062118634,120.0,0,Rural,46.149174546208485,Rejected,595.2128385098862,0.006287170831589223
LN02845,Male,Yes,0,Graduate,Self-Employed,38053.94944734312,7585.01750087275,102096.03101793196,60.0,1,Urban,24.41807181491589,Approved,1701.6005169655327,0.03728394025430613
LN05906,Female,No,1,Graduate,Salaried,56477.329928980434,20432.56964974273,174579.32537952368,360.0,1,Semiurban,21.39720142916591,Approved,484.9425704986769,0.006305333554652494
LN00438,Male,Yes,0,Graduate,Salaried,25932.35121289691,20053.371476473483,161522.99403138165,60.0,1,Urban,32.67660509263096,Approved,2692.0499005230276,0.058540993662480716
LN05319,Male,Yes,2,Graduate,Salaried,70805.75888071391,7025.145026562114,50390.721682539326,180.0,0,Rural,29.522477512949635,Rejected,279.94845379188513,0.003596880413022084
LN04832,Male,Yes,0,Graduate,Salaried,71757.1177627547,9389.49147977732,184132.6253646294,300.0,1,Rural,40.61764879276591,Approved,613.775417882098,0.007563783916683915
LN02476,Female,Yes,2,Graduate,Salaried,55382.67252310462,16525.258828976166,188669.99080338056,240.0,0,Semiurban,38.36295902156834,Rejected,786.1249616807523,0.010932381823524732
LN03088,Male,No,3,Graduate,Salaried,20977.9627192275,13688.886613195173,122243.7422098194,60.0,1,Urban,49.39503447566804,Approved,2037.3957034969899,0.05877072023362348
LN04083,Female,Yes,0,Graduate,Salaried,21767.18898696486,30668.547072137862,203756.03744908783,120.0,0,Semiurban,34.26052773414083,Rejected,1697.9669787423986,0.03238186600124278
LN05468,Male,Yes,0,Not Graduate,Self-Employed,53466.53504981912,12572.714106889714,77235.55120493923,120.0,0,Urban,42.22675407267796,Rejected,643.6295933744935,0.009746167644141183
LN03324,Male,No,0,Graduate,Salaried,82077.54686632515,544.818522546766,126737.72854154596,300.0,1,Urban,40.17786689527536,Approved,422.45909513848653,0.00511313242062404
LN02859,Female,Yes,1,Graduate,Salaried,63882.15261906716,0.0,149211.11555501647,240.0,0,Urban,35.90312340377378,Rejected,621.7129814792353,0.009732185845185032
LN03859,Male,Yes,0,Graduate,Salaried,56092.19297645952,35540.924414359746,149676.92029604802,300.0,0,Urban,21.0,Rejected,498.9230676534934,0.005444789851747208
LN04702,Male,No,2,Graduate,Salaried,73325.39344087047,10785.170028336372,195255.95915846943,120.0,1,Urban,47.06480939575343,Approved,1627.1329929872452,0.019345168143867494
LN01637,Male,Yes,0,Graduate,Salaried,68471.98131186923,11383.718906274544,75809.70724833384,60.0,1,Urban,39.2662526856559,Approved,1263.495120805564,0.015822228311241946
LN01674,Female,No,0,Not Graduate,Salaried,92307.51378938885,6614.993836160478,139273.95248320454,120.0,0,Semiurban,33.91520104825301,Rejected,1160.6162706933712,0.011732580365700433
LN00883,Female,No,2,Graduate,Self-Employed,80883.21754138144,13109.857023175258,158520.7708796556,240.0,1,Semiurban,29.951986156486942,Approved,660.503211998565,0.007027147638892434
LN00607,Female,Yes,2,Not Graduate,Salaried,35106.90593377166,16878.00338042522,189761.7124628591,180.0,0,Urban,25.79640895929711,Rejected,1054.231735904773,0.020279572472330278
LN00989,Male,Yes,2,Graduate,Self-Employed,60537.716779890616,14420.494582372825,172758.7834934412,120.0,1,Semiurban,33.35979655985884,Approved,1439.65652911201,0.019206121690315346
LN01896,Female,Yes,0,Graduate,Salaried,54824.07874665795,28304.32344378816,208811.28533792647,240.0,0,Rural,32.69176491910989,Rejected,870.0470222413603,0.01046630272344335
LN03046,Male,Yes,0,Graduate,Self-Employed,83181.48129911795,27782.809474594866,124938.10212499608,120.0,0,Rural,37.0822163803736,Rejected,1041.150851041634,0.009382755873822791
LN05801,Male,Yes,0,Not Graduate,Self-Employed,55235.32649888765,15341.438933402122,152761.52182405556,180.0,1,Semiurban,25.201459358166687,Approved,848.6751212447531,0.012024851465585492
LN03147,Male,Yes,1,Not Graduate,Salaried,45756.52271647913,10200.318538512734,158048.77487935778,360.0,1,Semiurban,39.925954866873056,Approved,439.0243746648827,0.007845767645537313
LN04154,Male,Yes,1,Graduate,Self-Employed,79803.32477918579,15770.786113814936,210421.9994568044,240.0,0,Semiurban,37.268160159080445,Rejected,876.7583310700182,0.009173596519789617
LN02648,Female,Yes,0,Not Graduate,Self-Employed,60312.36667899206,17469.06063416612,270917.7876786225,60.0,0,Urban,37.51519469866364,Rejected,4515.296461310375,0.058051087737580366
LN04397,Female,Yes,3,Graduate,Salaried,40715.99857153511,29985.463606698537,198371.4709577029,120.0,0,Urban,36.29603416250472,Rejected,1653.0955913141909,0.023381349414625226
LN03166,Male,No,3,Not Graduate,Salaried,52201.52586881109,2459.7734757148355,93767.2155833503,240.0,0,Rural,38.8607776254437,Rejected,390.69673159729297,0.007147593201814721
LN04859,Male,Yes,0,Not Graduate,Salaried,57169.48493266104,9661.553561850817,183549.6326044462,240.0,1,Urban,37.50326435519208,Approved,764.7901358518592,0.011443636865147076
LN03606,Female,Yes,0,Graduate,Salaried,44402.94107556722,0.0,162229.90348246088,180.0,0,Urban,25.074653948747702,Rejected,901.2772415692272,0.02029769244418713
LN05940,Female,No,3,Graduate,Salaried,33582.43289245365,24845.928948957968,191244.20188643923,360.0,0,Semiurban,30.51397285602998,Rejected,531.2338941289979,0.009092055251709644
LN02453,Male,Yes,1,Not Graduate,Self-Employed,45684.80021778496,8751.653815655176,190136.37862188488,300.0,1,Urban,40.73164871035509,Approved,633.7879287396163,0.011642711487972423
LN01669,Male,Yes,0,Graduate,Salaried,70934.67136402758,14587.403473499397,226781.5489405516,360.0,0,Urban,29.860117841904604,Rejected,629.9487470570878,0.007365919831269892
LN04148,Male,Yes,0,Graduate,Self-Employed,49704.34650170517,0.0,121034.73457104784,300.0,1,Urban,57.52054524542128,Approved,403.4491152368261,0.00811697856691437
LN00343,Male,Yes,0,Not Graduate,Salaried,49861.1364925774,13349.19434996954,188409.7064052924,180.0,1,Rural,31.95972428486124,Approved,1046.7205911405133,0.016559327837530703
LN01461,Male,Yes,1,Graduate,Salaried,35514.035274212685,14679.576293195132,160163.81105287312,120.0,1,Semiurban,31.42579678538012,Approved,1334.6984254406093,0.026591001997299354
LN00932,Female,No,1,Graduate,Salaried,31039.72199167512,17474.805476401045,197157.96005000832,240.0,1,Semiurban,34.011987045706455,Approved,821.4915002083679,0.016932897073952353
LN04558,Male,No,1,Not Graduate,Self-Employed,49247.08484440367,13973.514265493684,192984.75256488827,300.0,1,Urban,31.12779104885275,Approved,643.2825085496276,0.010175204246821508
LN03930,Female,Yes,1,Graduate,Salaried,73430.62343458107,7944.62052721539,91213.27766665192,360.0,1,Semiurban,31.76776077775632,Approved,253.3702157406998,0.0031136031476556984
LN02731,Male,Yes,2,Graduate,Salaried,93700.28557417018,13691.994062730442,138023.78415444656,60.0,1,Rural,28.11986778414114,Approved,2300.3964025741093,0.021420500713383493
LN05580,Female,Yes,3,Graduate,Salaried,98005.36848621927,13694.245427048289,220110.4794751635,300.0,0,Urban,35.80363661049705,Rejected,733.701598250545,0.006568524031070055
LN01695,Male,No,0,Graduate,Unemployed,98778.5799811657,29556.00479257298,164810.0221677419,360.0,0,Urban,34.240936159878224,Rejected,457.8056171326164,0.003567281710847892
LN05671,Male,Yes,0,Graduate,Salaried,60920.12773472682,15076.731933215064,199789.1755078745,60.0,1,Urban,31.67690089848874,Approved,3329.8195917979083,0.04381522613364697
LN01191,Female,Yes,0,Graduate,Salaried,33319.49010163591,15334.43467973151,111587.23398041147,120.0,0,Urban,41.65127346071343,Rejected,929.8936165034289,0.019112407080868067
LN01820,Male,Yes,1,Graduate,Salaried,57374.86065815391,20989.96341684264,164384.1021837861,360.0,0,Urban,41.35637472492111,Rejected,456.6225060660725,0.005826881020355211
LN02755,Male,Yes,1,Graduate,Self-Employed,50966.81047680754,27692.556718986205,181366.4060136905,360.0,0,Semiurban,21.0,Rejected,503.79557226025133,0.006404775301665425
LN00154,Female,No,2,Graduate,Self-Employed,65861.44946597362,22245.917787231225,185010.49237593828,120.0,1,Urban,41.47708874701526,Approved,1541.754103132819,0.017498583276266702
LN03769,Male,Yes,1,Graduate,Salaried,48941.58325265396,0.0,139812.024325279,240.0,0,Semiurban,37.77068761180262,Rejected,582.5501013553292,0.011902968041470934
LN03943,Male,Yes,1,Graduate,Salaried,15000.0,33311.77135565887,228272.7329979556,180.0,0,Urban,37.754123180619565,Rejected,1268.1818499886422,0.026249955536769964
LN05787,Male,Yes,0,Graduate,Salaried,98844.911895126,26116.314741410515,166101.0239827607,240.0,1,Urban,31.25459916942604,Approved,692.0875999281695,0.005538418744409275
LN01970,Female,Yes,1,Not Graduate,Salaried,71871.13444561724,30973.97293221623,137281.2791486719,60.0,1,Urban,21.7089916053817,Approved,2288.0213191445314,0.022247254900894544
LN03047,Female,Yes,0,Graduate,Salaried,53274.90522637856,14391.504799970722,160094.35971457415,300.0,0,Urban,44.73115520266977,Rejected,533.6478657152471,0.00788645157187214
LN04391,Male,No,3,Graduate,Salaried,76398.50505270468,27167.234924979468,170073.3429240773,180.0,1,Semiurban,41.42372034716102,Approved,944.8519051337628,0.009123209135930038
LN01049,Male,Yes,1,Graduate,Salaried,87601.82708294904,3469.156682602177,128073.7747197509,60.0,0,Urban,40.40681320000981,Rejected,2134.5629119958485,0.023438452333961444
LN01278,Male,No,1,Graduate,Salaried,63840.98232980063,14174.074246487096,108542.82572782974,300.0,0,Urban,38.35085404615392,Rejected,361.8094190927658,0.0046376870692770335
LN00778,Female,Yes,0,Graduate,Salaried,58511.33141799908,23241.02896855706,20000.0,120.0,1,Semiurban,22.30668574858736,Approved,166.66666666666666,0.0020386771204966257
LN02078,Male,Yes,2,Graduate,Salaried,57211.07448638001,18590.550934803665,122059.18541316024,240.0,1,Semiurban,49.73652267079211,Approved,508.57993922150104,0.0067093540065352245
LN01335,Male,Yes,0,Graduate,Salaried,53258.28057763921,18014.070697811174,213276.14607092703,120.0,0,Rural,33.03935104729277,Rejected,1777.3012172577253,0.024936755774885078
LN04089,Male,Yes,0,Graduate,Salaried,52252.76070894377,30061.472407749465,59636.88452171329,300.0,1,Urban,26.80722775915395,Approved,198.78961507237764,0.0024150090153978888
LN02273,Female,Yes,2,Graduate,Salaried,60683.048349760495,11114.31779508797,45341.09888044205,360.0,1,Semiurban,27.998549183116385,Approved,125.9474968901168,0.0017542077607139864
LN05839,Female,No,0,Not Graduate,Salaried,48174.43981260589,16045.14036075821,141033.59860634842,360.0,0,Semiurban,38.340225138900806,Rejected,391.7599961287456,0.00610032010597343
LN02374,Male,Yes,1,Not Graduate,Salaried,82347.97631804922,13157.10998167288,187578.1612701085,360.0,0,Semiurban,32.670631776843734,Rejected,521.0504479725237,0.005455735062500434
LN02530,Male,No,0,Graduate,Unemployed,69472.64153622909,6180.392357328259,134079.15731408482,300.0,0,Semiurban,35.85242205836498,Rejected,446.93052438028275,0.005907635178373773
LN02443,Male,Yes,1,Graduate,Salaried,73794.15610490389,1884.508621013183,210649.19642746853,300.0,0,Urban,37.94820766980435,Rejected,702.1639880915618,0.009278229083911113
LN04395,Female,Yes,2,Graduate,Salaried,32849.6492031613,6406.007891827992,133920.61577871465,360.0,0,Semiurban,41.63554812788649,Rejected,372.0017104964296,0.009476384756374719
LN01608,Female,No,0,Not Graduate,Self-Employed,66461.58546232058,11245.92553516038,127168.56071390474,60.0,0,Rural,28.506971264368158,Rejected,2119.4760118984123,0.027275046963827206
LN02062,Female,Yes,2,Not Graduate,Salaried,67809.29699857779,0.0,106453.83650649949,240.0,1,Urban,41.37412286966104,Approved,443.55765211041455,0.00654125129950422
LN05149,Female,No,0,Graduate,Salaried,66511.5563357414,24109.070350337493,195523.05512259205,60.0,1,Semiurban,28.569409392721656,Approved,3258.7175853765343,0.03595999834193529
LN02387,Male,Yes,2,Graduate,Salaried,41515.33711463391,18703.402673288456,120832.8533560756,300.0,1,Urban,31.285757917285206,Approved,402.77617785358535,0.006688552089799249
LN01312,Male,Yes,1,Not Graduate,Self-Employed,87804.15098034627,17239.268739466064,182302.26717143657,120.0,0,Urban,33.39335016559395,Rejected,1519.1855597619715,0.014462453372273795
LN05154,Female,Yes,1,Not Graduate,Self-Employed,42614.26026022712,4614.59142964244,200066.3067399796,300.0,1,Semiurban,39.90678212937519,Approved,666.8876891332653,0.014120345197304695
LN04344,Male,Yes,1,Graduate,Salaried,46922.03223348847,21174.286309273244,109683.43905601947,180.0,0,Rural,33.70423680160594,Rejected,609.3524392001082,0.008948390342386273
LN02427,Male,Yes,0,Graduate,Self-Employed,58756.17966001378,5942.027866288525,109586.80874665375,60.0,1,Rural,27.532628822395267,Approved,1826.4468124442292,0.02823025370064091
LN02860,Female,Yes,3,Graduate,Salaried,49375.714107848034,17959.332403460954,120775.32836028008,360.0,1,Rural,37.752409368759366,Approved,335.4870232230002,0.004982353775706605
LN02460,Male,No,2,Graduate,Salaried,61519.10535832175,7495.898722453438,93249.39509069656,240.0,1,Semiurban,30.785899246549057,Approved,388.5391462112357,0.005629777921283454
LN05670,Male,Yes,2,Not Graduate,Salaried,109948.30252839708,0.0,90314.40728778612,240.0,0,Urban,34.93804564805107,Rejected,376.3100303657755,0.003422608823529435
LN00763,Male,Yes,0,Not Graduate,Self-Employed,58078.802005507,31672.56841749534,153836.64296964783,240.0,0,Semiurban,31.578610201324608,Rejected,640.9860123735326,0.0071417963798495335
LN04267,Female,Yes,3,Graduate,Salaried,20089.36439096523,13752.81841763514,205279.6572644742,180.0,1,Urban,46.578291158513046,Approved,1140.44254035819,0.033698846992469035
LN02907,Male,Yes,0,Graduate,Salaried,37398.61321919285,0.0,189645.26859186008,240.0,0,Semiurban,32.57682060202919,Rejected,790.1886191327503,0.02112882139509997
LN02075,Female,Yes,1,Graduate,Self-Employed,53678.54287945901,16540.318416835875,124764.22690824245,60.0,0,Urban,35.48407407750137,Rejected,2079.4037818040406,0.02961318004047099
LN01841,Male,Yes,1,Graduate,Self-Employed,22363.01909004721,10521.223550680415,155080.38593450055,360.0,1,Semiurban,28.96997726907609,Approved,430.7788498180571,0.013099856199349747
LN01517,Male,No,0,Graduate,Salaried,72616.23369109555,12526.596129748432,125090.40396492805,120.0,0,Urban,21.0,Rejected,1042.420033041067,0.01224319223632229
LN00940,Male,Yes,0,Graduate,Salaried,34393.91202658211,10710.192826275805,154672.92458831763,300.0,1,Urban,30.708551660496983,Approved,515.5764152943921,0.011430809168618803
LN05910,Female,No,0,Graduate,Salaried,70114.70864945598,17536.835542980967,62914.16900669479,360.0,0,Urban,38.260062033176176,Rejected,174.7615805741522,0.00199382203912423
LN05589,Male,Yes,1,Graduate,Unemployed,90806.47959639772,5322.476604529,200438.1253566568,180.0,0,Rural,22.15895559792907,Rejected,1113.5451408703154,0.011583868013117784
LN00442,Female,Yes,0,Not Graduate,Salaried,18651.15799920247,1166.592230283895,118540.0196514838,120.0,1,Semiurban,36.63953960856937,Approved,987.8334970956984,0.049845895001034174
LN05122,Male,Yes,0,Graduate,Salaried,54847.59028978012,21573.21095119539,144057.37589896147,60.0,0,Semiurban,24.437052667382343,Rejected,2400.956264982691,0.031417575136536785
LN04615,Male,Yes,0,Graduate,Salaried,53807.005720238776,17944.18977684048,66012.73367405022,360.0,0,Urban,33.68942646620189,Rejected,183.3687046501395,0.002555618807182158
LN02118,Male,Yes,1,Graduate,Salaried,15000.0,12677.264972005272,110584.53676125185,120.0,0,Urban,30.577089187419784,Rejected,921.5378063437654,0.033295840729778516
LN01984,Male,No,2,Graduate,Salaried,79062.50090752174,17381.713061396284,171349.18419310497,60.0,1,Semiurban,42.378270289350894,Approved,2855.8197365517494,0.02961110489709752
LN04898,Male,Yes,1,Graduate,Salaried,73418.2249655375,8229.888232096564,170883.75503259798,300.0,0,Semiurban,26.2643567896342,Rejected,569.6125167753266,0.006976432087249168
LN05974,Female,No,1,Graduate,Salaried,68939.63434019704,8366.61676487698,142572.22925497088,240.0,0,Urban,22.67422249835124,Rejected,594.0509552290454,0.0076843844674555
LN01532,Female,Yes,1,Graduate,Self-Employed,66463.35428369563,15879.73547129169,235485.40143377596,180.0,1,Semiurban,40.09968497211328,Approved,1308.2522301876443,0.015887820509047714
LN03405,Male,Yes,2,Graduate,Salaried,15000.0,33054.168464197806,173322.79864847063,240.0,1,Semiurban,41.15116134654262,Approved,722.1783277019609,0.015028422107439262
LN03357,Male,No,0,Not Graduate,Self-Employed,17425.31811170376,22475.461257864597,132424.33116205505,360.0,1,Urban,29.19078926818913,Approved,367.8453643390418,0.009219001988206556
LN04646,Male,Yes,0,Graduate,Salaried,32145.29055666007,34635.52833543816,217947.49756335575,60.0,1,Urban,34.455825905566385,Approved,3632.4582927225956,0.05439373689909038
LN03691,Male,Yes,2,Graduate,Salaried,76789.37009036809,11982.015066037471,80095.09926590623,180.0,0,Urban,35.64384567093856,Rejected,444.9727736994791,0.0050125699054429
LN00016,Male,Yes,3,Graduate,Salaried,39743.377593311525,36785.62173991662,180920.36078720677,300.0,1,Urban,42.29348898928373,Approved,603.0678692906893,0.007880252904716122
LN01551,Male,No,0,Not Graduate,Salaried,55926.524996460685,34172.591484261226,158479.88381974676,60.0,0,Urban,42.21936133098913,Rejected,2641.3313969957794,0.029315841266444966
LN03767,Female,Yes,0,Not Graduate,Unemployed,86070.15863869518,15635.419045609377,105609.93098311732,180.0,0,Urban,36.783535964386914,Rejected,586.7218387950962,0.0057688265693381
LN01284,Male,No,0,Graduate,Salaried,44280.21078984101,27497.104201843184,130064.91087584052,240.0,0,Semiurban,52.42878339070582,Rejected,541.9371286493355,0.007550256354840272
LN01534,Male,Yes,0,Graduate,Salaried,50679.26996263515,9710.01585796873,171983.4861136512,240.0,1,Rural,38.8690432718898,Approved,716.5978588068799,0.01186630789003946
LN05569,Female,Yes,1,Graduate,Salaried,40035.75482977189,8239.456334511951,69414.1467190573,360.0,1,Urban,37.1754556116597,Approved,192.81707421960363,0.003994121818824033
LN00021,Female,No,1,Graduate,Salaried,55484.47399026929,18992.28192939327,176431.74076672795,300.0,0,Rural,31.971593881575146,Rejected,588.1058025557599,0.00789650133512991
LN01735,Female,No,1,Graduate,Self-Employed,27673.78783126824,0.0,191117.1149343776,180.0,1,Semiurban,42.77469434609523,Rejected,1061.7617496354312,0.038367055356107085
LN02284,Male,Yes,3,Graduate,Self-Employed,50711.91475381225,4959.203670449726,131100.5127007391,300.0,0,Urban,25.10384632794166,Rejected,437.0017090024637,0.007849702347851779
LN05001,Male,No,3,Graduate,Salaried,50931.71783232292,19328.50402519974,159106.7435505588,360.0,0,Semiurban,42.24143720453564,Rejected,441.96317652933004,0.0062903754762626005
LN00753,Female,Yes,2,Graduate,Self-Employed,81072.8359321568,18657.59986092916,161006.4593743888,360.0,1,Semiurban,42.46223689916325,Approved,447.2401649288578,0.004484490229810705
LN01440,Male,Yes,2,Not Graduate,Salaried,73257.62537334826,32649.138055507712,213645.5108623712,240.0,0,Urban,23.302759401663003,Rejected,890.1896285932132,0.008405408679977345
LN00899,Female,Yes,2,Graduate,Salaried,43661.28658025528,254.97312951764437,189274.1294914788,120.0,1,Urban,21.0,Approved,1577.28441242899,0.03591572740603837
LN03069,Female,No,0,Graduate,Self-Employed,73854.45510233719,22248.29373485832,125982.01637543224,240.0,0,Urban,40.25687389617647,Rejected,524.9250682309677,0.005462123348003561
LN01167,Male,No,1,Graduate,Self-Employed,71278.18240104719,13861.87461586242,64632.85231752001,60.0,1,Urban,41.06040567441176,Approved,1077.214205292,0.012652260792802326
LN05978,Male,Yes,1,Graduate,Salaried,64797.154916985935,18566.67607249847,209561.7597590371,240.0,0,Urban,37.951138306091536,Rejected,873.1739989959879,0.01047425470533055
LN00548,Male,Yes,2,Graduate,Self-Employed,67422.91746742617,18912.09327237394,134185.17318175777,300.0,0,Semiurban,37.797598867069176,Rejected,447.2839106058592,0.0051807940576263
LN04436,Male,No,0,Graduate,Salaried,83468.84553264889,0.0,183428.13081685637,300.0,0,Semiurban,46.1339278169608,Rejected,611.4271027228546,0.007325213363394303
LN05423,Female,No,1,Graduate,Salaried,58178.48279293945,11579.82654195225,159515.50626985283,120.0,0,Urban,44.38471313625872,Rejected,1329.2958855821068,0.01905573541354764
LN00528,Female,Yes,0,Graduate,Salaried,65194.45003442964,15195.996165776283,187602.3191809415,300.0,1,Urban,25.519959730671403,Approved,625.3410639364716,0.007778798271365608
LN02966,Female,Yes,2,Graduate,Self-Employed,67050.09936713759,11366.879916114549,150898.6289684154,120.0,0,Urban,28.567660556554124,Rejected,1257.488574736795,0.01603592214633244
LN02452,Male,Yes,1,Graduate,Salaried,58656.434199012896,6142.862002003101,145307.7191888317,240.0,0,Semiurban,40.328280688525176,Rejected,605.4488299534654,0.009343447621333463
LN05350,Male,Yes,0,Graduate,Salaried,72275.41711579818,1587.4027276326233,82001.5893163863,240.0,0,Rural,21.0,Rejected,341.6732888182762,0.004625781814755125
LN00047,Female,Yes,1,Graduate,Self-Employed,81142.44452437831,30328.73355636312,166444.57683635203,240.0,0,Semiurban,35.06281981114102,Rejected,693.5190701514668,0.006221510188482382
LN05840,Female,Yes,0,Graduate,Self-Employed,67166.89022152007,20981.721503347944,160089.25536854766,240.0,1,Rural,28.95858299858856,Approved,667.0385640356152,0.0075672044174398935
LN04249,Female,Yes,2,Not Graduate,Salaried,58849.644939890735,15061.314504352267,202343.9516161644,240.0,0,Rural,33.2337655205102,Rejected,843.099798400685,0.01140696595931356
LN01037,Male,Yes,1,Graduate,Self-Employed,30712.5023958036,5676.287568180129,118531.28943967722,180.0,0,Semiurban,30.95314372078412,Rejected,658.5071635537623,0.018096429263119995
LN04705,Male,Yes,2,Not Graduate,Self-Employed,57426.81107295888,7935.244992342034,162579.39589994223,60.0,1,Rural,42.24575039112692,Rejected,2709.6565983323703,0.04145611018761785
LN04613,Male,No,0,Not Graduate,Self-Employed,49752.51518646613,8198.4763424818,157991.76759540488,300.0,1,Rural,37.11876669413886,Rejected,526.6392253180162,0.009087665481184167
LN00952,Male,Yes,2,Not Graduate,Salaried,34969.21151619112,350.2525389511102,255886.50015042824,240.0,1,Urban,45.475915409132725,Approved,1066.1937506267843,0.030187144090357592
LN04593,Male,Yes,1,Graduate,Salaried,16568.571904791046,23353.33435364835,71511.16576405619,240.0,0,Semiurban,45.12947948394295,Rejected,297.96319068356746,0.007463651378635727
LN02280,Female,No,1,Graduate,Salaried,25483.865424188065,11833.204540657503,70783.62110758014,360.0,0,Rural,30.61503090139375,Rejected,196.62116974327816,0.0052689337594967805
LN04714,Female,Yes,1,Graduate,Salaried,61625.56844112398,12548.275781486143,106042.3400453227,120.0,0,Rural,27.27019799682201,Rejected,883.6861670443558,0.011913716705746596
LN03333,Male,No,0,Graduate,Salaried,71481.42441788003,23717.025855988133,78675.84216894174,120.0,1,Rural,37.558892577713934,Approved,655.6320180745146,0.006887003057175655
LN05205,Male,Yes,0,Graduate,Salaried,76544.72215314847,14535.03418873442,143796.13869484802,300.0,0,Semiurban,29.598401052549804,Rejected,479.32046231616005,0.005262645417242352
LN00986,Male,Yes,0,Graduate,Salaried,90067.96603534301,976.3071657617512,108584.87302115552,240.0,0,Semiurban,35.50868800839828,Rejected,452.43697092148136,0.004969417130961196
LN01845,Female,Yes,2,Not Graduate,Salaried,39446.49718148084,29652.10503481381,131555.8448531488,120.0,0,Urban,31.167539075424763,Rejected,1096.2987071095733,0.015865714673618206
LN03139,Male,Yes,1,Graduate,Self-Employed,54647.17818202413,22963.400197488325,214799.88353198947,300.0,0,Rural,35.62922710300158,Rejected,715.9996117732983,0.009225541501212506
LN00325,Male,Yes,0,Graduate,Self-Employed,35716.22774424536,872.7424109944386,163723.41678182824,180.0,0,Urban,37.654127311073495,Rejected,909.5745376768235,0.02485925495627993
LN05594,Male,Yes,1,Graduate,Self-Employed,82498.65090606481,15125.757696003142,36392.917221469645,180.0,0,Semiurban,45.73452656477608,Rejected,202.18287345260913,0.002071027895049664
LN01901,Female,Yes,3,Graduate,Salaried,53323.6102048798,3748.1389826883824,138691.23561596195,60.0,1,Urban,40.80529724895697,Approved,2311.520593599366,0.04050201065333529
LN00977,Female,Yes,1,Graduate,Salaried,15000.0,25022.36166702925,92541.019889161,240.0,1,Urban,30.990835469073737,Approved,385.5875828715042,0.009634303594561596
LN04200,Male,No,0,Graduate,Salaried,64873.14447405429,17917.32725378309,220038.86380978255,180.0,1,Rural,41.57244231383598,Approved,1222.4381322765696,0.014765444703530278
LN05808,Female,Yes,1,Not Graduate,Self-Employed,114060.55128810168,25733.665824449723,150534.66558982403,120.0,0,Rural,46.94864228604136,Rejected,1254.4555465818669,0.008973586837085523
LN04064,Male,Yes,3,Graduate,Self-Employed,40166.06673119379,1353.2367409945837,204551.39545957383,240.0,0,Urban,38.859528732170446,Rejected,852.2974810815576,0.02052774034738968
LN04147,Male,Yes,1,Not Graduate,Salaried,58103.51537438256,13498.521679825611,221581.7993468985,360.0,0,Rural,49.44230787631378,Rejected,615.5049981858292,0.008596193956323411
LN02303,Female,Yes,0,Graduate,Salaried,65004.00412503389,16388.5603243088,77662.14468357674,360.0,1,Rural,34.58849591900485,Approved,215.72817967660205,0.0026504654465195955
LN04986,Male,Yes,0,Graduate,Salaried,55579.15072925899,31652.522339446958,159293.8941811133,120.0,0,Urban,28.82428825606058,Rejected,1327.4491181759442,0.015217512991300884
LN01178,Female,Yes,1,Graduate,Salaried,40228.17785698165,10853.694911859691,120533.17177074098,360.0,0,Semiurban,39.43576005532132,Rejected,334.8143660298361,0.006554465368663312
LN01251,Male,No,2,Graduate,Salaried,76670.5792321785,7629.706388473029,154844.89380171572,180.0,1,Rural,35.68777933555326,Approved,860.2494100095317,0.010204584761202654
LN05392,Female,No,2,Not Graduate,Salaried,62057.17155864668,20251.693132621684,169564.2478560437,180.0,1,Rural,36.67655690182868,Approved,942.0235992002428,0.011444983510994487
LN02939,Male,Yes,1,Not Graduate,Salaried,52150.57787878254,13467.394466006945,146287.39462534589,240.0,1,Urban,34.990223685782844,Approved,609.5308109389412,0.009289083297730734
LN04573,Male,Yes,0,Graduate,Unemployed,48310.89416299124,19120.8346487146,118616.86519866518,180.0,1,Urban,43.79984346931021,Approved,658.9825844370288,0.009772589195764955
LN00432,Female,Yes,0,Graduate,Self-Employed,54611.86331110884,184.1922844863202,69498.91635455018,300.0,1,Semiurban,22.438347461081925,Approved,231.66305451516726,0.004227732306589413
LN05864,Male,Yes,0,Graduate,Self-Employed,48665.89783889894,13271.866481065936,89501.7485666412,180.0,1,Urban,37.37165730540852,Approved,497.23193648134,0.008027928388126587
LN02572,Female,Yes,1,Graduate,Salaried,54006.467039864256,19103.83276786892,160215.994199416,60.0,0,Urban,32.39449152408437,Rejected,2670.2665699902664,0.036523808232391104
LN04350,Female,Yes,1,Not Graduate,Salaried,19275.58994288127,16411.14496705593,21620.7441033121,360.0,0,Urban,30.953709711849694,Rejected,60.05762250920028,0.0016829116662190591
LN01948,Female,Yes,1,Not Graduate,Salaried,82521.00501544337,24758.233372885632,286798.0079691744,180.0,0,Semiurban,40.560374632489776,Rejected,1593.3222664954135,0.014852102703487802
LN02101,Male,Yes,1,Not Graduate,Salaried,41958.96891284979,8210.19653536868,128944.8613919084,180.0,0,Urban,39.80816158105152,Rejected,716.3603410661578,0.014278896901435226
LN03828,Male,Yes,0,Not Graduate,Self-Employed,83637.82185919923,20225.2076644239,246247.02565935283,180.0,0,Rural,37.00227471070998,Rejected,1368.0390314408492,0.013171568725806283
LN03726,Female,Yes,0,Graduate,Salaried,69937.47181015194,15021.83590837036,218548.13800646464,180.0,1,Urban,31.095757355124192,Approved,1214.156322258137,0.014291033612005694
LN03578,Male,Yes,0,Graduate,Unemployed,43692.487433677576,4179.822149580639,155380.1718111475,360.0,0,Semiurban,39.64716258092311,Rejected,431.61158836429865,0.009015892321084937
LN00660,Female,No,0,Graduate,Salaried,48526.75986239527,23331.577666294343,129997.1283058737,180.0,0,Semiurban,44.39923568527509,Rejected,722.206268365965,0.010050417156918253
LN03435,Male,Yes,0,Graduate,Salaried,77780.74244559783,801.2283572907108,116874.14268466298,360.0,1,Urban,21.0,Approved,324.6503963462861,0.004131359814843845
LN05698,Male,No,0,Graduate,Unemployed,57900.64584872752,19288.111804330056,116751.67443400018,240.0,0,Semiurban,28.519979140465484,Rejected,486.4653101416674,0.006302281898721526
LN05087,Female,Yes,1,Graduate,Salaried,70100.42176547533,14571.75620924481,57921.71917577199,180.0,1,Urban,39.2576784055909,Approved,321.78732875428886,0.0038003903578618494
LN00919,Male,Yes,1,Graduate,Salaried,63881.79985796615,14684.814866718958,95751.60062597612,360.0,1,Rural,32.923109399962115,Approved,265.97666840548925,0.0033853650095212917
LN04590,Female,No,0,Graduate,Self-Employed,47728.24789274411,12206.497529430784,79853.54637934445,180.0,0,Semiurban,38.49868732792036,Rejected,443.6308132185803,0.0074018970147230155
LN01737,Male,Yes,0,Graduate,Salaried,38643.941568416136,20198.71018101912,205848.9713820064,360.0,1,Urban,25.226670780527325,Approved,571.8026982833511,0.009717486912694055
LN03558,Female,Yes,0,Not Graduate,Salaried,57737.4389496852,9253.98141816609,20000.0,60.0,1,Urban,38.273162936901386,Approved,333.3333333333333,0.004975761545329134
LN04760,Male,No,1,Graduate,Unemployed,34600.02805212248,24341.414422336944,118508.7597876795,60.0,0,Rural,43.58332984345927,Rejected,1975.145996461325,0.03351030978444747
LN04074,Male,No,0,Graduate,Unemployed,51081.12572277679,24177.68197795137,156972.62330145983,180.0,1,Urban,32.08725325087611,Approved,872.0701294525546,0.011587615537578028
LN04536,Male,Yes,1,Not Graduate,Salaried,64333.66237928573,25974.84971353164,123034.35381945106,360.0,0,Urban,21.270300050652807,Rejected,341.7620939429196,0.0037843840632836804
LN00571,Female,No,3,Graduate,Self-Employed,93528.74624550564,1791.0771749383894,163356.81482308655,240.0,1,Rural,40.36636986162284,Approved,680.653395096194,0.007140732857780438
LN00278,Male,No,0,Graduate,Self-Employed,61396.04169980038,2908.01288760394,163665.56247925822,300.0,0,Semiurban,37.41859080724908,Rejected,545.5518749308608,0.008483942084698992
LN04712,Male,Yes,1,Not Graduate,Self-Employed,68192.72237367988,688.11666764248,165048.41883212054,60.0,0,Rural,44.47378456152335,Rejected,2750.8069805353425,0.0399357356678699
LN04778,Female,Yes,0,Graduate,Salaried,38094.58962314391,18899.455993834366,152809.195919616,300.0,0,Urban,35.55771728595374,Rejected,509.36398639872,0.008937143887307812
LN05062,Male,No,3,Graduate,Self-Employed,53295.11836263946,0.0,124278.70908691284,180.0,1,Semiurban,35.15428871678975,Approved,690.4372727050713,0.012954981505193098
LN00298,Female,Yes,0,Graduate,Salaried,76257.2423767792,11532.28423233288,111070.64765941442,60.0,1,Semiurban,46.93538732080271,Approved,1851.1774609902402,0.021086541099973283
LN01343,Male,Yes,1,Not Graduate,Salaried,83812.92549572683,5903.195606875246,141232.09128025794,360.0,1,Urban,45.762777845745546,Approved,392.31136466738315,0.004372807917305341
LN00223,Male,Yes,2,Graduate,Salaried,27745.682576206967,33798.74549421008,172297.38885626517,300.0,1,Rural,45.38063780012866,Approved,574.324629520884,0.009331870447536878
LN05683,Female,Yes,1,Graduate,Salaried,60956.50639569366,15779.372965582095,74453.7719091503,60.0,1,Urban,41.79766484837175,Approved,1240.8961984858383,0.016171003822653112
LN03751,Male,No,1,Graduate,Self-Employed,66582.13557420259,16434.176306814763,157287.93196638286,120.0,1,Urban,30.001640972704983,Approved,1310.732766386524,0.015788858077255035
LN04792,Female,Yes,1,Graduate,Salaried,57707.18328987215,15546.948653746262,164728.42562875818,120.0,1,Urban,36.683012392117,Approved,1372.7368802396516,0.018739378159531087
LN02803,Female,No,3,Graduate,Salaried,39918.90806315979,21351.00011597925,152058.97584744674,300.0,1,Urban,39.83551323836675,Approved,506.86325282482244,0.008272629548307328
LN00126,Male,Yes,3,Graduate,Self-Employed,40189.27349738623,26718.101432738447,143219.93800495585,120.0,1,Urban,37.45727242823365,Approved,1193.499483374632,0.0178380856313833
LN03218,Female,Yes,1,Not Graduate,Salaried,45293.93078636096,5998.397721263371,160619.0043011745,300.0,0,Semiurban,35.11858530135386,Rejected,535.396681003915,0.010438143414064955
LN02622,Male,No,1,Graduate,Self-Employed,61676.53255858722,12162.932716352683,141237.83185178443,180.0,1,Rural,31.484284801221165,Approved,784.6546213988024,0.010626493819763664
LN02215,Female,No,0,Graduate,Salaried,65317.56459304097,17398.72752284725,130338.17954185772,180.0,0,Semiurban,44.72653350256503,Rejected,724.1009974547651,0.008754031145886907
LN01031,Male,Yes,0,Not Graduate,Salaried,26628.318522448208,9681.222497106715,121370.69759367364,360.0,0,Semiurban,27.41287724718454,Rejected,337.14082664909347,0.009285185578840626
LN04225,Female,Yes,2,Graduate,Salaried,70398.04279057505,24247.21805513421,204708.3417807565,120.0,1,Urban,42.82869155063901,Approved,1705.9028481729708,0.01802417609640206
LN02943,Male,Yes,0,Graduate,Salaried,56189.93788004377,18473.97486434762,86169.08998776694,300.0,1,Semiurban,35.47784402546217,Approved,287.23029995922315,0.003846976262047013
LN02207,Male,Yes,1,Graduate,Self-Employed,67112.2669757132,0.0,143650.60933975098,360.0,1,Urban,42.10718066348714,Approved,399.0294703881972,0.005945700963023634
LN03745,Male,Yes,1,Graduate,Salaried,56369.936757286654,21509.65678779441,196870.3141234748,120.0,0,Urban,41.655834989924735,Rejected,1640.5859510289565,0.02106567171642073
LN04607,Female,Yes,0,Graduate,Salaried,69785.09070152655,13908.069054994474,179171.67845779826,240.0,1,Semiurban,44.88634881230843,Approved,746.548660240826,0.008920067809755003
LN00803,Male,Yes,2,Graduate,Self-Employed,50754.49422589915,31728.6820189853,154780.37720562887,180.0,0,Urban,22.76138700327408,Rejected,859.890984475716,0.010425046944394868
LN04829,Male,Yes,1,Graduate,Unemployed,38987.533563443976,9046.943023060176,155202.3240519543,120.0,0,Rural,36.83606317974874,Rejected,1293.3527004329524,0.026925508350315507
LN00326,Male,Yes,1,Graduate,Salaried,83162.21747000136,9831.531168261714,90174.24759245336,300.0,1,Semiurban,25.134562478315974,Approved,300.5808253081779,0.003232269154751563
LN05164,Male,Yes,2,Not Graduate,Salaried,75892.00765890423,37689.91611659453,122713.6979681903,360.0,0,Rural,34.89464187271996,Rejected,340.87138324497306,0.003001105914694006
LN02304,Male,Yes,0,Not Graduate,Salaried,99913.34979567929,23314.98866931662,133261.33376475863,180.0,0,Urban,34.37972267973802,Rejected,740.340743137548,0.006007877346718006
LN02586,Female,Yes,0,Graduate,Salaried,33615.056108024655,33640.48530411758,208634.87885925337,360.0,1,Semiurban,24.862648894862645,Approved,579.5413301645926,0.008617004903925477
LN00212,Male,Yes,0,Not Graduate,Salaried,79080.03526986405,10234.485767807586,41941.894821414506,180.0,1,Urban,27.1484089446962,Approved,233.01052678563613,0.002608876183609108
LN02722,Male,No,0,Graduate,Salaried,38821.84825886799,17775.158588818904,172285.45700676835,300.0,0,Urban,46.61154717177461,Rejected,574.2848566892278,0.010146912154466677
LN04243,Female,No,1,Graduate,Self-Employed,73973.77627034087,20156.60630083394,21628.204513050005,180.0,0,Semiurban,32.15105960859522,Rejected,120.15669173916669,0.0012764921214286217
LN04427,Male,Yes,2,Graduate,Salaried,43113.51925633858,9980.080398187954,83387.77066182773,240.0,0,Rural,37.74177209118803,Rejected,347.4490444242822,0.006544085288718226
LN05950,Female,Yes,3,Not Graduate,Salaried,62731.947911775045,27740.63583516149,207048.1466182704,120.0,0,Urban,43.516764908150186,Rejected,1725.40122181892,0.0190709842734799
LN02406,Male,No,2,Not Graduate,Unemployed,34008.37526144805,35520.73311421935,168745.3843150388,120.0,0,Rural,37.31572459936969,Rejected,1406.2115359586567,0.020224788851898733
LN01770,Male,Yes,0,Graduate,Salaried,60872.04892744908,23913.439016052467,165008.75246422604,300.0,0,Urban,38.59983079374992,Rejected,550.0291748807534,0.006487303290007318
LN01973,Female,Yes,0,Graduate,Self-Employed,63894.7238943755,9893.915007024209,117842.47949386724,240.0,0,Urban,26.20815242374354,Rejected,491.0103312244468,0.0066542809101081376
LN02287,Male,Yes,1,Graduate,Self-Employed,54969.22227911009,4762.4405229214935,163092.86036228627,360.0,1,Rural,39.39076677700668,Approved,453.035723228573,0.007584515514494674
LN00944,Female,No,1,Graduate,Salaried,96932.73992095332,0.0,90707.38353805651,300.0,0,Urban,41.20846731227542,Rejected,302.35794512685504,0.0031192551182750205
LN01043,Female,Yes,1,Graduate,Salaried,59229.83060998585,0.0,101245.057210653,180.0,1,Urban,38.0473774462555,Approved,562.4725400591833,0.009496440125971815
LN01073,Male,Yes,0,Graduate,Salaried,34340.15551622861,26799.42130038464,173009.88406150206,240.0,1,Semiurban,27.193801416023597,Approved,720.8745169229253,0.01179063635139595
LN03065,Female,No,2,Not Graduate,Salaried,66431.86422678478,11329.25353981817,182524.4819994218,360.0,0,Semiurban,23.40116239209613,Rejected,507.01244999839395,0.006520128112357807
LN05481,Female,No,0,Graduate,Self-Employed,69012.26098862776,18363.22969321281,106663.36646698434,180.0,0,Rural,38.18037910727344,Rejected,592.574258149913,0.006781927672459629
LN01065,Female,Yes,2,Graduate,Self-Employed,37606.60210747713,5608.444302293183,233902.78002262977,300.0,0,Semiurban,27.74225983305997,Rejected,779.6759334087659,0.01804177012829708
LN01209,Male,Yes,1,Not Graduate,Self-Employed,94991.53486373878,26546.9376671672,212843.90158374608,300.0,0,Urban,29.521705485274985,Rejected,709.4796719458202,0.005837490443739178
LN03562,Male,No,2,Graduate,Salaried,16201.565900428934,20712.242102362397,149641.43945093366,300.0,0,Rural,28.121247441242925,Rejected,498.80479816977885,0.01351268875137619
LN03696,Female,No,2,Not Graduate,Salaried,48565.07916087877,16239.06816521071,143110.70694038598,240.0,1,Urban,27.920806439403947,Approved,596.2946122516082,0.009201488436397436
LN03194,Male,No,3,Not Graduate,Salaried,29299.19504935281,4915.6697946885415,144583.30583777055,60.0,1,Urban,37.08473027058263,Approved,2409.7217639628425,0.07042908908004951
LN02236,Male,Yes,0,Graduate,Unemployed,60285.46135672868,24140.771642240332,167464.6386177104,360.0,1,Urban,23.3898419600217,Approved,465.17955171586226,0.005509893491535302
LN05994,Male,Yes,1,Graduate,Self-Employed,77270.56485043043,19513.475478646327,84561.0847757022,60.0,0,Rural,21.0,Rejected,1409.3514129283699,0.014561816267810421
LN05012,Male,Yes,0,Graduate,Salaried,60175.67309796296,13663.722702732288,149166.79333510282,240.0,1,Semiurban,36.27250241577577,Approved,621.5283055629284,0.008417299448664723
LN01071,Female,Yes,0,Graduate,Salaried,69540.81654446243,5632.047650406172,172824.9017625323,240.0,1,Semiurban,21.0,Approved,720.1037573438846,0.009579304514421306
LN00960,Male,Yes,0,Graduate,Salaried,72854.45519735088,26166.812750675224,204523.6084528497,300.0,0,Semiurban,33.6638226007117,Rejected,681.745361509499,0.006884837728671894
LN00980,Male,No,2,Graduate,Salaried,75716.00317301665,1845.586929501544,85929.25101109868,360.0,0,Urban,25.311292275960724,Rejected,238.69236391971856,0.0030774557819691854
LN02990,Male,Yes,2,Graduate,Salaried,90327.88110507146,31010.743061643927,217554.4473168501,240.0,1,Urban,32.396984829590515,Approved,906.4768638202088,0.007470637400459878
LN05448,Female,Yes,3,Graduate,Salaried,66399.30382290325,24610.93457232083,141829.63846343438,300.0,1,Urban,31.54658176129772,Approved,472.76546154478126,0.005194640403992068
LN03312,Male,Yes,1,Graduate,Salaried,101720.94099074228,25781.25395794772,222855.09131137023,60.0,1,Semiurban,38.61434067698023,Approved,3714.2515218561703,0.02913088298872718
LN05694,Female,Yes,0,Not Graduate,Salaried,94220.57618381576,9968.364809536431,185355.30800532812,360.0,0,Semiurban,36.02894550960461,Rejected,514.8758555703558,0.00494175150127697
LN01219,Male,Yes,0,Not Graduate,Self-Employed,102902.98255546777,0.0,80635.67432845669,300.0,1,Urban,24.4800848362274,Approved,268.7855810948556,0.002612029062908572
LN02180,Male,Yes,1,Graduate,Salaried,56199.21929997011,0.0,159599.68943111337,300.0,1,Rural,32.81282638354012,Approved,531.9989647703779,0.009466305251159617
LN01715,Female,No,0,Graduate,Salaried,58189.33435391678,21675.48080369996,39000.54562218118,180.0,0,Urban,38.32606385984312,Rejected,216.66969790100654,0.0027129556047102757
LN05175,Male,Yes,0,Not Graduate,Salaried,96028.60198532976,20102.522224050183,232725.6640432517,300.0,1,Semiurban,36.64246379059559,Approved,775.7522134775056,0.006679968171830096
LN02490,Male,No,0,Graduate,Self-Employed,59723.24507811526,27666.612531984123,172753.77878601852,60.0,0,Urban,32.639235286979066,Rejected,2879.229646433642,0.03294695431682335
LN04370,Female,Yes,1,Graduate,Salaried,25155.5661472945,7257.300775959453,191463.68432832332,240.0,1,Semiurban,24.853900544120847,Approved,797.7653513680139,0.024612613048297597
LN03323,Female,Yes,1,Not Graduate,Salaried,65159.519624423614,0.0,172696.79442018873,60.0,0,Urban,33.543676300354726,Rejected,2878.2799070031456,0.04417282269104215
LN04460,Male,Yes,0,Not Graduate,Salaried,83771.93646174016,2333.680048933904,137989.55644987398,180.0,1,Urban,25.95448702839016,Approved,766.6086469437444,0.008903120121655617
LN02818,Female,No,0,Graduate,Unemployed,67875.94596432503,19845.913788392747,162123.14858613553,60.0,1,Urban,37.88300658837723,Approved,2702.0524764355923,0.030802498762024684
LN04073,Female,No,0,Not Graduate,Salaried,57101.90841837137,19592.041815995293,180045.6891207667,120.0,0,Urban,25.633716204076965,Rejected,1500.380742673056,0.01956322158511967
LN02302,Male,Yes,0,Graduate,Salaried,52320.57456095297,7784.309176599708,223772.7065521147,60.0,0,Urban,42.16199391071953,Rejected,3729.5451092019116,0.062050616809890685
LN04400,Male,Yes,2,Graduate,Salaried,69746.1047408999,14366.967772186632,140902.72808287907,360.0,0,Urban,33.941359604986765,Rejected,391.3964668968863,0.004653218045696664
LN02335,Male,Yes,0,Not Graduate,Salaried,71504.10032213133,18881.857956547334,204283.5954591819,60.0,0,Urban,31.573073737787286,Rejected,3404.726590986365,0.03766875580926947
LN00136,Male,Yes,0,Graduate,Salaried,44334.93415327526,25899.049590908304,147857.1876169831,180.0,1,Urban,33.446261090167795,Approved,821.4288200943506,0.011695603414527621
LN01387,Female,No,1,Graduate,Salaried,91230.22393453706,18143.386831314303,233884.20454499047,120.0,0,Urban,44.16820169567867,Rejected,1949.0350378749206,0.01781997525936529
LN04819,Male,Yes,1,Graduate,Salaried,54409.85073406933,32053.62356513084,182795.95698294183,300.0,0,Rural,39.56748656766168,Rejected,609.3198566098062,0.007047135932813686
LN02393,Female,Yes,2,Graduate,Salaried,46999.52131186204,11540.92719333172,156909.63738956602,180.0,1,Urban,21.815888793010885,Approved,871.7202077198112,0.01489090415223709
LN05631,Male,Yes,2,Graduate,Salaried,77296.48876982022,11693.413376236682,260937.1678765425,60.0,0,Semiurban,33.93159519604074,Rejected,4348.952797942375,0.04887018294283038
LN04253,Female,No,1,Not Graduate,Salaried,38167.49655681795,7315.644830965071,188071.53120304467,180.0,1,Urban,25.92750649328916,Approved,1044.8418400169148,0.022972068510148335
LN05603,Female,No,0,Not Graduate,Salaried,79406.32403576563,16016.557615660293,147772.75678776056,360.0,0,Rural,41.82676336828212,Rejected,410.47987996600153,0.0043016923494876205
LN04924,Female,No,0,Not Graduate,Salaried,68947.8787413795,15353.714170886393,164141.40800593514,180.0,1,Semiurban,25.065229521540843,Approved,911.8967111440841,0.010817075687918619
LN04530,Male,Yes,1,Graduate,Salaried,63360.30681065057,30407.523765167723,159346.35262772487,360.0,0,Urban,34.27152858742326,Rejected,442.62875729923576,0.00472047561067692
LN00893,Female,Yes,1,Graduate,Salaried,83385.91180891346,19498.2721372651,111450.04935906356,360.0,0,Semiurban,38.20270847621226,Rejected,309.58347044184325,0.0030090482187601795
LN00757,Male,Yes,3,Graduate,Salaried,63696.72247389748,19920.142805668984,108763.30102488186,60.0,0,Semiurban,29.22833441435572,Rejected,1812.721683748031,0.021678900275528594
LN03335,Female,Yes,2,Graduate,Self-Employed,33157.4450302977,13126.696901786992,92354.90281763088,300.0,0,Rural,27.288627582989182,Rejected,307.8496760587696,0.006651299196828465
LN05547,Male,Yes,1,Graduate,Self-Employed,69379.56156296935,160.20940532582426,156991.26356630266,240.0,0,Semiurban,44.72373804765536,Rejected,654.1302648595944,0.009406563406109403
LN00275,Male,Yes,3,Graduate,Salaried,69242.06948526541,15845.269837843243,201353.51503220692,360.0,1,Rural,41.4947843301649,Approved,559.3153195339081,0.0065734258937158365
LN04961,Male,Yes,1,Graduate,Salaried,39403.7630291631,2343.6355491018894,172600.2684291224,120.0,0,Urban,24.863465395090746,Rejected,1438.3355702426866,0.03445329815093028
LN01711,Female,Yes,0,Graduate,Salaried,57592.376720928034,1668.519915227911,97433.54909883604,360.0,1,Semiurban,23.846272702089063,Approved,270.64874749676676,0.004567071422467138
LN02222,Female,No,3,Graduate,Salaried,74883.83942999874,20446.245744993383,196151.67186178645,120.0,0,Urban,39.24505775011311,Rejected,1634.597265514887,0.017146709378412367
LN02579,Female,No,1,Graduate,Salaried,95172.40968390266,19310.096921300767,92103.3150134347,300.0,1,Urban,34.52078579529485,Approved,307.01105004478234,0.0026817289308970122
LN03566,Male,No,1,Not Graduate,Salaried,64581.49376411405,5135.595009007535,107548.82839589824,300.0,0,Urban,37.93333257853976,Rejected,358.49609465299415,0.005142155258657431
LN02069,Female,Yes,1,Graduate,Self-Employed,78524.30804483185,11375.009971179315,104168.06533182264,300.0,1,Semiurban,42.94082522790684,Approved,347.2268844394088,0.0038623973140437767
LN00562,Female,No,0,Graduate,Self-Employed,77422.49406863385,13066.957735520302,129136.73173388033,120.0,1,Urban,40.68044388210282,Approved,1076.1394311156694,0.011892429555709457
LN02555,Female,Yes,1,Not Graduate,Salaried,70692.58172244871,16812.539483450502,82951.398200936,300.0,1,Rural,26.92701054650181,Approved,276.5046606697867,0.003159868323811269
LN04126,Female,No,0,Graduate,Salaried,42384.9182079454,19728.150699278325,216681.92809299132,120.0,0,Urban,25.176903299252224,Rejected,1805.682734108261,0.029070898699359884
LN01059,Male,No,1,Not Graduate,Salaried,52587.71335827788,21869.56632098677,170866.465083022,360.0,0,Urban,34.18176064653903,Rejected,474.6290696750611,0.006374515315622509
LN00612,Male,Yes,2,Graduate,Salaried,65599.3725263964,2738.2064218731666,73570.60088681665,360.0,1,Rural,33.72529188963152,Approved,204.36278024115737,0.002990489030872116
LN02132,Male,No,2,Graduate,Salaried,73457.2247193364,17811.920179102755,217964.5712168255,300.0,1,Urban,31.922999340616457,Approved,726.5485707227517,0.007960505946793163
LN02211,Female,Yes,0,Graduate,Salaried,72090.30652710734,21415.41644936012,235488.16258322867,240.0,1,Urban,24.879620957472127,Approved,981.2006774301194,0.01049348260402262
LN05953,Male,Yes,2,Graduate,Self-Employed,76191.88871943772,0.0,175743.05899675802,120.0,1,Urban,38.2840244253482,Approved,1464.5254916396502,0.019221540721119142
LN01446,Female,Yes,0,Not Graduate,Salaried,49427.66636500487,22762.28504724106,185056.5600356459,180.0,1,Urban,40.14001546453523,Approved,1028.0920001980328,0.014241483476378023
LN05673,Female,No,0,Not Graduate,Salaried,116486.61182006092,36050.86639334502,178365.281264613,360.0,1,Semiurban,30.462203663124807,Approved,495.459114623925,0.003248113974526039
LN00515,Male,Yes,2,Graduate,Salaried,75107.82451651512,7962.896006685667,147053.68227384743,300.0,0,Urban,41.775124601955085,Rejected,490.17894091282477,0.005900742618163796
LN02313,Female,Yes,0,Graduate,Salaried,69954.86178182789,6490.249193184351,138457.55160481448,240.0,1,Semiurban,45.70447682642019,Approved,576.9064650200603,0.007546675747630674
LN02018,Male,Yes,0,Not Graduate,Salaried,72708.36060418453,36209.9356584511,129184.23713279862,300.0,0,Semiurban,32.999281308930136,Rejected,430.6141237759954,0.003953551777358432
LN00787,Male,Yes,3,Graduate,Salaried,69183.60158456874,3678.508592839933,48282.20660578186,120.0,1,Urban,36.81107012199059,Approved,402.35172171484885,0.005522098121165868
LN01864,Male,Yes,1,Graduate,Salaried,86086.80485756305,10411.231549750031,183712.4154212383,360.0,1,Urban,41.31815269047748,Approved,510.31226505899525,0.005288317607883691
LN04143,Male,Yes,2,Graduate,Self-Employed,66233.05712009556,6748.341002544621,136460.67515104683,120.0,1,Semiurban,49.60690725431916,Approved,1137.1722929253904,0.015581673168475769
LN04305,Male,Yes,2,Graduate,Self-Employed,28042.55731010325,2261.6267486579563,144970.34473108963,360.0,1,Urban,34.134056080625804,Approved,402.69540203080453,0.01328844232367252
LN04433,Male,Yes,0,Graduate,Salaried,48768.84507338749,14521.410723472429,181456.7649128892,300.0,0,Urban,34.20762194399993,Rejected,604.855883042964,0.009556856350594388
LN02549,Female,Yes,0,Graduate,Salaried,101768.8554573985,11883.24114234766,125825.8045798092,300.0,0,Urban,35.55846016508077,Rejected,419.419348599364,0.0036903793343685733
LN03259,Female,Yes,1,Graduate,Salaried,88726.70811411957,12484.480998158637,73453.61837436768,360.0,1,Urban,21.0,Approved,204.037828817688,0.0020159611857868747
LN00100,Male,Yes,0,Graduate,Salaried,31692.585158991715,9121.436950919997,68235.48649642237,300.0,1,Urban,41.30491486938443,Approved,227.45162165474122,0.005572879365876181
LN05681,Female,Yes,1,Not Graduate,Salaried,53163.563595077285,12132.783051799372,133728.93643135845,180.0,1,Semiurban,35.19084373880299,Approved,742.9385357297692,0.011377949516036307
LN01041,Male,Yes,0,Graduate,Self-Employed,50822.3147426212,10861.05057725143,125720.49439774954,180.0,1,Rural,21.0,Approved,698.4471910986085,0.011323104494650337
LN02339,Male,Yes,0,Graduate,Self-Employed,46793.57721053106,13287.436951750657,209807.5110763063,180.0,0,Rural,28.13949766169407,Rejected,1165.5972837572574,0.019400426241290184
LN03626,Male,Yes,0,Not Graduate,Salaried,43313.53909016836,16849.625873420868,134670.3462660809,180.0,1,Urban,23.16715108362317,Approved,748.168590367116,0.012435658775928893
LN05257,Male,Yes,1,Not Graduate,Salaried,45226.05003340874,15052.052618949465,148880.7671751595,180.0,0,Rural,37.480279443576336,Rejected,827.1153731953306,0.013721655738992842
LN00587,Male,No,3,Not Graduate,Salaried,43003.11261070416,12399.637498195552,163525.67377332,60.0,1,Urban,23.81138775191235,Approved,2725.427896222,0.049193007402428504
LN02535,Female,No,1,Not Graduate,Unemployed,54098.20171524187,22099.327481472374,74569.5272810145,240.0,1,Urban,34.754507314557145,Approved,310.7063636708937,0.0040776435528344125
LN00793,Male,Yes,1,Graduate,Salaried,34465.02848359381,8927.385859139154,132887.7434926604,180.0,1,Rural,39.89044276071292,Approved,738.2652416258911,0.017013693586965167
LN05921,Female,Yes,0,Graduate,Salaried,63225.99085325391,18090.54438104288,151423.44702192053,240.0,0,Urban,36.54195492537436,Rejected,630.9310292580022,0.007758951207649279
LN05051,Female,No,3,Graduate,Salaried,67023.30935254168,0.0,89805.71828135075,360.0,0,Semiurban,33.08837372185765,Rejected,249.46032855930764,0.003721993601467062
LN03645,Male,Yes,1,Not Graduate,Salaried,37719.07099676013,12072.420812275452,152161.5844822445,300.0,1,Semiurban,27.74288174695088,Approved,507.2052816074817,0.010186585361867789
LN04820,Female,Yes,1,Graduate,Salaried,56833.89043980672,5092.630812587158,85384.83125357745,180.0,1,Semiurban,33.95037156901554,Approved,474.3601736309858,0.007660048781000251
LN02045,Male,Yes,1,Graduate,Salaried,82420.61334648944,22890.7520139991,110872.93568367776,240.0,1,Urban,30.043445204414667,Approved,461.9705653486573,0.004386711384543332
LN05337,Female,Yes,3,Graduate,Salaried,43969.448197909165,7756.363681965392,60032.16593917632,240.0,0,Urban,29.17844846605841,Rejected,250.13402474656797,0.004835767978421813
LN03111,Male,Yes,3,Not Graduate,Salaried,54337.22206512466,20400.178017231407,159609.6124729348,120.0,1,Rural,33.56651734748427,Approved,1330.0801039411233,0.0177967135928659
LN01530,Male,Yes,1,Graduate,Salaried,62817.72493822408,27608.495199993096,181894.91581299625,360.0,0,Urban,35.81118231410466,Rejected,505.26365503610066,0.005587579070139184
LN03281,Female,No,1,Not Graduate,Salaried,60600.62958328165,16064.93980290092,102053.58661426918,300.0,1,Rural,25.18985129719016,Approved,340.1786220475639,0.0044371759679238
LN05402,Male,Yes,0,Graduate,Salaried,70687.29797272767,8610.149459333225,218382.56519679865,240.0,1,Urban,31.47773913299182,Approved,909.927354986661,0.011474863119222758
LN02257,Male,Yes,1,Graduate,Salaried,51584.76412637893,17290.948316463793,211436.402761446,180.0,1,Urban,41.29041679231762,Approved,1174.6466820080334,0.017054584850687782
LN03831,Male,Yes,1,Graduate,Salaried,49434.05906674042,6853.143467623298,221603.93019522817,180.0,0,Urban,36.18432664869431,Rejected,1231.1329455290454,0.021872342026190244
LN04969,Male,Yes,2,Graduate,Salaried,89055.11090252367,19747.421048398908,177257.04397552705,180.0,1,Semiurban,24.730984693067494,Approved,984.7613554195947,0.00905090476997162
LN05216,Male,No,2,Graduate,Self-Employed,65819.29460274887,26044.777038374665,160200.01905388458,120.0,0,Semiurban,26.18347576460844,Rejected,1335.0001587823715,0.014532342568024714
LN03327,Male,No,2,Graduate,Self-Employed,48214.56696421388,25745.29790229931,74908.1537685081,360.0,1,Urban,49.53414561767666,Approved,208.0782049125225,0.0028133935248269236
LN01084,Male,Yes,2,Graduate,Salaried,67638.70904463106,11910.399854020923,143735.6688615281,180.0,0,Rural,33.54866754206398,Rejected,798.5314936751561,0.010038220474506003
LN05612,Male,No,2,Graduate,Salaried,80772.12138417634,19775.88819553005,185896.56929113323,240.0,1,Semiurban,39.99957377748314,Approved,774.5690387130551,0.007703474608306781
LN05641,Male,Yes,0,Graduate,Salaried,48809.07429421062,14685.28629796316,132919.0766614842,300.0,0,Rural,46.340238477643325,Rejected,443.063588871614,0.006977999065419762
LN01832,Male,Yes,0,Graduate,Salaried,79062.7326782649,21419.47129443701,151169.25625780906,120.0,0,Urban,40.02571689305696,Rejected,1259.7438021484088,0.01253698418568371
LN03117,Male,No,0,Graduate,Salaried,44884.169996832745,22292.36949310753,125618.046325071,180.0,0,Urban,32.47473916884881,Rejected,697.8780351392834,0.010388716662664516
LN03253,Male,Yes,1,Not Graduate,Salaried,81162.366501743,1851.2133559558808,164364.82863745437,360.0,0,Urban,38.60375335793871,Rejected,456.56896843737326,0.005499931086215286
LN04290,Male,Yes,3,Graduate,Salaried,70172.16746466883,5014.296135175604,115655.9882605936,180.0,1,Urban,49.94899536188917,Approved,642.5332681144089,0.008545863674797684
LN04210,Male,Yes,0,Not Graduate,Self-Employed,54873.18643255016,11890.285335139277,221501.51944606844,240.0,0,Semiurban,42.11122032230593,Rejected,922.9229976919519,0.013823771791008115
LN03051,Male,Yes,2,Graduate,Self-Employed,45811.17995144907,3713.654856207928,196403.60033303444,60.0,1,Rural,44.659671677737855,Rejected,3273.3933388839073,0.06609599712138385
LN05321,Male,Yes,0,Graduate,Salaried,36032.157500959096,21907.00889348637,219152.86992908025,60.0,1,Urban,40.28084763811221,Approved,3652.5478321513374,0.0630410835959404
LN01593,Female,Yes,0,Graduate,Salaried,78078.6968217239,13980.13345406322,211614.1914755416,240.0,0,Urban,33.4768841447164,Rejected,881.7257978147567,0.009577851414940951
LN05803,Male,No,0,Not Graduate,Salaried,96377.9706440065,10564.78400162885,159618.44635187555,60.0,1,Semiurban,45.743094963369394,Approved,2660.3074391979258,0.02487599508740072
LN05600,Male,No,1,Not Graduate,Salaried,56235.951224543576,0.0,150105.9210508736,120.0,0,Rural,21.178652406866515,Rejected,1250.8826754239467,0.022243469669950427
LN05119,Male,Yes,2,Graduate,Salaried,76336.74022861963,24704.62636906666,177569.9171389121,240.0,0,Urban,39.86863945877776,Rejected,739.8746547454671,0.0073224925558598815
LN03922,Female,Yes,1,Not Graduate,Self-Employed,53071.46987986201,0.0,219106.89974233368,360.0,0,Semiurban,52.58458137222178,Rejected,608.630277062038,0.011468125500194276
LN04503,Male,No,1,Not Graduate,Salaried,68259.97824275595,15746.858426368855,102953.20236785572,60.0,1,Urban,42.94082420870322,Approved,1715.8867061309286,0.020425560277781196
LN00830,Male,Yes,0,Graduate,Salaried,33110.98977931446,19423.168681644853,196960.1425831024,180.0,0,Semiurban,35.84255361699454,Rejected,1094.223014350569,0.020828791140981906
LN05939,Male,No,1,Not Graduate,Salaried,104629.97822055496,31588.6969445533,168258.03162375846,120.0,1,Urban,36.22813852093535,Approved,1402.1502635313204,0.010293377628521191
LN01062,Female,No,0,Graduate,Self-Employed,82975.31400744207,7886.967730505206,173223.373486178,60.0,0,Rural,43.62466828201214,Rejected,2887.0562247696334,0.03177397892225612
LN04743,Male,Yes,0,Graduate,Self-Employed,68295.45781577582,11077.70388655976,172880.4870970186,120.0,1,Semiurban,34.9218385395401,Approved,1440.6707258084884,0.018150602734098926
LN03699,Male,Yes,0,Graduate,Salaried,55545.585984467856,107.15735559781932,99098.11640385924,60.0,0,Semiurban,26.1534871752736,Rejected,1651.635273397654,0.029677517661714337
LN00062,Male,No,1,Graduate,Self-Employed,37873.30051987944,11347.191417961152,119798.50572626144,180.0,0,Urban,33.82152809476334,Rejected,665.5472540347857,0.013521751364762665
LN03677,Male,Yes,0,Not Graduate,Salaried,56995.1402240348,30894.412835616982,102054.2954997006,360.0,0,Rural,28.387062054956843,Rejected,283.484154165835,0.0032254590482833677
LN01597,Male,No,0,Not Graduate,Self-Employed,101149.90939423398,4474.528081298897,186667.40035890904,180.0,1,Semiurban,31.871975147664585,Approved,1037.0411131050503,0.009818193004296693
LN02397,Male,Yes,0,Graduate,Self-Employed,39920.852558370025,16686.513676101957,94142.91193976936,120.0,0,Rural,31.16322281217297,Rejected,784.5242661647446,0.013859049066426902
LN01412,Female,No,0,Graduate,Salaried,69117.75544163215,12730.575338620756,178366.52384933148,300.0,1,Urban,35.12629930367899,Approved,594.5550794977717,0.007264107573482937
LN04033,Female,No,2,Graduate,Salaried,15000.0,9587.0090503776,212783.87628705503,180.0,0,Urban,25.358135110184502,Rejected,1182.1326460391947,0.04807956281372255
LN01269,Male,Yes,1,Graduate,Salaried,84721.86350420874,6657.286569320346,151693.5274717622,300.0,0,Rural,23.24595030404613,Rejected,505.6450915725407,0.005533484292266547
LN00033,Female,Yes,0,Graduate,Self-Employed,38845.78142088199,6092.511364477365,146062.35568776797,300.0,0,Rural,48.646207820367685,Rejected,486.8745189592266,0.010834290507757062
LN01726,Male,No,2,Graduate,Salaried,49280.73109771904,2144.0088594722765,178104.61310413087,300.0,1,Urban,44.27230844267202,Approved,593.6820436804362,0.011544677604099673
LN04231,Female,No,0,Graduate,Salaried,87111.45871420696,3024.676887348378,116064.79339441942,360.0,1,Urban,44.28990308134985,Approved,322.4022038733873,0.003576836323431466
LN05126,Female,No,2,Graduate,Salaried,54525.41495666478,4817.460985822714,165456.90936673988,300.0,0,Urban,34.30918821202235,Rejected,551.5230312224663,0.00929383725448322
LN00284,Female,Yes,0,Graduate,Salaried,102660.66749312534,9057.891276183334,143020.2436442124,180.0,0,Semiurban,33.67868012137643,Rejected,794.5569091345134,0.007112129961998705
LN02501,Male,Yes,1,Graduate,Self-Employed,79363.69321065722,10483.589108230532,150853.4412599863,360.0,1,Rural,34.2546691420164,Approved,419.03733683329534,0.004663884382679931
LN02982,Male,Yes,0,Graduate,Salaried,74649.84205559605,14012.791055443273,78413.51517376292,60.0,1,Semiurban,26.835564395719693,Approved,1306.8919195627154,0.014740053094588224
LN05461,Male,Yes,0,Graduate,Salaried,73192.99996164741,19375.062034730363,121067.44729397724,300.0,1,Semiurban,37.24437281773935,Approved,403.5581576465908,0.004359583088845289
LN03120,Male,No,0,Graduate,Salaried,50328.77032306926,0.0,98495.2461755255,360.0,1,Semiurban,39.96713731997789,Approved,273.5979060431264,0.005436212812012953
LN01030,Male,Yes,0,Graduate,Salaried,54852.4692515331,1358.9400618164163,175504.93656036365,300.0,1,Semiurban,33.10335985406272,Approved,585.0164552012121,0.010407432625288723
LN01553,Male,Yes,1,Graduate,Salaried,43462.3929192028,3458.366152204586,188059.61863507543,60.0,0,Rural,55.78196225681958,Rejected,3134.326977251257,0.06680043203225278
LN05016,Male,No,0,Not Graduate,Salaried,17905.009885619707,13255.560657147178,92875.90509407886,180.0,0,Semiurban,42.70371708666457,Rejected,515.9772505226604,0.016558658636063744
LN05799,Male,Yes,2,Graduate,Salaried,47012.70360772238,89.20076388526468,114700.74172505448,180.0,1,Semiurban,34.57629153512282,Approved,637.2263429169693,0.013528674719595419
LN00700,Male,Yes,0,Graduate,Unemployed,49545.539589619206,26910.906831461914,140800.5669948518,300.0,0,Semiurban,40.499387479704495,Rejected,469.3352233161727,0.006138595831819411
LN00232,Male,Yes,1,Graduate,Salaried,60911.43679807628,13159.676008009972,106973.80660093806,300.0,1,Semiurban,30.13206804806477,Approved,356.5793553364602,0.004814013747437056
LN00702,Male,Yes,3,Not Graduate,Self-Employed,45913.126189144816,0.0,99599.3388414661,300.0,0,Urban,42.74620763587479,Rejected,331.99779613822034,0.007230999578868018
LN01182,Male,Yes,0,Not Graduate,Salaried,78366.33212004625,22297.72937034196,135706.38725104398,360.0,1,Urban,38.16660818685381,Approved,376.9621868084555,0.003744754396229575
LN01472,Female,Yes,1,Graduate,Salaried,57319.65666654165,2635.217134076511,72327.19331683674,60.0,0,Urban,33.642367748521,Rejected,1205.453221947279,0.020106008828507455
LN05693,Male,No,0,Graduate,Salaried,39056.84862619471,10308.692838725376,119006.4464687724,360.0,0,Urban,33.81044301466442,Rejected,330.57346241325666,0.0066964415380345275
LN02089,Male,Yes,1,Graduate,Salaried,89049.3506894149,9790.314487689044,121916.9721537287,300.0,0,Urban,38.575081468977885,Rejected,406.38990717909564,0.0041116074852227975
LN03148,Female,Yes,0,Graduate,Salaried,57786.69262885341,9840.190106509204,225385.38496566823,360.0,1,Semiurban,22.66594625803601,Approved,626.0705137935229,0.009257716583558359
LN05165,Female,Yes,0,Graduate,Salaried,79472.44498855693,16884.535964292827,140845.46076943577,360.0,1,Urban,41.01343661912863,Approved,391.23739102621045,0.004060291087966466
LN04805,Male,Yes,1,Graduate,Salaried,28082.12062851773,8391.588032474192,92099.9096738884,180.0,1,Semiurban,40.01222806982845,Approved,511.6661648549355,0.014028355866157223
LN01623,Female,Yes,2,Graduate,Salaried,46637.11828922012,7681.426915841141,186928.30196010307,180.0,0,Rural,48.20533223530819,Rejected,1038.490566445017,0.019118526877414478
LN05712,Male,No,1,Graduate,Salaried,77134.74842940917,26407.858004524744,212019.17173027107,180.0,0,Semiurban,47.2487858997201,Rejected,1177.8842873903948,0.01137584157823912
LN04063,Male,No,0,Graduate,Salaried,66370.42009597749,32816.84786466851,49003.69130288625,60.0,0,Semiurban,39.148077924094586,Rejected,816.7281883814375,0.00823420389707161
LN02182,Female,Yes,0,Graduate,Self-Employed,56392.16636475184,14981.712411558996,140736.70425348208,360.0,1,Urban,32.400614494731336,Approved,390.9352895930058,0.00547728799801137
LN05878,Male,Yes,2,Graduate,Salaried,43651.8373117132,17991.99766088896,67482.27479227353,180.0,1,Rural,41.47069143642904,Approved,374.9015266237418,0.006081735939861111
LN03290,Male,Yes,0,Not Graduate,Salaried,88370.62690296074,8276.064156734978,113500.1664209962,300.0,1,Rural,45.27870703550712,Approved,378.3338880699873,0.00391460777313423
LN00770,Male,No,1,Not Graduate,Salaried,74155.0387091095,14679.525058362866,214897.00967675663,360.0,1,Urban,26.601067061946505,Approved,596.9361379909907,0.006719638310528459
,Female,Yes,0,Graduate,Self-Employed,5745.401188473625,0.0,77515.21847992457,24.0,1,Rural,43.0,Rejected,3229.800769996857,0.5621540888174104
,Female,Yes,1,Graduate,Self-Employed,2580.836121681995,0.0,140167.25176148134,24.0,1,Semiurban,22.0,Rejected,5840.3021567283895,2.262949633904736
,Female,No,0,Not Graduate,Salaried,3818.249672071006,0.0,142622.22644415748,24.0,1,Urban,47.0,Rejected,5942.592768506562,1.5563656855585661
,Female,No,2,Not Graduate,Self-Employed,8118.528947223795,0.0,56999.849482042315,6.0,1,Rural,23.0,Rejected,9499.97491367372,1.1701596404262773
,Female,No,0,Not Graduate,Salaried,2132.649611598665,0.0,194844.8049611839,3.0,1,Semiurban,40.0,Rejected,64948.26832039463,30.454261200323696
,Male,No,2,Graduate,Self-Employed,4410.254660260118,0.0,68305.73522671682,18.0,1,Urban,56.0,Rejected,3794.7630681509345,0.8604408045514357
,Female,No,1,Not Graduate,Self-Employed,3822.3608778806233,0.0,96756.66141341164,18.0,1,Urban,38.0,Rejected,5375.370078522868,1.4062958078158594
,Female,No,2,Not Graduate,Salaried,9751.328233611144,0.0,109272.53540027217,6.0,1,Semiurban,43.0,Rejected,18212.089233378694,1.86765215948785
,Female,Yes,0,Not Graduate,Self-Employed,7208.342600258236,0.0,108301.5934534223,24.0,1,Urban,49.0,Rejected,4512.566393892596,0.6260199666052131
,Male,No,0,Not Graduate,Self-Employed,10021.969807540398,0.0,52345.46101117909,3.0,1,Rural,31.0,Rejected,17448.487003726364,1.7410237048008619
,Male,Yes,1,Graduate,Self-Employed,3988.4240408880514,0.0,168526.33107968085,12.0,1,Urban,48.0,Rejected,14043.860923306738,3.52115541861486
,Female,Yes,2,Not Graduate,Self-Employed,10631.034258755935,0.0,99634.70372789737,18.0,1,Urban,55.0,Rejected,5535.2613182165205,0.5206700668523918
,Male,Yes,2,Not Graduate,Salaried,7912.977877077271,0.0,134186.51387715517,12.0,1,Urban,25.0,Rejected,11182.20948976293,1.413148079455162
,Male,No,1,Not Graduate,Salaried,7612.771975694963,0.0,128409.92440729911,12.0,1,Rural,52.0,Rejected,10700.827033941592,1.4056413443231661
,Female,No,0,Graduate,Salaried,8364.104112637804,0.0,134491.33579645754,18.0,1,Urban,35.0,Rejected,7471.7408775809745,0.8933103625876073
,Male,Yes,2,Not Graduate,Self-Employed,9555.511385430487,0.0,191428.03558369714,18.0,1,Semiurban,26.0,Rejected,10634.890865760952,1.1129588398561505
,Female,No,2,Not Graduate,Self-Employed,6565.345704829102,0.0,77985.50883290538,18.0,1,Rural,48.0,Rejected,4332.528268494743,0.6599086267929467
,Male,No,0,Not Graduate,Salaried,5562.9783807697495,0.0,90819.8374076953,3.0,1,Urban,23.0,Rejected,30273.279135898436,5.441919249686086
,Male,Yes,2,Not Graduate,Self-Employed,2069.521305311907,0.0,112611.65047231685,12.0,1,Rural,52.0,Rejected,9384.304206026403,4.534528918324932
,Female,Yes,1,Not Graduate,Self-Employed,7187.906217433661,0.0,110575.42565870612,3.0,1,Semiurban,22.0,Rejected,36858.47521956871,5.127845871190081
,Female,No,2,Graduate,Self-Employed,2368.8694735453278,0.0,196492.24337489792,3.0,1,Urban,21.0,Rejected,65497.41445829931,27.649228963330653
,Female,No,1,Not Graduate,Salaried,4395.618906669724,0.0,129640.18749757046,6.0,1,Rural,31.0,Rejected,21606.697916261743,4.915507548544907
,Female,Yes,1,Not Graduate,Self-Employed,5696.544560614045,0.0,159232.45229177893,3.0,1,Rural,36.0,Rejected,53077.48409725964,9.317487738836943
,Female,Yes,2,Not Graduate,Self-Employed,10353.02495589238,0.0,126229.8165111078,18.0,1,Rural,56.0,Rejected,7012.767583950434,0.6773641147227358
,Female,No,2,Not Graduate,Salaried,2165.8782892785616,0.0,171425.15692095732,12.0,1,Urban,38.0,Rejected,14285.42974341311,6.595675211358014
,Male,No,2,Graduate,Self-Employed,10377.10105907328,0.0,101159.95265753879,12.0,1,Semiurban,55.0,Rejected,8429.9960547949,0.8123652267435597
,Female,No,0,Not Graduate,Salaried,4285.500217972996,0.0,197325.25149941535,6.0,1,Semiurban,32.0,Rejected,32887.54191656922,7.6741430973779625
,Male,Yes,2,Not Graduate,Self-Employed,7582.934536070976,0.0,78306.06625120691,12.0,1,Rural,40.0,Rejected,6525.505520933909,0.8605514777811911
,Male,Yes,1,Not Graduate,Self-Employed,10870.864242651172,0.0,146304.74692314316,3.0,1,Semiurban,55.0,Rejected,48768.24897438105,4.486142765268083
,Male,No,1,Not Graduate,Self-Employed,5722.827665617431,0.0,149525.2653662084,3.0,1,Semiurban,55.0,Rejected,49841.755122069466,8.70928814116091
,Female,Yes,1,Graduate,Self-Employed,8519.612595026007,0.0,76388.78790160181,3.0,1,Rural,23.0,Rejected,25462.92930053394,2.988742623743235
,Male,Yes,1,Graduate,Self-Employed,8576.128923003434,0.0,131381.0345832349,3.0,1,Semiurban,50.0,Rejected,43793.67819441163,5.106462203121208
,Female,Yes,2,Not Graduate,Salaried,11060.98787718554,0.0,169221.69553124724,12.0,1,Urban,39.0,Rejected,14101.80796093727,1.274913969485831
,Female,No,1,Graduate,Self-Employed,7720.041992091831,0.0,56540.56576316506,3.0,1,Urban,26.0,Rejected,18846.855254388352,2.4412892149672865
,Male,Yes,1,Graduate,Salaried,5701.587002554445,0.0,192960.777053593,3.0,1,Rural,53.0,Rejected,64320.25901786433,11.281115063060048
,Male,Yes,2,Not Graduate,Self-Employed,2753.462560061282,0.0,107764.65929028878,24.0,1,Urban,51.0,Rejected,4490.1941370953655,1.6307445767468252
,Female,No,2,Not Graduate,Salaried,10442.131407263114,0.0,135509.17551340474,12.0,1,Semiurban,47.0,Rejected,11292.431292783729,1.0814297246756712
,Male,Yes,2,Not Graduate,Self-Employed,4952.9058841893875,0.0,161115.29266313068,6.0,1,Rural,49.0,Rejected,26852.548777188447,5.421574607930036
,Male,No,0,Not Graduate,Self-Employed,4965.101436477985,0.0,171517.0092018771,6.0,1,Rural,56.0,Rejected,28586.16820031285,5.7574187689890515
,Female,No,1,Not Graduate,Salaried,9982.951789667752,0.0,60641.13754998915,3.0,1,Rural,35.0,Rejected,20213.71251666305,2.0248232128681645
,Male,No,2,Graduate,Self-Employed,5755.8295263994405,0.0,115771.11845271304,6.0,1,Rural,42.0,Rejected,19295.186408785507,3.3522859425017772
,Female,Yes,1,Graduate,Self-Employed,7908.332605690108,0.0,55602.22831238216,3.0,1,Urban,53.0,Rejected,18534.076104127387,2.343613632384654
,Female,No,1,Graduate,Salaried,8228.904758190001,0.0,176303.4612517972,18.0,1,Rural,36.0,Rejected,9794.636736210956,1.1902722201836915
,Male,Yes,2,Graduate,Self-Employed,11758.520794625347,0.0,157189.2656269928,18.0,1,Semiurban,46.0,Rejected,8732.736979277377,0.7426730905871245
,Male,Yes,0,Graduate,Self-Employed,2253.507434154575,0.0,62130.94499257965,24.0,1,Semiurban,21.0,Rejected,2588.789374690819,1.1487822651279729
,Male,Yes,0,Graduate,Self-Employed,6423.522297311044,0.0,149029.6065076597,3.0,1,Rural,25.0,Rejected,49676.535502553226,7.733535154590864
,Female,Yes,0,Not Graduate,Salaried,8117.207462343523,0.0,87159.64842517363,12.0,1,Urban,34.0,Rejected,7263.304035431135,0.8948033013972201
,Female,No,0,Not Graduate,Self-Employed,2917.990658134419,0.0,96711.99640869413,3.0,1,Semiurban,46.0,Rejected,32237.332136231376,11.047784558995783
,Female,Yes,2,Not Graduate,Self-Employed,6916.158751168324,0.0,75980.28048650228,18.0,1,Semiurban,25.0,Rejected,4221.126693694571,0.6103281959775013
,Female,Yes,1,Not Graduate,Salaried,10866.803872980476,0.0,106191.89219397068,18.0,1,Urban,24.0,Rejected,5899.549566331704,0.5428964795251812
,Female,No,2,Not Graduate,Self-Employed,8158.511643899138,0.0,53976.696581243275,6.0,1,Semiurban,55.0,Rejected,8996.116096873879,1.1026663305188875
,Male,Yes,2,Graduate,Salaried,8432.882184423532,0.0,171680.62651040044,3.0,1,Semiurban,49.0,Rejected,57226.875503466814,6.786158546027265
,Female,Yes,2,Graduate,Self-Employed,2693.6130087516544,0.0,55844.469846535045,6.0,1,Urban,46.0,Rejected,9307.411641089175,3.4553633394437244
,Male,No,1,Graduate,Self-Employed,8816.136689727897,0.0,89104.17923538547,6.0,1,Urban,31.0,Rejected,14850.696539230912,1.6844902775309927
,Male,Yes,1,Graduate,Salaried,10774.720135270529,0.0,112691.90475733682,18.0,1,Rural,55.0,Rejected,6260.661375407601,0.581050950447764
,Female,No,2,Not Graduate,Self-Employed,6126.176769114265,0.0,87502.46738241569,6.0,1,Urban,32.0,Rejected,14583.744563735949,2.3805621537500126
,Male,Yes,1,Graduate,Salaried,6289.940273750183,0.0,160986.31406710617,24.0,1,Semiurban,40.0,Rejected,6707.763086129424,1.0664271510053824
,Male,No,0,Graduate,Salaried,10264.574661077417,0.0,184328.48427443008,24.0,1,Urban,27.0,Rejected,7680.353511434587,0.7482388472030873
,Male,No,0,Graduate,Salaried,11568.008851264563,0.0,136015.68321849292,18.0,1,Urban,41.0,Rejected,7556.426845471829,0.6532175884915401
,Male,No,1,Graduate,Self-Employed,9523.7452943768,0.0,67019.69030261721,3.0,1,Rural,25.0,Rejected,22339.89676753907,2.3457049802381253
,Female,No,0,Graduate,Self-Employed,3170.6701642760586,0.0,153204.50152625586,18.0,1,Rural,33.0,Rejected,8511.361195903104,2.6844044807311125
,Female,No,0,Graduate,Salaried,4225.764175710305,0.0,173279.00889355343,3.0,1,Semiurban,39.0,Rejected,57759.66963118448,13.66845550993761
,Female,Yes,2,Graduate,Salaried,7813.054172267823,0.0,105596.32206003364,24.0,1,Urban,24.0,Rejected,4399.846752501401,0.5631404384880002
,Male,No,1,Graduate,Salaried,5502.182467003136,0.0,62525.10750480031,18.0,1,Semiurban,46.0,Rejected,3473.6170836000174,0.6313162285023213
,Female,No,1,Not Graduate,Self-Employed,5302.525290190985,0.0,88052.32608097082,12.0,1,Urban,21.0,Rejected,7337.693840080901,1.3838111915571107
,Male,No,0,Graduate,Self-Employed,8810.39427096909,0.0,194325.8822711813,18.0,1,Urban,26.0,Rejected,10795.882348398962,1.2253574603320767
,Male,Yes,0,Not Graduate,Self-Employed,10021.09249026734,0.0,195481.82400614585,24.0,1,Urban,31.0,Rejected,8145.076000256077,0.812793216724296
,Female,Yes,1,Graduate,Salaried,11191.157152786594,0.0,133078.14266019812,18.0,1,Urban,34.0,Rejected,7393.230147788785,0.6606314295164618
,Female,Yes,2,Graduate,Salaried,4944.939468394299,0.0,144133.71201260953,3.0,1,Semiurban,52.0,Rejected,48044.57067086984,9.715906732114293
,Male,No,1,Not Graduate,Self-Employed,2578.638977577074,0.0,66013.40989038265,18.0,1,Semiurban,28.0,Rejected,3667.411660576814,1.422227652830551
,Male,Yes,2,Not Graduate,Salaried,5533.522280260528,0.0,89890.68874463585,6.0,1,Urban,29.0,Rejected,14981.781457439307,2.7074584141249614
,Female,Yes,0,Not Graduate,Salaried,5095.276162863278,0.0,140417.28230349478,18.0,1,Urban,26.0,Rejected,7800.960127971932,1.5310181192589571
,Female,No,1,Not Graduate,Salaried,11497.99913291924,0.0,142012.2793903685,24.0,1,Urban,25.0,Rejected,5917.17830793202,0.5146267832801359
,Female,No,2,Graduate,Salaried,2263.66974497252,0.0,166640.34256028384,3.0,1,Urban,46.0,Rejected,55546.78085342795,24.538376667707002
,Male,Yes,1,Graduate,Salaried,5808.908566310215,0.0,176317.8384703563,12.0,1,Rural,21.0,Rejected,14693.153205863026,2.529417193976601
,Male,Yes,1,Graduate,Salaried,2136.719648269973,0.0,171935.15136951162,18.0,1,Rural,57.0,Rejected,9551.952853861756,4.470381906019181
,Male,Yes,1,Graduate,Self-Employed,9261.208440718481,0.0,177447.10860161172,6.0,1,Urban,33.0,Rejected,29574.51810026862,3.19337571220611
,Female,No,2,Not Graduate,Salaried,4072.2764900805646,0.0,150755.1026608785,3.0,1,Semiurban,54.0,Rejected,50251.7008869595,12.3399530973314
,Female,Yes,1,Not Graduate,Salaried,6762.106967890142,0.0,128024.52516679901,12.0,1,Semiurban,50.0,Rejected,10668.710430566583,1.5777198558418173
,Male,Yes,2,Graduate,Salaried,9918.17839469633,0.0,70102.28426759611,3.0,1,Semiurban,22.0,Rejected,23367.428089198704,2.3560201439504516
,Female,No,1,Not Graduate,Salaried,10050.44667519362,0.0,197069.40876385669,18.0,1,Rural,54.0,Rejected,10948.300486880928,1.0893347172224075
,Female,No,2,Not Graduate,Salaried,5482.554670233003,0.0,167547.95191117146,3.0,1,Urban,25.0,Rejected,55849.31730372382,10.18673240176742
,Female,Yes,0,Not Graduate,Self-Employed,9964.717756738773,0.0,188988.14377422415,6.0,1,Urban,22.0,Rejected,31498.02396237069,3.1609549544009647
,Male,Yes,2,Graduate,Salaried,5287.516102875083,0.0,136947.49017076078,12.0,1,Rural,36.0,Rejected,11412.290847563398,2.158346305812284
,Female,Yes,2,Not Graduate,Salaried,3519.0269351229435,0.0,77282.01265987172,18.0,1,Rural,49.0,Rejected,4293.445147770651,1.220066008849873
,Female,Yes,1,Graduate,Self-Employed,2408.6861626647888,0.0,101762.39417335801,24.0,1,Urban,25.0,Rejected,4240.099757223251,1.7603371592969688
,Male,No,1,Graduate,Salaried,6607.7876803272575,0.0,184132.58943438885,6.0,1,Urban,46.0,Rejected,30688.764905731474,4.644332776777655
,Female,No,2,Graduate,Self-Employed,9994.103989090427,0.0,153167.70756441244,3.0,1,Urban,37.0,Rejected,51055.902521470816,5.108602289630315
,Male,Yes,2,Graduate,Salaried,4768.776481472038,0.0,62677.551152102285,3.0,1,Semiurban,34.0,Rejected,20892.51705070076,4.381106376420395
,Female,Yes,2,Graduate,Salaried,8182.54771530296,0.0,162120.64072006347,6.0,1,Rural,43.0,Rejected,27020.106786677246,3.302163058107731
,Female,No,2,Graduate,Salaried,7116.774421156661,0.0,66075.8017009664,18.0,1,Urban,57.0,Rejected,3670.877872275911,0.5158064110284527
,Female,No,1,Not Graduate,Salaried,3822.8387847595804,0.0,176106.49788168966,3.0,1,Urban,33.0,Rejected,58702.16596056322,15.355647796237115
,Male,Yes,1,Graduate,Self-Employed,7935.924535540486,0.0,103265.64549189572,18.0,1,Rural,42.0,Rejected,5736.980305105318,0.7229126586842718
,Female,Yes,0,Not Graduate,Self-Employed,7868.411180208791,0.0,134668.7813783962,3.0,1,Semiurban,54.0,Rejected,44889.59379279873,5.705039145095563
,Male,Yes,0,Graduate,Self-Employed,4443.531554646545,0.0,197977.28731894697,12.0,1,Urban,26.0,Rejected,16498.107276578914,3.712836754659039
,Female,No,1,Graduate,Self-Employed,5653.568196740576,0.0,177622.62767542194,18.0,1,Rural,29.0,Rejected,9867.923759745663,1.74543286935758
,Male,No,2,Not Graduate,Self-Employed,2802.337456616422,0.0,52736.37221425416,12.0,1,Rural,24.0,Rejected,4394.69768452118,1.568225723188739
,Female,Yes,1,Graduate,Self-Employed,2053.000063976054,0.0,123612.31688881767,3.0,1,Rural,31.0,Rejected,41204.10562960589,20.070192082607985
,Male,No,1,Not Graduate,Self-Employed,7716.1268946989985,0.0,175787.3838053937,12.0,1,Rural,40.0,Rejected,14648.948650449476,1.8984846737698606
,Male,No,1,Not Graduate,Self-Employed,7076.10378684455,0.0,129476.0034771675,3.0,1,Urban,31.0,Rejected,43158.6678257225,6.099213511531643
,Male,Yes,1,Not Graduate,Self-Employed,2518.235368224269,0.0,118140.19583286495,6.0,1,Urban,22.0,Rejected,19690.032638810826,7.818980261839158
,Male,Yes,2,Not Graduate,Self-Employed,2878.6811124265682,0.0,50406.63491214945,24.0,1,Rural,55.0,Rejected,2100.2764546728936,0.7295967745807306
,Female,No,1,Not Graduate,Salaried,5488.682665429953,0.0,177609.11900246821,3.0,1,Rural,29.0,Rejected,59203.03966748941,10.78638414284273
,Female,No,1,Not Graduate,Self-Employed,4050.0181005323725,0.0,59974.44010501662,12.0,1,Urban,28.0,Rejected,4997.870008751385,1.234036462230729
,Male,Yes,1,Not Graduate,Self-Employed,3636.559428657045,0.0,77960.74801822161,24.0,1,Urban,45.0,Rejected,3248.3645007592336,0.8932521424402601
,Male,Yes,2,Graduate,Salaried,8829.820634171323,0.0,143615.23162727564,12.0,1,Urban,37.0,Rejected,11967.935968939637,1.3553996694591777
,Female,No,2,Graduate,Salaried,10995.745732745685,0.0,131532.9291670983,6.0,1,Semiurban,26.0,Rejected,21922.15486118305,1.9936942335705496
,Female,No,2,Graduate,Salaried,5328.1578591248435,0.0,100235.84219856292,12.0,1,Urban,50.0,Rejected,8352.986849880244,1.5677063388005987
,Male,Yes,0,Graduate,Salaried,10938.925830509577,0.0,199653.8923885765,18.0,1,Rural,53.0,Rejected,11091.882910476472,1.0139828244872349
,Male,No,0,Not Graduate,Self-Employed,2335.324347357794,0.0,164368.80286110358,6.0,1,Urban,51.0,Rejected,27394.800476850596,11.730619135558324
,Male,Yes,0,Not Graduate,Salaried,5972.872905603673,0.0,130979.0955669255,24.0,1,Rural,56.0,Rejected,5457.462315288562,0.9137080934985978
,Female,Yes,1,Not Graduate,Self-Employed,7427.244433475962,0.0,139854.40471659898,12.0,1,Semiurban,26.0,Rejected,11654.533726383248,1.5691598453194986
,Female,No,0,Not Graduate,Self-Employed,6008.514167636398,0.0,192092.5009417723,6.0,1,Semiurban,45.0,Rejected,32015.41682362872,5.328341738141028
,Female,No,0,Not Graduate,Salaried,4560.155318536622,0.0,138944.43578882323,18.0,1,Rural,48.0,Rejected,7719.13532160129,1.6927351772918124
,Male,No,0,Not Graduate,Salaried,5744.35369720422,0.0,113619.6006953579,3.0,1,Rural,21.0,Rejected,37873.200231785966,6.5931177340662135
,Female,No,2,Graduate,Salaried,3132.3804584075524,0.0,74828.07655509346,24.0,1,Rural,35.0,Rejected,3117.836523128894,0.9953569065214855
,Female,No,0,Graduate,Self-Employed,5990.027038701302,0.0,161637.44777649333,3.0,1,Urban,55.0,Rejected,53879.14925883111,8.99480902351864
,Female,No,2,Not Graduate,Salaried,5981.686935909433,0.0,179527.72109194356,3.0,1,Semiurban,47.0,Rejected,59842.57369731452,10.004297172101381
,Male,Yes,1,Not Graduate,Salaried,6522.179408898071,0.0,54927.000536515756,12.0,1,Rural,26.0,Rejected,4577.250044709646,0.7017976289436321
,Male,Yes,1,Not Graduate,Self-Employed,2338.79160246595,0.0,104359.08486749497,3.0,1,Semiurban,41.0,Rejected,34786.36162249832,14.873647393731298
,Male,No,1,Not Graduate,Self-Employed,7151.736824068126,0.0,194160.54762041828,3.0,1,Rural,27.0,Rejected,64720.18254013942,9.04957552721083
,Male,Yes,2,Not Graduate,Self-Employed,7953.850173200438,0.0,109597.71731863968,24.0,1,Semiurban,49.0,Rejected,4566.57155494332,0.5741334643604232
,Female,Yes,1,Graduate,Self-Employed,8249.759870510523,0.0,120810.04176649988,24.0,1,Rural,22.0,Rejected,5033.751740270828,0.6101694860555162
,Female,Yes,2,Not Graduate,Salaried,7344.558912572469,0.0,110114.4591312989,3.0,1,Urban,23.0,Rejected,36704.81971043297,4.997552630097553
,Female,No,0,Graduate,Salaried,5733.09316279753,0.0,184614.56147283263,6.0,1,Semiurban,27.0,Rejected,30769.093578805438,5.366927190101913
,Male,No,2,Graduate,Salaried,8589.239419101514,0.0,132758.38928890094,3.0,1,Urban,28.0,Rejected,44252.79642963365,5.1521204929065485
,Male,No,2,Not Graduate,Self-Employed,3041.085819845738,0.0,76781.69930815004,24.0,1,Rural,52.0,Rejected,3199.2374711729185,1.052004994497394
,Female,Yes,1,Graduate,Self-Employed,11887.287819554427,0.0,194397.3977832312,12.0,1,Rural,38.0,Rejected,16199.783148602599,1.3627821076187097
,Male,No,0,Graduate,Self-Employed,2130.01923510736,0.0,81182.9382719041,3.0,1,Urban,38.0,Rejected,27060.979423968034,12.704570446099314
,Male,No,0,Graduate,Self-Employed,4594.234334312925,0.0,104458.88182926358,6.0,1,Semiurban,29.0,Rejected,17409.8136382106,3.7894918655285057
,Female,No,0,Not Graduate,Self-Employed,6361.2652913531665,0.0,82926.5787621438,18.0,1,Rural,43.0,Rejected,4607.032153452434,0.7242320422817058
,Male,No,0,Not Graduate,Self-Employed,9998.552559473152,0.0,122716.75507255192,3.0,1,Urban,45.0,Rejected,40905.58502418397,4.091150672146828
,Female,No,0,Graduate,Self-Employed,4578.876854332023,0.0,113255.59018299228,12.0,1,Rural,57.0,Rejected,9437.96584858269,2.0611966971012854
,Female,No,0,Not Graduate,Self-Employed,2183.9067654746673,0.0,129449.25179826216,6.0,1,Urban,57.0,Rejected,21574.875299710362,9.879027640184589
,Male,No,1,Graduate,Salaried,8514.203883518643,0.0,158030.38724484437,6.0,1,Urban,51.0,Rejected,26338.39787414073,3.0934657232163825
,Male,Yes,2,Not Graduate,Salaried,10738.900775625152,0.0,140077.529065048,6.0,1,Urban,46.0,Rejected,23346.254844174666,2.173989250106987
,Female,No,1,Graduate,Salaried,6043.815015490243,0.0,113305.40893260311,6.0,1,Rural,56.0,Rejected,18884.23482210052,3.1245553965004547
,Male,No,2,Not Graduate,Self-Employed,4886.937367706999,0.0,157856.88577763684,18.0,1,Rural,44.0,Rejected,8769.826987646491,1.7945445844257635
